,insee,TauxProprietaires,TauxChomage,NiveauVieMedian
29274,75056,33.0976286,12.07012766,26808
29983,77001,89.80477223,7.37704918,28596
29984,77002,82.44514107,8.505154639,22877
29985,77003,83.44827586,5.238095238,25606
29986,77004,90.08264463,4.794520548,26871
29987,77005,78.76106195,7.572254335,26606
29988,77006,88.02083333,8.742004264,26092
29989,77007,94.48275862,5,26387
29990,77008,74.31693989,17.75147929,20220
29991,77009,83.92857143,6.557377049,23276
29992,77010,82.74853801,6.2,24513
29993,77011,86.5,12.09964413,23312
29994,77012,80,8.387096774,22286
29995,77013,83.09859155,5.789473684,26010
29996,77014,54.78325859,12.67971857,22117
29997,77015,83.33333333,6.25,
29998,77016,49.51048951,17.53325272,18757
29999,77018,57.49819755,8.709827667,24604
30000,77019,91.53846154,7.741935484,24289
30001,77020,87.04453441,10.6741573,23647
30002,77021,82.75862069,8,22236
30003,77022,79.52468007,12.1559633,32887
30004,77023,81.13207547,9.459459459,22607
30005,77024,78.67647059,9.090909091,22022
30006,77025,87.22222222,8.591885442,21617
30007,77026,79.31034483,11.2244898,20371
30008,77027,83.21342926,14.66666667,20783
30009,77029,75,9.821428571,23640
30010,77030,86.71096346,9.536082474,22011
30011,77031,85.97560976,8.133971292,25976
30012,77032,77.99442897,9.237875289,20560
30013,77033,83.52941176,8.59375,22937
30014,77034,81.69491525,5.898123324,26921
30015,77035,96.3800905,13.10344828,23391
30016,77036,85.45454545,8.108108108,24337
30017,77037,80.66898349,8.081167675,30698
30018,77038,81.875,8.552631579,29418
30019,77039,84.02061856,6.289308176,29583
30020,77040,82.52496434,8.181818182,27598
30021,77041,90.4,6.338028169,25934
30022,77042,89.64374482,10.60094531,23444
30023,77043,91.42857143,11.61616162,23721
30024,77044,89.70588235,5.707762557,24474
30025,77045,89.36170213,7.8125,22691
30026,77046,78.88198758,8.021390374,23491
30027,77047,77.14285714,8.792650919,24765
30028,77048,74.47183099,10.10770505,26910
30029,77049,86.20689655,8.565310493,28086
30030,77050,82.71028037,12.95546559,22210
30031,77051,44.30769231,14.75935829,19223
30032,77052,94.35483871,10.43956044,24753
30033,77053,55.96304977,8.848267354,23296
30034,77054,88.35616438,14.64019851,23299
30035,77055,50.47619048,11.4953271,21300
30036,77056,84.93150685,6.451612903,19539
30037,77057,76.79558011,14.8,20197
30038,77058,52.29645094,10.13316012,24017
30039,77059,84.58646617,11.23595506,29208
30040,77060,85.80246914,6.824925816,24020
30041,77061,76.54958678,8.404154863,22074
30042,77062,78.53403141,6.465517241,26661
30043,77063,88.11881188,9.116409537,24806
30044,77065,89.11111111,6.563039724,28944
30045,77066,80.48780488,14.54545455,22254
30046,77067,78.26418936,8.354987008,25427
30047,77068,92.15686275,11.45833333,24811
30048,77069,75.61576355,10.5156724,25458
30049,77070,79.6641791,10.0536193,23075
30050,77071,90.69767442,11.13537118,23250
30051,77072,83.95522388,9.253731343,20168
30052,77073,89.49579832,6.498194946,24365
30053,77075,79.79591837,11.68831169,26677
30054,77076,90.87591241,10.6557377,22197
30055,77077,79.54545455,9.108910891,23681
30056,77078,86.08349901,10.47619048,23585
30057,77079,48.72468117,15.75698506,19724
30058,77080,81.48148148,12.5,23584
30059,77081,79.48717949,7.506702413,24291
30060,77082,87.61061947,8.040201005,24084
30061,77083,48.53397378,13.29470465,22058
30062,77084,88.55140187,8.609271523,24324
30063,77085,64.47574335,8.494007295,25701
30064,77086,76.77902622,11.4213198,23035
30065,77087,87.09677419,9.375,27241
30066,77088,67.19242902,12.37541528,22515
30067,77089,93.35180055,4.811715481,24636
30068,77090,88.0952381,11.40350877,22909
30069,77091,81.50684932,4.564315353,26730
30070,77093,81.39534884,12.14953271,19809
30071,77094,69.90291262,7.051282051,25651
30072,77095,81.52866242,5.838323353,25857
30073,77096,82.98479087,8.646003263,28665
30074,77097,89.42307692,6.849315068,23183
30075,77098,90.71428571,9.88372093,22745
30076,77099,72.58842444,14.23974256,20066
30077,77100,77.18120805,9.775784753,24542
30078,77101,88.01020408,12.3046875,21769
30079,77102,91.54929577,6.818181818,22414
30080,77103,91.76470588,7.258064516,27950
30081,77104,94.58333333,3.32326284,27269
30082,77106,88.56382979,9.514563107,23743
30083,77107,71.60883281,8.323281062,23763
30084,77108,56.19471098,12.01672686,21726
30085,77109,74.20382166,11.65311653,20755
30086,77110,91.12903226,8.275862069,25009
30087,77111,51.8089725,8.477905074,25535
30088,77112,95.04950495,10.43478261,25400
30089,77113,87.26287263,10.01727116,21810
30090,77114,75.74728261,6.801470588,26485
30091,77115,88.4057971,7.438016529,23673
30092,77116,83.1792976,10,22832
30093,77117,85.19637462,11.63310962,20508
30094,77118,62.70032051,9.857819905,25529
30095,77119,95,8.955223881,23338
30096,77120,74.64788732,13.08139535,21638
30097,77121,66.18589744,10.6010929,24759
30098,77122,64.84777518,11.72351069,23122
30099,77123,71.72995781,7.852193995,24092
30100,77124,88.78648233,7.37913486,30735
30101,77125,92.62589928,8.823529412,27019
30102,77126,83.6867863,10.71428571,24165
30103,77127,66.81415929,7.753479125,24346
30104,77128,79.26675095,8.611111111,26248
30105,77129,80.45454545,13.22033898,21983
30106,77130,83.01886792,10.31390135,24182
30107,77131,39.12013035,15.30401417,19075
30108,77132,86.45833333,6.779661017,28050
30109,77133,86.31578947,9.708737864,25630
30110,77134,86.66666667,8,22615
30111,77135,90.52224371,9.433962264,23593
30112,77136,82.5,6.481481481,30045
30113,77137,90.52631579,11.40350877,19382
30114,77138,94.58128079,8.771929825,25001
30115,77139,81.47985989,10.65217391,25339
30116,77140,84.25925926,7.5,23204
30117,77141,77.33333333,7.44500846,25503
30118,77142,65.3418124,7.628955353,25008
30119,77143,67.31001206,11.50159744,23297
30120,77144,90,5.339805825,25065
30121,77145,85.65400844,6.077348066,25552
30122,77146,83.66013072,8.943965517,28234
30123,77147,88.72727273,4.833836858,23153
30124,77148,75,12.47443763,21855
30125,77150,83.125,5.485232068,26357
30126,77151,86.50793651,3.726708075,24267
30127,77152,44.91306786,17.05286388,18694
30128,77153,66.88154714,8.845780795,24386
30129,77154,89.82188295,5.714285714,24536
30130,77155,75.95927956,9.760479042,24542
30131,77156,87.70949721,10.67708333,22599
30132,77157,80.17241379,13.75,24730
30133,77158,91.95402299,6.18556701,22264
30134,77159,73.37883959,12.17998448,20870
30135,77161,84.6875,8.571428571,26496
30136,77162,87.37113402,10.90225564,22644
30137,77163,80.73394495,8.571428571,23404
30138,77164,83.49056604,7.046979866,22713
30139,77165,86.58008658,10.3030303,25582
30140,77167,75.96899225,8.823529412,22950
30141,77168,76.30385488,10.70686071,20835
30142,77169,65.85540444,11.62954279,24516
30143,77171,75.88964414,9.47503201,25230
30144,77172,87.84530387,11.18721461,22556
30145,77173,79.93527508,7.831325301,23501
30146,77174,89.69957082,12.14057508,20734
30147,77175,88.02030457,6.294706724,27638
30148,77176,75.88516746,8.903133903,23091
30149,77177,68,8.950086059,27741
30150,77178,88.42105263,7.053941909,23835
30151,77179,82.68398268,6.578947368,27901
30152,77180,87.69931663,6.701030928,31806
30153,77181,58.09806835,7.716870676,26681
30154,77182,40.19753086,21.39011258,17400
30155,77183,49.31042826,15.48740416,19403
30156,77184,91.25,7.624633431,23289
30157,77185,75.46468401,5.05952381,30929
30158,77186,39.57780138,10.11661808,24607
30159,77187,86.66666667,18.83561644,19135
30160,77188,86.12440191,7.438016529,28593
30161,77190,86,7.826086957,24975
30162,77191,89.16256158,7.00525394,24687
30163,77192,63.7357631,10.04319654,22696
30164,77193,87.67123288,6.015037594,28674
30165,77194,69.07894737,11.62790698,22899
30166,77195,90.99526066,4.467353952,26125
30167,77196,79.12772586,5.222437137,26656
30168,77197,82.25806452,8.333333333,24105
30169,77198,87.91208791,7.407407407,24741
30170,77199,76.68067227,11.44578313,23293
30171,77200,86.36363636,3.389830508,26389
30172,77201,82.46268657,7.692307692,23706
30173,77202,76.22149837,7.398568019,23468
30174,77203,91.6988417,11.14503817,27911
30175,77204,87.17948718,12.64367816,22135
30176,77205,89.79591837,8.139534884,27178
30177,77206,71.18644068,5.479452055,22821
30178,77207,91.93548387,4.705882353,20941
30179,77208,76.70979667,14.77272727,20950
30180,77209,85.64920273,8.49220104,31856
30181,77210,84.33962264,11.14675221,22796
30182,77211,84.79381443,10.96153846,22209
30183,77212,93.33333333,17.39130435,25522
30184,77214,89.64497041,6.313131313,33300
30185,77215,55.71677307,11.9047619,21868
30186,77216,82.13058419,8.625730994,24223
30187,77217,84.07367281,6.823529412,26754
30188,77218,60.41666667,22.4137931,19745
30189,77219,88,7.256778309,26036
30190,77220,87.5,5.925925926,24027
30191,77221,85.52036199,6.598984772,31144
30192,77222,66.93386774,8.621529469,22231
30193,77223,81.48148148,8.620689655,22721
30194,77224,82.8125,1.863354037,24447
30195,77225,70.90909091,9.74025974,22531
30196,77226,81.8707811,8.203445447,27347
30197,77227,87.74703557,12.77955272,21087
30198,77228,93.26923077,11.81102362,22591
30199,77229,86.5448505,7.667031763,25608
30200,77230,88.57142857,7.865168539,22108
30201,77231,77.93594306,11.03117506,21656
30202,77232,85.44303797,7.4,26178
30203,77233,82.29665072,9.120521173,23610
30204,77234,81.25,7.556675063,26387
30205,77235,84.03361345,12.65060241,23586
30206,77236,89.54248366,5.421686747,22824
30207,77237,72.98387097,9.119496855,25461
30208,77238,67.71117166,13.08641975,21263
30209,77239,76.91001698,8.706467662,21925
30210,77240,79.10271547,12.23175966,20758
30211,77241,77.58112094,7.919847328,24217
30212,77242,79.31034483,7.114624506,21541
30213,77243,54.79180436,12.06977398,22993
30214,77244,81.78807947,7.386363636,24402
30215,77245,91.76470588,9.166666667,22513
30216,77246,85.71428571,12.17712177,21228
30217,77247,90.90909091,10.30042918,21760
30218,77248,92.09486166,6.486486486,29608
30219,77249,85.60687433,7.660937955,29156
30220,77250,85.48387097,6.976744186,22957
30221,77251,49.00342259,10.67987889,21922
30222,77252,81.29032258,7.692307692,25778
30223,77253,88.46153846,2.857142857,25850
30224,77254,86.04166667,5.196629213,26468
30225,77255,82.84424379,7.785087719,26218
30226,77256,87.14285714,13.75,22448
30227,77257,35.85034014,21.17008444,17876
30228,77258,46.65441176,15.38461538,20743
30229,77259,56.52173913,14.14296695,23653
30230,77260,55.66433566,18.73479319,18686
30231,77261,66.91449814,14.26229508,21489
30232,77262,88.94472362,13.88888889,20942
30233,77263,93.10344828,5.217391304,21186
30234,77264,83.15412186,7.934508816,24747
30235,77265,74.88372093,16.07445008,21617
30236,77266,84.19243986,7.177033493,24673
30237,77267,93.79310345,7.01754386,23019
30238,77268,59.40688776,7.754509641,27287
30239,77269,84.88372093,10.96045198,25694
30240,77270,88.21656051,6.046511628,26436
30241,77271,83.63636364,6.557377049,22103
30242,77272,84.85804416,10.29411765,22820
30243,77273,75,7.894736842,24737
30244,77274,67.37967914,7.835820896,24489
30245,77275,91.83673469,10.9375,21840
30246,77276,69.13705584,12.37337192,24304
30247,77277,86.88811189,8.711217184,25367
30248,77278,87.07482993,10,24379
30249,77279,80.69620253,8.015267176,22146
30250,77280,83.73626374,8.275862069,24054
30251,77281,83.75634518,9.36329588,24907
30252,77282,69.64285714,14.12429379,23069
30253,77283,85.7605178,12.05073996,21935
30254,77284,38.02352726,15.98623853,18259
30255,77285,39.37250868,19.36808847,17643
30256,77286,92.39130435,7.258064516,24987
30257,77287,88.83248731,16.59574468,19598
30258,77288,30.67834707,16.57628159,17467
30259,77289,87.91946309,7.647058824,21090
30260,77290,90.94488189,9.705882353,23814
30261,77291,44.69453376,12.9787234,21310
30262,77292,68.69158879,5.573248408,26842
30263,77293,86.53846154,11.0864745,22505
30264,77294,60.80110497,13.5118498,21333
30265,77295,88.48368522,4.005722461,27698
30266,77296,57.68809636,12.74768824,20508
30267,77297,89.20863309,11.17021277,23158
30268,77298,84.45595855,11.11111111,22256
30269,77300,83.96624473,8.544303797,25588
30270,77301,90.29850746,13.25301205,21080
30271,77302,87.96068796,9.39167556,24398
30272,77303,80.64516129,16.94915254,21830
30273,77304,84.61538462,0,
30274,77305,25.81370733,25.01624431,14933
30275,77306,74.62686567,6.270627063,26721
30276,77307,46.76891616,8.152335614,24837
30277,77308,87.59124088,10.07556675,25905
30278,77309,85.92471358,9.634551495,24065
30279,77310,93.27731092,12.83783784,22217
30280,77311,87.28323699,8.196721311,23268
30281,77312,81.00172712,6.932931424,26051
30282,77313,90.32258065,10.63829787,24553
30283,77314,88.63636364,14.4,21761
30284,77315,81.63841808,7.982261641,25462
30285,77316,72.57878555,9.813476727,24997
30286,77317,52.32815965,14.32823129,20873
30287,77318,75.79737336,7.64075067,24904
30288,77319,80.64516129,10.97560976,21772
30289,77320,81.94097049,11.40483384,22891
30290,77321,84.17508418,14.95601173,20529
30291,77322,79.6579658,7.841945289,25258
30292,77323,68.359375,8.571428571,24581
30293,77325,82.71604938,10.52631579,21746
30294,77326,63.0859375,11.30434783,22249
30295,77327,45.8455237,16.42105263,18193
30296,77328,86.20689655,6.806282723,25396
30297,77329,80.17241379,4.126213592,25082
30298,77330,74.69982847,8.91535243,23738
30299,77331,76.79558011,13.92405063,21182
30300,77332,79.59183673,5.128205128,25138
30301,77333,37.59915389,18.03580392,17677
30302,77335,84.7960445,6.370494552,24268
30303,77336,75.6232687,7.614213198,25692
30304,77337,51.39931741,15.5509517,19287
30305,77338,90.27777778,8.626198083,22959
30306,77339,90.20887728,8.041958042,30512
30307,77340,93.03278689,8.75,25900
30308,77341,82.1192053,12.5,21458
30309,77342,68.75,10,23959
30310,77343,70.46979866,11.29707113,22939
30311,77344,86.59217877,8.515815085,24958
30312,77345,82.12927757,10.4519774,22855
30313,77347,88.39285714,8.625336927,21839
30314,77348,88,13.44537815,27558
30315,77349,77.53036437,10.02027223,24813
30316,77350,68.31695967,9.858340561,25322
30317,77352,86.8852459,7.396149949,26054
30318,77353,89.01098901,9.547738693,25357
30319,77354,92.62536873,5.984555985,23844
30320,77355,92.10526316,10,24010
30321,77356,90.90909091,12,
30322,77357,81.21019108,7.75862069,23288
30323,77358,82.91457286,8.865248227,25320
30324,77359,81.40703518,7.983193277,27158
30325,77360,88.57142857,9.047619048,24488
30326,77361,80.55555556,6.976744186,24369
30327,77363,80.2238806,6.605019815,25463
30328,77364,75.53191489,7.647058824,22720
30329,77365,87.43718593,4.682274247,25747
30330,77366,86.40776699,6.707317073,25045
30331,77367,65.97938144,12.5,21943
30332,77368,73.19587629,9.489051095,20819
30333,77369,86.69354839,9.116809117,26481
30334,77370,88.4180791,8,23984
30335,77371,83.01544051,9.866666667,23270
30336,77372,57.81637717,10.32289628,25351
30337,77373,60.67719152,10.40712468,22717
30338,77374,82.33918129,6.349206349,26130
30339,77376,68.53146853,8.558558559,25265
30340,77377,78.37514934,7.996702391,25632
30341,77378,72.31270358,8.600682594,25129
30342,77379,30.66938624,22.33560091,17595
30343,77380,72.64957265,13.52941176,25176
30344,77381,94.80519481,7.8125,24334
30345,77382,80.45040728,7.199424046,25534
30346,77383,85.3820598,8.037825059,23672
30347,77384,74.38752784,8.477237049,24180
30348,77385,59.9537037,14.59353575,19521
30349,77386,84.09893993,10.08902077,27187
30350,77387,84.53038674,10.20408163,23430
30351,77388,89.64401294,9.911894273,23748
30352,77389,59.17044718,11.51586369,26455
30353,77390,63.75308642,11.68527655,22202
30354,77391,91.09947644,10.34482759,22133
30355,77392,89.0459364,5.394190871,26029
30356,77393,60.85814361,9.05141202,23319
30357,77394,74.2014742,11.9047619,27006
30358,77395,94.54545455,6.25,23441
30359,77396,82.92682927,9.433962264,23950
30360,77397,77.41496599,13.07420495,21524
30361,77398,85.5704698,12.05882353,21505
30362,77400,88.33087149,7.719714964,24853
30363,77401,90.03690037,10.6442577,23866
30364,77402,88.05970149,6.951871658,20280
30365,77403,80.25477707,11.56069364,22807
30366,77404,83.21479374,12.52955083,20726
30367,77405,84.48043185,11.41692151,23129
30368,77406,92.67605634,10.59063136,24226
30369,77407,64.30490262,9.64924442,23451
30370,77408,86.82634731,6.12244898,27062
30371,77409,73.8625363,13.4155744,21211
30372,77410,85.11450382,9.004739336,25611
30373,77411,95.02762431,8.389261745,22751
30374,77412,87.05035971,7.103825137,25455
30375,77413,81.73784978,7.054388799,25630
30376,77414,83.70786517,16.2055336,21755
30377,77415,78.85835095,10.22900763,23804
30378,77416,92.04545455,8.571428571,24816
30379,77417,72.52747253,10.60606061,23753
30380,77418,80.65395095,11.80555556,21310
30381,77419,74.11504425,11.40776699,22576
30382,77420,80.04322767,9.186746988,24674
30383,77421,90.56603774,7.594936709,21813
30384,77423,91.76029963,10.97560976,22097
30385,77424,91.50943396,7.692307692,20920
30386,77425,84.96732026,11.11111111,30911
30387,77426,86,4.14507772,26963
30388,77427,86.12440191,6.358381503,25467
30389,77428,97.02970297,5.473684211,25664
30390,77429,94.08866995,8.148148148,23837
30391,77430,89.39469735,9.00729464,24892
30392,77431,79.02588855,12.62095078,22457
30393,77432,82.63157895,10.6918239,22920
30394,77433,88.97243108,8.042635659,24237
30395,77434,87.57763975,8.641975309,22985
30396,77435,93.54120267,6.432748538,30182
30397,77436,88.85714286,9.635974304,23943
30398,77437,69.56521739,10.31468531,23084
30399,77438,69.18103448,10.88629239,24996
30400,77439,90.14084507,9.018036072,22904
30401,77440,81.31067961,11.05263158,23073
30402,77441,73.77622378,9.247311828,30710
30403,77442,80,8.067375887,27854
30404,77443,97.6744186,6.467661692,24790
30405,77444,86.44067797,12.85714286,21813
30406,77445,59.30905879,14.67438302,20248
30407,77446,89.91935484,8.650519031,22415
30408,77447,80.70652174,7.209062822,31227
30409,77448,78.26086957,15.625,23401
30410,77449,39.77613978,10.52020886,23639
30411,77450,86.53198653,7.637655417,27958
30412,77451,84.7107438,9.240924092,23705
30413,77452,75,11.11111111,
30414,77453,89.06976744,7.221350078,25786
30415,77454,92.25806452,10.72961373,22834
30416,77455,88.32020997,9.716981132,25457
30417,77456,90.9375,10.15625,22287
30418,77457,84.17849899,6.485671192,24161
30419,77458,59.20810313,20.49044057,19043
30420,77459,75.71428571,9.662576687,20735
30421,77460,80.14705882,7.446808511,23567
30422,77461,89.56521739,7.333333333,23175
30423,77462,57.09876543,7.860262009,22428
30424,77463,83.47222222,7.559926245,27098
30425,77464,59.62701613,10.2320888,23538
30426,77465,85.13011152,8.743169399,23672
30427,77466,89.87341772,8.737864078,26689
30428,77467,89.58333333,15.83333333,21503
30429,77468,45.67114094,13.24387398,19509
30430,77469,84.61538462,9.984399376,24249
30431,77470,56.21921182,11.98600175,23347
30432,77471,88.38709677,11.96172249,24399
30433,77472,89.01098901,9.829059829,22043
30434,77473,85.34031414,3.982300885,25549
30435,77474,75.28957529,7.37704918,23634
30436,77475,75.67020738,10.07311129,24065
30437,77476,76.59574468,5.426356589,24106
30438,77477,89.42857143,10.4368932,25202
30439,77478,72.84263959,12.75797373,22288
30440,77479,58.52861035,11.27713117,24047
30441,77480,73.75415282,12.47165533,22153
30442,77481,82.60869565,12.8440367,23408
30443,77482,61.33144476,16.87458963,19836
30444,77483,79.03225806,10.24590164,24084
30445,77484,87.77777778,3.731343284,24551
30446,77485,90.67524116,9.971509972,26051
30447,77486,80.81761006,11.57024793,23155
30448,77487,71.24405167,8.932461874,25173
30449,77489,94.11764706,14.70588235,23430
30450,77490,78.98550725,10.91370558,21474
30451,77492,79.72972973,12.53561254,22242
30452,77493,64.45578231,10.65332549,22830
30453,77494,87.25099602,10.57401813,24157
30454,77495,76.80318956,10.71826281,24095
30455,77496,97.18309859,7.446808511,23756
30456,77498,86.36363636,5,23508
30457,77500,91.47727273,9.302325581,22022
30458,77501,90,8.554572271,25310
30459,77504,92,6.427221172,23603
30460,77505,90.51094891,9.589041096,25377
30461,77506,85.96491228,8.648648649,23756
30462,77507,82.7027027,11.16504854,19828
30463,77508,74.07912688,9.309623431,25898
30464,77509,86.25,10.81871345,22991
30465,77510,70.98976109,7.178217822,27679
30466,77511,49.60629921,10.8401084,21332
30467,77512,81.99566161,14.92537313,20432
30468,77513,57.30569948,10.1509434,23119
30469,77514,56.68481549,12.25527394,20835
30470,77515,86.93877551,8.333333333,24732
30471,77516,93.06930693,7.614213198,24187
30472,77517,85.90704648,7.988450433,25751
30473,77518,79.26829268,5.93220339,29864
30474,77519,73.96313364,14.28571429,19697
30475,77520,90.40247678,8.059701493,26394
30476,77521,85.75342466,8.713272543,25313
30477,77522,91.73553719,13.38028169,20489
30478,77523,89.65517241,7.272727273,22081
30479,77524,88.5,12.17712177,22728
30480,77525,80.74074074,11.57407407,25123
30481,77526,73.73737374,5.202312139,24443
30482,77527,91.1627907,10.28037383,24597
30483,77528,91.76755448,5.871559633,26696
30484,77529,87.99313894,8.355091384,26591
30485,77530,90.16393443,11.19402985,23693
30486,77531,76.9123783,11.33757962,21013
30487,77532,53.57142857,5.128205128,
30488,77533,89.73843058,8.857615894,28307
30489,77534,86.2295082,6.23655914,25294
30490,78003,82.52427184,7.546115148,24864
30491,78005,39.64700308,13.35507837,21431
30492,78006,90.25974026,7.65171504,27306
30493,78007,84.67532468,7.37527115,38599
30494,78009,88.28828829,10.65088757,23660
30495,78010,91.18942731,7.454545455,33469
30496,78013,86.22754491,6.140350877,28186
30497,78015,70.42520881,8.828996283,27557
30498,78020,82.55813953,6.790123457,28102
30499,78029,51.33007023,13.6559325,20832
30500,78030,81.03864734,5.760869565,30030
30501,78031,84.82490272,7.384615385,27853
30502,78033,88.15789474,8.376068376,27524
30503,78034,94.58689459,5.773195876,30357
30504,78036,86.66666667,6.986899563,32926
30505,78043,80.6984127,7.242848448,35650
30506,78048,88.80597015,4.427083333,28476
30507,78049,90.95315024,6.509695291,31854
30508,78050,88.74458874,8.305647841,34769
30509,78053,88,5.288461538,30737
30510,78057,85.40540541,9.425785482,24102
30511,78062,78.58336118,6.517259145,27884
30512,78068,87.7245509,10.61320755,24258
30513,78070,78.68852459,3.289473684,26892
30514,78071,91.11111111,4.87012987,24913
30515,78072,89.56521739,7.096774194,30345
30516,78073,61.58240997,7.292506044,25497
30517,78076,81.65137615,12.5,26109
30518,78077,78.37837838,8.831168831,25017
30519,78082,72.83950617,11.40939597,24047
30520,78084,86.00823045,5.325443787,28390
30521,78087,79.50713359,7.407407407,28218
30522,78089,46.28937533,14.88616462,19959
30523,78090,76.12456747,10.73080481,26103
30524,78092,63.61358575,9.530418691,30528
30525,78096,80.75117371,8.064516129,30123
30526,78104,79.77941176,9.705882353,26672
30527,78107,80.15665796,7.865168539,25335
30528,78108,74.4014733,8.268330733,28471
30529,78113,83.01158301,7.180851064,25593
30530,78117,66.54072208,7.027406887,33116
30531,78118,67.13164778,12.77705346,22078
30532,78120,87.10601719,7.374301676,30346
30533,78123,37.76714514,14.4966443,20035
30534,78124,64.90245971,9.106152457,29277
30535,78125,90.03021148,8.495145631,33338
30536,78126,53.61310857,9.775756949,27949
30537,78128,84.6749226,6.010928962,31847
30538,78133,62.05376818,10.62745098,31110
30539,78138,42.07730894,19.55364455,17594
30540,78140,92.12765957,7.5,31657
30541,78143,84.55598456,6.789250354,34954
30542,78146,59.79653646,8.548460885,30498
30543,78147,90.75144509,9.210526316,25795
30544,78152,85.73573574,7.525510204,38571
30545,78158,59.18700292,7.978905554,31483
30546,78160,64.44826106,6.528081692,30295
30547,78162,81.46341463,12.14574899,32643
30548,78163,84.09090909,8.522727273,26952
30549,78164,69.83606557,9.382716049,32815
30550,78165,66.33580316,10.31938199,23903
30551,78168,50.46296296,11.91634241,22116
30552,78171,87.13968958,8.631921824,28468
30553,78172,63.16804801,8.877330372,24430
30554,78185,90.12345679,9.356725146,30735
30555,78188,90.06622517,9.90990991,24563
30556,78189,85.69078947,6.944444444,34105
30557,78190,68.31560722,6.400701447,37318
30558,78192,81.40589569,9.380234506,24263
30559,78193,77.77777778,8.076923077,32817
30560,78194,78.02197802,10.20408163,30899
30561,78196,81.81818182,10.06289308,35643
30562,78202,82.21153846,7.5,24444
30563,78206,68.70415648,9.496944053,24831
30564,78208,62.80165369,9.939056504,24134
30565,78209,86.76470588,6.338028169,28775
30566,78217,69.13912375,9.028683181,24454
30567,78220,69.28466077,8.340834083,26897
30568,78224,83.41597796,8.270676692,38836
30569,78227,82.75862069,9.62962963,28036
30570,78230,86.08695652,6.730769231,27173
30571,78231,86.20689655,9.523809524,27112
30572,78233,89.6749522,9.069585614,39018
30573,78234,93.33333333,7.692307692,25909
30574,78236,88.10572687,8.282208589,29179
30575,78237,96.61016949,9.090909091,24705
30576,78238,72.75449102,9.741881765,24759
30577,78239,67.53246753,11.29343629,23128
30578,78242,54.55002514,11.73741917,24243
30579,78245,96.45390071,6.179775281,29272
30580,78246,84.49612403,8.253358925,26183
30581,78255,70.70524412,13.0859375,21295
30582,78261,76.64233577,8.635097493,27481
30583,78262,80.35320088,7.284768212,28397
30584,78263,90.46087889,5.71192053,29591
30585,78264,79.16666667,4.166666667,
30586,78265,80.14403292,6.010016694,28128
30587,78267,73.07274701,10.03411029,23203
30588,78269,80.93220339,7.382550336,29740
30589,78276,86.18181818,10.90909091,23354
30590,78278,85.18518519,7.509881423,29539
30591,78281,88.03418803,5.705705706,27172
30592,78283,89.65517241,8,25894
30593,78285,90,5.054151625,28836
30594,78289,81.25,7.729468599,34423
30595,78290,83.90804598,8.950086059,24205
30596,78291,77.50865052,7.155963303,24968
30597,78296,84.03361345,7.8125,25836
30598,78297,39.10222222,10.18083532,23318
30599,78299,73.91304348,8.928571429,24472
30600,78300,90.18404908,5.882352941,30398
30601,78302,80.51948052,5.063291139,28902
30602,78305,80,9.322033898,34929
30603,78307,86.30136986,4.739336493,28501
30604,78310,46.10742305,11.53427639,22201
30605,78311,63.6660094,9.479597871,27514
30606,78314,83.00068823,8.890925756,23177
30607,78317,86.92579505,6.947890819,26389
30608,78320,79.92125984,10.36585366,24302
30609,78321,82.37288136,6.992481203,31233
30610,78322,61.42949131,9.023005677,33588
30611,78324,92.01877934,11.67315175,25853
30612,78325,86.66666667,5.78778135,27716
30613,78327,76.29678267,10.71055381,23947
30614,78329,90.63545151,6.699751861,27403
30615,78334,92.38095238,6.135770235,31539
30616,78335,52.1274848,17.482785,18741
30617,78337,83.87942333,10.06289308,23506
30618,78343,78.38827839,6.285714286,37659
30619,78344,93.22033898,7.142857143,25632
30620,78346,84.77876106,8.058124174,25538
30621,78349,89.10891089,7.5,32166
30622,78350,66.14060258,10.1762554,34509
30623,78354,70.65321806,10.74476338,22769
30624,78356,60.6557377,9.444086714,26286
30625,78358,58.56799616,7.949097882,34035
30626,78361,29.30112373,22.69214919,15640
30627,78362,46.30915638,16.99753192,19001
30628,78364,85.3820598,7.785888078,29904
30629,78366,78,4,30581
30630,78367,83.70656371,6.719367589,36737
30631,78368,87.75193798,6.738544474,32273
30632,78372,71.45856663,8.276689324,29443
30633,78380,71.54648132,10.2062975,27882
30634,78381,78.87323944,5.803571429,25664
30635,78382,69.9881376,7.653985507,27422
30636,78383,68.01368128,9.354769098,25204
30637,78384,84.98168498,8.682634731,35352
30638,78385,96.1038961,8.333333333,23952
30639,78389,84.56973294,8.026315789,32708
30640,78391,85.88957055,10.52631579,23117
30641,78396,66.14473127,9.015256588,32738
30642,78397,80.2437223,7.440957619,31379
30643,78398,85.58823529,7.584269663,31547
30644,78401,43.16109422,15.20635621,20358
30645,78402,77.57750541,8.636836629,25129
30646,78403,80.69498069,11.12224449,25849
30647,78404,89.79591837,3.636363636,30044
30648,78406,87.25490196,9.821428571,39244
30649,78407,92.44444444,8.650519031,26835
30650,78410,88.08290155,11.04166667,24183
30651,78413,93.19727891,9,23317
30652,78415,86.20689655,5.797101449,32444
30653,78416,94.16666667,6.145251397,27659
30654,78417,90,6.206896552,28105
30655,78418,66.79841897,9.184345764,29560
30656,78420,69.03283052,7.609594706,30281
30657,78423,60.78769585,8.155647305,28482
30658,78431,81.68168168,6.912096168,33706
30659,78437,89.27203065,7.848837209,25683
30660,78439,65.11627907,5.970149254,28898
30661,78440,42.77135838,20.81351601,16750
30662,78442,70,6.670533643,29273
30663,78443,78.83008357,4.940711462,30828
30664,78444,92.02657807,8.742004264,26753
30665,78451,85.33007335,9.756097561,25068
30666,78455,75.54900033,8.216619981,35455
30667,78460,85.30066815,7.240704501,28271
30668,78464,81.91780822,7.96812749,27507
30669,78465,85.0931677,7.85198556,27414
30670,78466,78.61945316,8.86167147,35108
30671,78470,84.05797101,10.22222222,28872
30672,78472,83.60655738,5.23255814,23568
30673,78474,88.25503356,5.986696231,24589
30674,78475,89.43661972,5.027932961,29763
30675,78478,76.25,5.797101449,26065
30676,78481,62.73742207,8.568284968,28193
30677,78484,91.03139013,6.315789474,26364
30678,78486,72.64868603,7.643126998,26726
30679,78490,56.10077392,10.53319231,23477
30680,78497,83.91420912,8.651399491,32936
30681,78498,42.73108455,12.53950954,22184
30682,78499,93.98148148,5.501618123,28876
30683,78501,76.97307335,10.75862069,22924
30684,78502,45.70097416,11.26066973,25389
30685,78505,88.53503185,8.878504673,25299
30686,78506,89.61424332,7.852193995,27835
30687,78513,71.88940092,7.983193277,27716
30688,78516,82.57142857,8.466819222,28884
30689,78517,53.20277089,9.367329163,25627
30690,78518,68.42105263,8,36081
30691,78520,87.24832215,9.119010819,28541
30692,78522,76.09254499,7.456140351,33288
30693,78528,65.74585635,13.54166667,21641
30694,78530,90.34482759,9.473684211,25225
30695,78531,78.113879,12.65560166,21455
30696,78536,79.85611511,5.853658537,25378
30697,78537,74.59150327,8.382403879,27475
30698,78545,40.15382575,9.637934581,23878
30699,78548,79.08163265,4.724409449,35335
30700,78550,93.14868805,5.585392052,32642
30701,78551,47.20998532,9.869827084,30567
30702,78557,84.98583569,7.543103448,26820
30703,78558,84.42622951,8.947368421,24161
30704,78559,81.25,7.657657658,25408
30705,78561,77.10843373,3.913043478,36311
30706,78562,73.32155477,6.77466863,28251
30707,78564,80.89430894,7.26744186,26933
30708,78565,89.51612903,11.76470588,29312
30709,78567,81.61209068,8.431372549,26091
30710,78569,86.26865672,9.933774834,27880
30711,78571,85.30054645,7.253626813,42008
30712,78575,72.87409361,8.580949736,32875
30713,78576,82.73026316,7.291666667,31387
30714,78586,56.35329832,12.90118165,22752
30715,78588,67.42857143,6.679764244,27602
30716,78590,90.45454545,12.5,30739
30717,78591,78.60411899,9.497206704,25741
30718,78597,83.76068376,9.04109589,27459
30719,78601,83.68,7.281553398,27501
30720,78605,88.42105263,7.014028056,27875
30721,78606,80,0,
30722,78608,76.08695652,8.219178082,
30723,78609,95.10869565,6.165703276,27426
30724,78615,70.03484321,9.62962963,27544
30725,78616,69.13793103,7.262569832,27232
30726,78618,91.9047619,6.95970696,26265
30727,78620,70.91836735,6.697819315,32816
30728,78621,26.63000089,18.0087267,16546
30729,78623,80.05540166,6.423982869,27898
30730,78624,74.39719421,10.79024728,26825
30731,78638,73.76788553,10.3950104,26672
30732,78640,39.53654553,7.523097228,26540
30733,78642,60.13534781,9.989553408,26233
30734,78643,62.99167384,12.9328773,26441
30735,78644,24.9873032,15.27093596,17509
30736,78646,44.0711034,8.313229285,30713
30737,78647,88.75739645,8.808290155,27842
30738,78650,68.70054778,7.209855803,39265
30739,78653,73.1884058,12.76595745,32775
30740,78655,87.36842105,9.366391185,32827
30741,78668,88.1147541,11.52647975,25935
30742,78672,73.8277512,8.496459808,35960
30743,78674,74.06576981,6.67644901,26701
30744,78677,88.88888889,9.87654321,26428
30745,78681,89.89169675,6.684491979,27802
30746,78683,86.88827331,6.114839672,30786
30747,78686,63.37884951,6.69705026,33254
30748,78688,70.97500563,6.544181977,33333
34340,91001,89.71962617,10.25641026,24419
34341,91016,64.53634085,12.17348448,20424
34342,91017,88.68940754,6.506024096,27222
34343,91021,40.09631491,12.05400193,20401
34344,91022,94.33962264,9.87654321,23372
34345,91027,44.37626282,9.381844731,20835
34346,91035,83.45323741,9.547738693,23177
34347,91037,80.95238095,3.825136612,26285
34348,91038,78.14313346,8.972267537,27864
34349,91041,78.69822485,5.83501006,27099
34350,91044,73.40619308,7.900386432,26944
34351,91045,65.59463987,9.548521017,23990
34352,91047,76.44927536,6.886657102,25268
34353,91064,66.79327184,8.347245409,32078
34354,91067,93.47826087,10.76923077,21550
34355,91069,74.01129944,10.29411765,22828
34356,91075,82.14285714,2.702702703,
34357,91079,94.19642857,5.734767025,27990
34358,91080,86.47540984,6.078147612,24319
34359,91081,81.92307692,6.478873239,25374
34360,91085,76.3671875,6.348400203,25522
34361,91086,81.83406114,8.44763771,25445
34362,91093,92.64069264,4.761904762,34924
34363,91095,81.60095579,6.160714286,26457
34364,91097,70.74853398,9.854515509,22542
34365,91098,81.16883117,6.355932203,25784
34366,91099,83.79705401,7.745504841,25483
34367,91100,89.61538462,5.846153846,25686
34368,91103,46.73333333,13.84716348,22050
34369,91105,73.87057387,8.974975938,24933
34370,91106,88.10483871,9.538950715,26160
34371,91109,89.97772829,7.666666667,24534
34372,91111,76.59894658,6.591549296,28084
34373,91112,91.37931034,3.174603175,25837
34374,91114,64.74340665,9.330957395,24956
34375,91115,70.82405345,7.723342939,26691
34376,91121,83.88888889,14.22594142,24052
34377,91122,71.18371719,8.049014897,31769
34378,91129,84.56273764,6.336753168,25577
34379,91130,83.18584071,9.814814815,25723
34380,91131,89.47368421,9.615384615,24762
34381,91132,77.15517241,9.253246753,25673
34382,91135,81.63493841,7.598039216,25567
34383,91136,69.98972251,9.077809798,23459
34384,91137,93.12977099,4.210526316,24141
34385,91145,80,20.58823529,
34386,91148,82.69230769,8.333333333,30553
34387,91156,85.71428571,6.704438149,27220
34388,91159,71.17834395,8.03080308,25807
34389,91161,60.26554013,10.90047393,21713
34390,91174,38.82880249,12.81955356,17055
34391,91175,76.60208644,7.467911319,24738
34392,91179,64.24815983,9.494702526,24354
34393,91180,79.47019868,3.804347826,30804
34394,91184,95.28301887,11.60714286,25895
34395,91186,82.45614035,7.395498392,29354
34396,91191,70.3622393,9.777389786,23814
34397,91195,83.85269122,9.952606635,26258
34398,91198,88.71794872,6.922126082,26387
34399,91200,44.33034739,13.3984375,21457
34400,91201,57.80250591,11.35648995,23915
34401,91204,79.67741935,9.523809524,27871
34402,91207,54.49709865,13.19985169,21462
34403,91215,45.82185491,17.87234043,17173
34404,91216,68.23474616,10.37306642,26763
34405,91223,44.78269577,16.46552452,18557
34406,91225,71.66788055,7.537361923,31441
34407,91226,72.73054755,8.355091384,25033
34408,91228,42.6024324,18.3111661,17107
34409,91232,63.91554702,9.985022466,24272
34410,91235,29.83779706,13.16717019,18300
34411,91240,70.19230769,7.936507937,26967
34412,91243,80.15873016,7.249070632,27441
34413,91244,78.47222222,8.385093168,24793
34414,91247,96.23655914,3.745318352,25164
34415,91248,90,5.128205128,22626
34416,91249,79.25824176,6.968641115,27584
34417,91272,67.45860331,7.863010776,33295
34418,91273,90.54054054,5.866666667,23585
34419,91274,75.75757576,6.896551724,31081
34420,91275,71.14427861,6.848249027,29234
34421,91284,91.07551487,6.52173913,25029
34422,91286,32.14167858,23.81473684,13026
34423,91292,87.75510204,6.633906634,27841
34424,91293,85.26912181,11.71548117,25631
34425,91294,86.21794872,9.852216749,25069
34426,91312,69.81037924,6.969003537,29272
34427,91315,86.24901497,7.548256986,25771
34428,91318,82.07663782,7.206317868,27590
34429,91319,81.30081301,6.52173913,28821
34430,91326,45.02998596,11.8675466,22478
34431,91330,79.12962096,6.370996128,26545
34432,91332,80.14842301,6.385869565,28162
34433,91333,81.40262993,9.336188437,25615
34434,91338,70.49360146,6.921675774,28123
34435,91339,73.79364457,8.776896942,24779
34436,91340,65.68627451,8.522575474,24257
34437,91345,52.19045423,12.29279195,21876
34438,91347,82.15158924,7.663316583,26904
34439,91359,81.74311927,8.883994126,23078
34440,91363,71.50111076,8.50591716,27095
34441,91374,92.68292683,5.833333333,25045
34442,91376,72.43166824,7.037457435,26427
34443,91377,40.68946293,11.14552253,22511
34444,91378,90.29126214,7.246376812,27146
34445,91386,65.80667963,9.635159882,25987
34446,91390,81.173063,8.676654182,22922
34447,91393,93.48837209,9.061488673,23620
34448,91399,75.34246575,18.55670103,21949
34449,91405,70.92511013,8.851674641,24768
34450,91408,88.64970646,8.474576271,27111
34451,91411,83.4965035,5.345211581,32523
34452,91412,91.42857143,9.641873278,25690
34453,91414,83.43949045,7.317073171,23502
34454,91421,60.92126406,10.93667313,23356
34455,91425,60.69745523,7.836672584,24892
34456,91432,68.17839669,10.28051328,24277
34457,91433,85.27177089,6.916996047,25974
34458,91434,65.26740187,12.91124713,23062
34459,91435,83.85650224,7.482993197,33083
34460,91441,78.46153846,7.2,26382
34461,91457,79.13760304,8.158158158,26938
34462,91458,75.7118928,6.607073455,27933
34463,91461,78.97310513,6.459525756,25627
34464,91463,85.4368932,7.9002079,25534
34465,91468,77.54532775,9.099350046,24059
34466,91469,86.47887324,7.510729614,26755
34467,91471,59.5542775,8.283947436,30417
34468,91473,81.57894737,10.08403361,26248
34469,91477,51.71780393,8.482272807,26366
34470,91479,62.33766234,10.37762238,23994
34471,91482,82.14285714,3.558718861,28278
34472,91494,76.91798942,7.174666007,27278
34473,91495,90.09009009,10.81081081,23659
34474,91507,86.4,7.142857143,23928
34475,91508,81.08108108,6.993006993,26765
34476,91511,76.79180887,8.220415537,21200
34477,91514,59.6544158,13.08973173,22396
34478,91519,94.11764706,8.24742268,26980
34479,91521,54.38298633,15.94846735,18962
34480,91525,87.25274725,7.246376812,26993
34481,91526,91.66666667,5.660377358,27462
34482,91533,77.06293706,10.33707865,22986
34483,91534,71.51767152,5.050505051,32046
34484,91538,73.94366197,7.449856734,36170
34485,91540,69.81317601,9.96031746,24783
34486,91544,88.55721393,9.125475285,26011
34487,91546,87.09677419,5.928853755,27964
34488,91547,91.93548387,10.83032491,23190
34489,91549,59.22514224,12.99032094,22370
34490,91552,64.0329875,11.48261368,22407
34491,91553,77.18365991,9.419889503,28164
34492,91556,89.17197452,7.042253521,27202
34493,91560,70.44025157,4.608294931,27206
34494,91568,92.42424242,5.589307412,31027
34495,91570,54.80547812,12.78832415,22099
34496,91573,63.8076351,9.617050771,24178
34497,91577,82.06195099,9.843806756,25966
34498,91578,88.28125,11.33333333,31279
34499,91579,80.01686341,5.988023952,26801
34500,91581,91.90751445,8.225108225,30066
34501,91587,71.31967604,8.671988389,25192
34502,91589,64.54112038,11.61479232,24013
34503,91593,89.70814132,6.034482759,26773
34504,91599,75.61403509,7.606973059,26191
34505,91600,70.0403497,8.594229589,29380
34506,91602,65.54054054,15.67567568,26232
34507,91613,94.18604651,11.11111111,23058
34508,91617,70.57057057,8.044856168,25455
34509,91619,86.40776699,6.870229008,29070
34510,91629,91.06382979,7.718120805,25118
34511,91630,88.69565217,7.972972973,28781
34512,91631,81.89066059,8.333333333,29494
34513,91634,75.98343685,5.379746835,26944
34514,91635,82.55372946,7.802197802,34940
34515,91639,90.625,8.505747126,24242
34516,91645,69.68703916,7.294292068,33933
34517,91648,73.39847991,6.021341463,26579
34518,91649,64.67847158,8.36076366,25242
34519,91654,85.60311284,7.926829268,26660
34520,91657,48.5122119,15.07159507,19649
34521,91659,72.53807107,9.437453738,23605
34522,91661,60.97942755,7.496251874,27629
34523,91662,90.78014184,8.146067416,28795
34524,91665,72.85921626,9.366031829,25432
34525,91666,73.37078652,7.488299532,26378
34526,91667,77.61887737,8.866155158,28717
34527,91671,90.30837004,5.865102639,26899
34528,91679,74.4,7.317073171,31538
34529,91685,69.19220056,9.275618375,26228
34530,91687,50.31690699,14.92476617,20520
34531,91689,66.28462273,7.948899929,27131
34532,91691,71.49693561,8.984838958,25746
34533,91692,36.73317767,15.74215437,18296
34534,92002,58.90037487,9.393049276,29100
34535,92004,42.18865533,11.44517322,24371
34536,92007,24.10250212,16.41446399,18738
34537,92009,52.22045995,10.01427697,28760
34538,92012,43.74326059,9.831897814,31777
34539,92014,50.30843798,9.750320734,31039
34540,92019,41.54157044,11.77164865,24150
34541,92020,46.36676077,9.322536046,27542
34542,92022,53.35227273,7.849056604,29561
34543,92023,50.45489522,10.84588031,26163
34544,92024,29.22941951,14.4077961,18789
34545,92025,47.47995252,14.0299404,21639
34546,92026,42.04783452,8.91659752,29389
34547,92032,42.56198347,10.91821973,24923
34548,92033,58.41938046,9.26343257,33549
34549,92035,48.83597079,8.995072048,29454
34550,92036,20.35648299,20.40407718,16716
34551,92040,39.59721,8.483412322,30422
34552,92044,36.65561407,10.03988209,30931
34553,92046,27.72396238,12.23898984,23087
34554,92047,65.75757576,8.430609598,40190
34555,92048,52.86067092,9.884138674,28076
34556,92049,40.80994354,9.818102918,27477
34557,92050,26.3264027,15.83531611,19502
34558,92051,49.75719736,9.442028986,43849
34559,92060,43.94994134,7.887603306,27545
34560,92062,38.22024901,10.6540502,26976
34561,92063,51.87244975,9.359344163,30197
34562,92064,51.30987444,8.719661849,36616
34563,92071,48.93244662,8.931219345,33503
34564,92072,53.27159251,10.60541734,30755
34565,92073,37.96723472,10.12309319,28371
34566,92075,43.6899084,9.908599917,27857
34567,92076,71.28911858,8.148148148,38694
34568,92077,54.42541778,9.430604982,35338
34569,92078,24.08742927,18.83416017,16843
34570,93001,22.11859384,23.41663394,13241
34571,93005,48.1472578,19.55993449,17211
34572,93006,35.04484151,18.09603109,16583
34573,93007,41.21068069,21.85027863,15804
34574,93008,26.97534511,24.1931297,14452
34575,93010,42.7361831,22.50833944,15978
34576,93013,40.60634621,18.9008856,16325
34577,93014,35.62541657,22.25950783,13204
34578,93015,84.30735931,8.906711693,25472
34579,93027,25.74071591,25.96860219,13399
34580,93029,45.39200177,20.03680836,16846
34581,93030,14.24691358,21.12341772,15584
34582,93031,34.99680102,17.80185759,15844
34583,93032,58.58157878,13.75123756,21113
34584,93033,75.60553633,7.260435038,27681
34585,93039,24.08616188,22.85104111,15772
34586,93045,38.92008235,14.68377945,22546
34587,93046,57.39048568,12.69546657,20447
34588,93047,62.14778771,14.64962539,18621
34589,93048,36.29972565,17.66897747,18428
34590,93049,60.12380416,11.43737539,24036
34591,93050,43.97499461,13.44687195,19199
34592,93051,51.20939622,13.77210274,20826
34593,93053,35.9438605,19.27816473,16395
34594,93055,32.28955533,17.6215127,16851
34595,93057,56.08568647,13.24068548,20357
34596,93059,36.14530777,21.77345885,14527
34597,93061,25.59990206,17.80245849,19257
34598,93062,55.85835258,12.04478015,26564
34599,93063,34.86247264,19.41551376,17681
34600,93064,46.46579805,13.95764454,19947
34601,93066,22.95328294,23.32087171,14622
34602,93070,22.62824408,17.61072217,17329
34603,93071,48.91767211,20.5673136,15784
34604,93072,30.3742838,21.42978051,14598
34605,93073,57.97716402,15.65176581,20010
34606,93074,59.59484346,13.08279175,22389
34607,93077,51.71040871,12.12610069,21782
34608,93078,57.64775514,20.6102719,17933
34609,93079,24.85549133,24.83801296,14801
34610,94001,65.14188903,11.46867511,22216
34611,94002,30.08730357,15.49697641,19695
34612,94003,30.19387755,14.16583052,21500
34613,94004,41.63562753,15.82872573,19780
34614,94011,25.3783293,17.85888672,17688
34615,94015,69.60083408,8.156288156,29024
34616,94016,39.1563007,13.51238228,23126
34617,94017,45.4192263,14.68130124,19294
34618,94018,38.72652831,10.62172938,27571
34619,94019,55.06364139,14.22326833,21539
34620,94021,41.51888975,10.37539103,20925
34621,94022,41.4136494,15.44595007,19105
34622,94028,35.62251746,14.95782182,19086
34623,94033,45.63779528,14.03482989,23149
34624,94034,52.93726236,10.04212945,22226
34625,94037,22.72350503,15.22517634,19914
34626,94038,47.43510981,12.35302068,22273
34627,94041,28.64664657,16.40507142,17663
34628,94042,52.10250437,10.98744001,25527
34629,94043,27.08369136,14.15129565,21805
34630,94044,54.78817734,11.29270818,20971
34631,94046,42.36807933,10.3332878,24819
34632,94047,76.82634731,9.058614565,26257
34633,94048,78.87788779,7.39149119,30131
34634,94052,55.36887745,9.879889128,30242
34635,94053,73.93874261,7.246998285,26250
34636,94054,34.58957728,17.80572262,17754
34637,94055,86.4393545,8.819287039,26588
34638,94056,79.17917918,7.692307692,27260
34639,94058,61.42074312,9.643593857,28317
34640,94059,59.42947702,9.029390971,24326
34641,94060,68.88519135,10.89507208,23124
34642,94065,65.44021025,7.37921906,28743
34643,94067,46.7452785,9.576524337,32075
34644,94068,62.21046059,8.84109589,29213
34645,94069,40.56662516,10.39215686,25988
34646,94070,75.69099929,8.620689655,29015
34647,94071,65.92320723,10.24706359,25654
34648,94073,52.07701762,12.24831046,22431
34649,94074,26.8525741,21.24531565,16117
34650,94075,78.77064717,7.964787256,25707
34651,94076,38.88090609,14.89268984,19468
34652,94077,55.92929045,12.57824726,20539
34653,94078,35.42019177,17.83842516,15594
34654,94079,52.51512532,10.12142907,21288
34655,94080,48.44394601,9.411596175,31451
34656,94081,36.92671138,17.53891573,17943
34657,95002,80.71428571,8.747855918,27455
34658,95008,74.92537313,8.114035088,24988
34659,95011,86.2745098,12.75510204,24378
34660,95012,89.02439024,12.5,23322
34661,95014,64.86784141,9.934318555,28199
34662,95018,44.66300884,18.43720271,17595
34663,95019,71.54158215,16.19433198,18983
34664,95023,82.74509804,8.943089431,27684
34665,95024,80.1980198,9.032258065,26054
34666,95026,83.08128544,7.931801334,26130
34667,95028,85.81196581,6.087936866,26927
34668,95039,77.81271838,9.629421673,26918
34669,95040,80.2359882,8.520179372,27683
34670,95042,80.46272494,6.972301815,27955
34671,95046,67.85714286,4.819277108,27448
34672,95051,74.15793943,11.26115264,26122
34673,95052,53.17775571,13.33051206,20168
34674,95054,79.76190476,8.510638298,27053
34675,95055,83.43195266,7.727272727,26899
34676,95056,84.52830189,8.445642408,25860
34677,95058,71.34703196,10.49723757,22193
34678,95059,79.10447761,6.818181818,26981
34679,95060,65.06800286,10.78896013,24794
34680,95061,93.97590361,6.435643564,29256
34681,95063,43.84170743,15.83304588,19037
34682,95074,86.06271777,10.34482759,30206
34683,95078,80.20679468,12.04690832,27120
34684,95088,68.4754522,17.46031746,21597
34685,95091,63.66574331,11.51779718,23841
34686,95094,62.5,11.03896104,22422
34687,95101,74.20382166,10.04273504,22850
34688,95102,85.52631579,7.25388601,29026
34689,95110,74.15730337,5.434782609,28613
34690,95116,67.64705882,12.39707228,21511
34691,95119,84.55284553,10.65088757,23148
34692,95120,79.8053528,10.11235955,26380
34693,95127,33.15345833,16.43074948,18555
34694,95134,70.34482759,11.04536489,24682
34695,95139,91.8699187,9.523809524,24817
34696,95141,13.33333333,9.090909091,
34697,95142,71.24352332,8.409506399,23365
34698,95144,43.47826087,4.87804878,
34699,95149,88.04433888,7.475490196,27019
34700,95150,75.64102564,12.08053691,23185
34701,95151,82.90598291,10.6918239,28689
34702,95154,65.13761468,7.228915663,23307
34703,95157,60.81081081,16.94915254,23766
34704,95166,88.125,5.098039216,26812
34705,95169,78.18181818,7.725321888,24966
34706,95170,80,10.82089552,25566
34707,95176,66.47429732,9.976285878,26053
34708,95177,83.91038697,6.725146199,24397
34709,95181,76.2295082,6.369426752,27051
34710,95183,60.96877502,8.934993084,24937
34711,95197,60.39270992,9.757151499,22731
34712,95199,66.38790608,9.885589407,23817
34713,95203,66.10857935,10.6601066,24812
34714,95205,63.38276836,10.64220183,23629
34715,95210,54.0766022,10.99099099,28985
34716,95211,78.65429234,6.23853211,27234
34717,95212,48.93617021,8.196721311,
34718,95213,90.51383399,6.18556701,28474
34719,95214,42.30769231,6.451612903,
34720,95218,60.35222052,11.22484588,22617
34721,95219,51.30838836,11.05867437,22755
34722,95229,64.52448821,11.19402985,23645
34723,95241,81.29713424,7.289527721,24534
34724,95250,74.60770328,10.63605729,21960
34725,95252,58.77023516,12.7579938,22052
34726,95253,90.27027027,8.846153846,29610
34727,95254,90.25641026,6.129032258,26578
34728,95256,78.76254181,7.573047108,26012
34729,95257,80.57784912,9.304310713,28876
34730,95258,85.16129032,6.52173913,30294
34731,95268,35.34163332,20.11576626,14182
34732,95270,82.72727273,5.395683453,24831
34733,95271,85.78431373,6.620209059,28010
34734,95277,42.5793908,17.34627832,17626
34735,95280,53.62776025,18.21385776,16800
34736,95282,81.53846154,4.494382022,26407
34737,95287,76.02739726,10.62176166,27221
34738,95288,67.50798722,10.98578841,23951
34739,95295,71.23287671,9.183673469,27777
34740,95298,86.06965174,5.395683453,27974
34741,95301,87.78625954,13.19444444,23185
34742,95303,88.50574713,8.035714286,26266
34743,95304,94.59459459,6.349206349,33695
34744,95306,69.92205841,9.527418021,25147
34745,95308,85.77777778,6.727828746,26625
34746,95309,81.81818182,5.357142857,23982
34747,95313,57.51729159,9.681905093,26526
34748,95316,87,5.691056911,28001
34749,95323,66.32058288,11.79436724,22989
34750,95328,72.22222222,5.698005698,26337
34751,95331,70.58823529,2.105263158,27445
34752,95341,78,6.486486486,29237
34753,95348,84.3902439,7.508532423,27579
34754,95351,61.69582773,11.76816135,21284
34755,95352,62.96101159,9.661620659,25551
34756,95353,84.59119497,6.28115653,25853
34757,95355,52.49776985,14.56622635,21340
34758,95365,71.16104869,8.356545961,27267
34759,95369,76.46090535,8.398576512,29717
34760,95370,65.04854369,10.82474227,24397
34761,95371,79.83909134,9.710094307,25027
34762,95379,92.30769231,3.260869565,31040
34763,95387,80.76923077,8.571428571,
34764,95388,74.7029703,9.325469959,24427
34765,95392,77.11567351,8.174386921,25710
34766,95394,67.67591814,9.33651172,23944
34767,95395,89.34169279,7.2265625,26526
34768,95409,73.283859,6.967741935,26267
34769,95422,81.92771084,13.19796954,28753
34770,95424,55.29163739,14.08619314,19983
34771,95426,76.23931624,6.770098731,30751
34772,95427,57.02378532,14.59267275,19056
34773,95428,57.70276393,10.97976357,26411
34774,95429,93.82716049,10.40723982,24424
34775,95430,78.84333821,8.193779904,27291
34776,95436,88.75432526,7.722513089,26076
34777,95438,75,7.352941176,24159
34778,95445,86.29032258,6.148867314,27591
34779,95446,81.99737188,9.385113269,28691
34780,95447,67.07317073,8.333333333,25286
34781,95450,47.84276127,8.018018018,30203
34782,95452,83.93939394,6.812652068,26509
34783,95456,74.90494297,9.295774648,25708
34784,95459,84.79087452,8.648648649,25201
34785,95462,79.52755906,7.051282051,24677
34786,95476,69.03693476,11.73096976,24034
34787,95480,80.5890874,9.097395648,26099
34788,95483,75.37688442,10.13986014,26168
34789,95487,43.16562298,17.820013,17750
34790,95488,54.98800137,12.55240444,21464
34791,95489,84.6743295,12.35294118,26431
34792,95491,77.26583813,8.661228407,26765
34793,95492,41.66666667,2.43902439,
34794,95493,83.07692308,8.196721311,26769
34795,95500,39.1693241,11.36531862,20004
34796,95504,88.79892038,8.396124865,27435
34797,95509,86.07003891,9.246954596,24496
34798,95510,78.85714286,8.970099668,25133
34799,95523,61.34020619,12.32876712,21801
34800,95527,31.57492355,9.853817001,24477
34801,95529,87.97653959,8.866995074,27458
34802,95535,86.6359447,6.41509434,26902
34803,95539,62.25800615,12.81595846,22681
34804,95541,64.59627329,17.63392857,21009
34805,95543,89.8989899,10.09174312,25381
34806,95554,86.55913978,5.957446809,26769
34807,95555,48.56620587,15.04336557,21729
34808,95563,70.07759457,11.20321202,26155
34809,95566,66.49537513,9.643128322,23882
34810,95572,48.32,12.3525557,19633
34811,95574,76.41369048,9.939845317,28926
34812,95580,89.55223881,7.078853047,34466
34813,95582,55.14975845,13.31216775,22188
34814,95584,87.45098039,9.467455621,28639
34815,95585,32.54310345,22.31088414,15074
34816,95592,81.78438662,8.219178082,27126
34817,95594,79.51807229,8.938547486,27147
34818,95598,57.15438408,11.85361973,23743
34819,95604,57.1774682,11.4379085,21811
34820,95607,64.61154326,10.68335695,23320
34821,95610,83.18584071,5.369127517,27762
34822,95611,6.666666667,12.5,
34823,95612,69.90654206,13.56238698,20863
34824,95625,84.35643564,6.980273141,26347
34825,95627,91.32231405,6.707317073,28930
34826,95628,83.6935167,9.728867624,27654
34827,95633,70.58823529,12,
34828,95637,66.43134486,11.86797753,22894
34829,95641,62.44635193,9.923664122,24984
34830,95651,74.27821522,8.564231738,23407
34831,95652,75.65632458,9.880952381,25400
34832,95656,83.13953488,11.50442478,26161
34833,95658,80.88235294,10.52631579,27436
34834,95660,88.23529412,8.232445521,27794
34835,95675,74.14965986,7.126436782,27120
34836,95676,82.77511962,8.139534884,26249
34837,95678,87.74928775,8.495145631,29746
34838,95680,35.77054066,21.85263158,14903
34839,95682,72.22222222,11.88118812,26166
34840,95690,84.93150685,4.371584699,29516
34953,75101,33.51351351,10.88736446,32697
34954,75102,34.33637371,10.78336196,30567
34955,75103,33.70630066,10.69774038,31333
34956,75104,33.98355326,10.55800104,31007
34957,75105,34.24749985,9.7437994,33169
34958,75106,39.66931158,10.13773222,39063
34959,75107,38.16176731,9.563433702,42466
34960,75108,36.39868466,9.082795191,40540
34961,75109,38.41813253,9.918066935,33258
34962,75110,35.95376926,12.14414677,25618
34963,75111,34.56564789,11.9643361,26810
34964,75112,30.19165879,10.67485607,27110
34965,75113,26.96524789,12.85623544,23751
34966,75114,31.36217834,11.79860993,27288
34967,75115,31.38565076,9.906765479,30448
34968,75116,44.82006149,10.2265551,38387
34969,75117,35.12156686,11.52048656,30282
34970,75118,33.52664532,13.34967349,21542
34971,75119,28.31602761,16.68762109,19611
34972,75120,27.55395388,14.99906472,21017
