,CODGEO,LIBGEO,TauxProprietaires,TauxChomage,NiveauVieMedian,MacronExpIns,MacronExpVote
0,75056,Paris,33.0976286,12.07012766,26808,"72,76","92,7"
1,77001,Achères-la-Forêt,89.80477223,7.37704918,28596,"69,53","88,89"
2,77002,Amillis,82.44514107,8.505154639,22877,"70,77","88,35"
3,77003,Amponville,83.44827586,5.238095238,25606,"72,4","88,14"
4,77004,Andrezel,90.08264463,4.794520548,26871,"74,8","94,92"
5,77005,Annet-sur-Marne,78.76106195,7.572254335,26606,"69,46","86,89"
6,77006,Arbonne-la-Forêt,88.02083333,8.742004264,26092,"64,47","87,04"
7,77007,Argentières,94.48275862,5,26387,"74,3","89,03"
8,77008,Armentières-en-Brie,74.31693989,17.75147929,20220,"60,7","89,22"
9,77009,Arville,83.92857143,6.557377049,23276,"77,67","93,02"
10,77010,Aubepierre-Ozouer-le-Repos,82.74853801,6.2,24513,"71,62","84,62"
11,77011,Aufferville,86.5,12.09964413,23312,"66,92","87,29"
12,77012,Augers-en-Brie,80,8.387096774,22286,"67,84","89,18"
13,77013,Aulnoy,83.09859155,5.789473684,26010,"62,01","81,97"
14,77014,Avon,54.78325859,12.67971857,22117,"66,8","89,25"
15,77015,Baby,83.33333333,6.25,,"70,97","81,48"
16,77016,Bagneaux-sur-Loing,49.51048951,17.53325272,18757,"63,68","86,82"
17,77018,Bailly-Romainvilliers,57.49819755,8.709827667,24604,"68,78","90,25"
18,77019,Balloy,91.53846154,7.741935484,24289,"72,92","86,63"
19,77020,Bannost-Villegagnon,87.04453441,10.6741573,23647,"76,01","91,13"
20,77021,Barbey,82.75862069,8,22236,"72,18","82,76"
21,77022,Barbizon,79.52468007,12.1559633,32887,"65,48","87,45"
22,77023,Barcy,81.13207547,9.459459459,22607,"67,26","83,33"
23,77024,Bassevelle,78.67647059,9.090909091,22022,"69,75","89,73"
24,77025,Bazoches-lès-Bray,87.22222222,8.591885442,21617,70,88
25,77026,Beauchery-Saint-Martin,79.31034483,11.2244898,20371,"71,38","86,03"
26,77027,Beaumont-du-Gâtinais,83.21342926,14.66666667,20783,"63,67","86,64"
27,77029,Beauvoir,75,9.821428571,23640,"74,03","87,02"
28,77030,Bellot,86.71096346,9.536082474,22011,"68,91","91,33"
29,77031,Bernay-Vilbert,85.97560976,8.133971292,25976,"70,89","86,17"
30,77032,Beton-Bazoches,77.99442897,9.237875289,20560,"61,85","85,6"
31,77033,Bezalles,83.52941176,8.59375,22937,"60,89","87,2"
32,77034,Blandy,81.69491525,5.898123324,26921,"72,84","89,21"
33,77034,Blandy,81.69491525,5.898123324,26921,"76,04","83,91"
34,77035,Blennes,96.3800905,13.10344828,23391,"71,36","86,31"
35,77036,Boisdon,85.45454545,8.108108108,24337,"69,9","84,71"
36,77037,Bois-le-Roi,80.66898349,8.081167675,30698,"69,12","89,3"
37,77038,Boissettes,81.875,8.552631579,29418,"72,7","89,45"
38,77039,Boissise-la-Bertrand,84.02061856,6.289308176,29583,"68,25","87,95"
39,77040,Boissise-le-Roi,82.52496434,8.181818182,27598,"69,82","89,62"
40,77041,Boissy-aux-Cailles,90.4,6.338028169,25934,"69,01","85,2"
41,77042,Boissy-le-Châtel,89.64374482,10.60094531,23444,"65,77","89,28"
42,77043,Boitron,91.42857143,11.61616162,23721,"63,45","85,87"
43,77044,Bombon,89.70588235,5.707762557,24474,"64,41","82,82"
44,77045,Bougligny,89.36170213,7.8125,22691,"68,16","89,49"
45,77046,Boulancourt,78.88198758,8.021390374,23491,"69,9","86,7"
46,77047,Bouleurs,77.14285714,8.792650919,24765,"66,43","89,02"
47,77048,Bourron-Marlotte,74.47183099,10.10770505,26910,"71,08","89,03"
48,77049,Boutigny,86.20689655,8.565310493,28086,"70,48","87,5"
49,77050,Bransles,82.71028037,12.95546559,22210,"73,39","88,35"
50,77051,Bray-sur-Seine,44.30769231,14.75935829,19223,"59,63","87,82"
51,77052,Bréau,94.35483871,10.43956044,24753,"62,14","85,29"
52,77053,Brie-Comte-Robert,55.96304977,8.848267354,23296,"63,96","89,16"
53,77054,La Brosse-Montceaux,88.35616438,14.64019851,23299,"64,79","89,03"
54,77055,Brou-sur-Chantereine,50.47619048,11.4953271,21300,"59,92","87,78"
55,77056,Burcy,84.93150685,6.451612903,19539,"68,97","90,91"
56,77057,Bussières,76.79558011,14.8,20197,"72,11","92,17"
57,77058,Bussy-Saint-Georges,52.29645094,10.13316012,24017,"69,95","92,13"
58,77059,Bussy-Saint-Martin,84.58646617,11.23595506,29208,"69,89","87,83"
59,77060,Buthiers,85.80246914,6.824925816,24020,"68,88","87,84"
60,77061,Cannes-Écluse,76.54958678,8.404154863,22074,,
61,77062,Carnetin,78.53403141,6.465517241,26661,"70,67","87,24"
62,77063,La Celle-sur-Morin,88.11881188,9.116409537,24806,"69,52","88,9"
63,77065,Cély,89.11111111,6.563039724,28944,"67,98","89,12"
64,77066,Cerneux,80.48780488,14.54545455,22254,"68,49","87,72"
65,77067,Cesson,78.26418936,8.354987008,25427,"69,11","88,91"
66,77068,Cessoy-en-Montois,92.15686275,11.45833333,24811,"68,18","85,71"
67,77069,Chailly-en-Bière,75.61576355,10.5156724,25458,"66,51","86,7"
68,77070,Chailly-en-Brie,79.6641791,10.0536193,23075,"69,84","88,11"
69,77071,Chaintreaux,90.69767442,11.13537118,23250,"66,85","86,08"
70,77072,Chalautre-la-Grande,83.95522388,9.253731343,20168,"63,68","87,65"
71,77073,Chalautre-la-Petite,89.49579832,6.498194946,24365,"74,38","87,7"
72,77075,Chalifert,79.79591837,11.68831169,26677,"61,27","86,16"
73,77076,Chalmaison,90.87591241,10.6557377,22197,"63,11","81,35"
74,77077,Chambry,79.54545455,9.108910891,23681,"67,21","85,37"
75,77078,Chamigny,86.08349901,10.47619048,23585,"66,89","88,27"
76,77079,Champagne-sur-Seine,48.72468117,15.75698506,19724,"65,72","90,21"
77,77080,Champcenest,81.48148148,12.5,23584,"72,6","86,18"
78,77081,Champdeuil,79.48717949,7.506702413,24291,"70,12","84,84"
79,77082,Champeaux,87.61061947,8.040201005,24084,"71,62","87,06"
80,77083,Champs-sur-Marne,48.53397378,13.29470465,22058,"66,29","89,71"
81,77084,Changis-sur-Marne,88.55140187,8.609271523,24324,"67,54","87,61"
82,77085,Chanteloup-en-Brie,64.47574335,8.494007295,25701,"69,5","90,46"
83,77086,La Chapelle-Gauthier,76.77902622,11.4213198,23035,"68,95","89,85"
84,77087,La Chapelle-Iger,87.09677419,9.375,27241,"72,09","88,57"
85,77088,La Chapelle-la-Reine,67.19242902,12.37541528,22515,"63,67","87,28"
86,77089,La Chapelle-Rablais,93.35180055,4.811715481,24636,"74,96","89,08"
87,77090,La Chapelle-Saint-Sulpice,88.0952381,11.40350877,22909,"75,52",90
88,77091,Les Chapelles-Bourbon,81.50684932,4.564315353,26730,"71,03","88,03"
89,77093,La Chapelle-Moutils,81.39534884,12.14953271,19809,"75,26","89,26"
90,77094,Charmentray,69.90291262,7.051282051,25651,"63,78","84,46"
91,77095,Charny,81.52866242,5.838323353,25857,"67,62","85,78"
92,77096,Chartrettes,82.98479087,8.646003263,28665,"70,69","88,22"
93,77097,Chartronges,89.42307692,6.849315068,23183,"68,78","87,63"
94,77098,Châteaubleau,90.71428571,9.88372093,22745,"66,43","87,85"
95,77099,Château-Landon,72.58842444,14.23974256,20066,"64,35","88,79"
96,77100,Le Châtelet-en-Brie,77.18120805,9.775784753,24542,"69,55","88,72"
97,77101,Châtenay-sur-Seine,88.01020408,12.3046875,21769,"63,94","88,35"
98,77102,Châtenoy,91.54929577,6.818181818,22414,"66,96","90,36"
99,77103,Châtillon-la-Borde,91.76470588,7.258064516,27950,"75,82","89,03"
100,77104,Châtres,94.58333333,3.32326284,27269,"69,9","88,47"
101,77106,Chauffry,88.56382979,9.514563107,23743,"64,64","85,86"
102,77107,Chaumes-en-Brie,71.60883281,8.323281062,23763,"66,17","89,16"
103,77108,Chelles,56.19471098,12.01672686,21726,"64,27","89,41"
104,77109,Chenoise-Cucharmoy,74.20382166,11.65311653,20755,,
105,77110,Chenou,91.12903226,8.275862069,25009,"66,67","83,62"
106,77111,Chessy,51.8089725,8.477905074,25535,"69,64","88,99"
107,77112,Chevrainvilliers,95.04950495,10.43478261,25400,"77,65","87,97"
108,77113,Chevru,87.26287263,10.01727116,21810,"66,71","88,64"
109,77114,Chevry-Cossigny,75.74728261,6.801470588,26485,"68,18","89,94"
110,77115,Chevry-en-Sereine,88.4057971,7.438016529,23673,"76,27","92,56"
111,77116,Choisy-en-Brie,83.1792976,10,22832,"68,81","87,92"
112,77117,Citry,85.19637462,11.63310962,20508,"69,38","90,93"
113,77118,Claye-Souilly,62.70032051,9.857819905,25529,"67,58","88,25"
114,77119,Clos-Fontaine,95,8.955223881,23338,"67,42","88,69"
115,77120,Cocherel,74.64788732,13.08139535,21638,"71,43","87,98"
116,77121,Collégien,66.18589744,10.6010929,24759,71,"90,46"
117,77122,Combs-la-Ville,64.84777518,11.72351069,23122,"63,54","89,09"
118,77123,Compans,71.72995781,7.852193995,24092,"64,09","88,32"
119,77124,Conches-sur-Gondoire,88.78648233,7.37913486,30735,"72,23","89,69"
120,77125,Condé-Sainte-Libiaire,92.62589928,8.823529412,27019,"70,69","88,03"
121,77126,Congis-sur-Thérouanne,83.6867863,10.71428571,24165,"67,91","88,08"
122,77127,Coubert,66.81415929,7.753479125,24346,"63,24","82,2"
123,77128,Couilly-Pont-aux-Dames,79.26675095,8.611111111,26248,"67,29","87,2"
124,77129,Coulombs-en-Valois,80.45454545,13.22033898,21983,"67,89","88,24"
125,77130,Coulommes,83.01886792,10.31390135,24182,"70,72","86,97"
126,77131,Coulommiers,39.12013035,15.30401417,19075,"60,6","88,86"
127,77132,Coupvray,86.45833333,6.779661017,28050,"69,29","87,35"
128,77133,Courcelles-en-Bassée,86.31578947,9.708737864,25630,"72,83","85,71"
129,77134,Courchamp,86.66666667,8,22615,"78,79","92,86"
130,77135,Courpalay,90.52224371,9.433962264,23593,"65,78","87,45"
131,77136,Courquetaine,82.5,6.481481481,30045,"57,59","75,83"
132,77137,Courtacon,90.52631579,11.40350877,19382,"75,29","90,14"
133,77138,Courtomer,94.58128079,8.771929825,25001,"66,67","85,12"
134,77139,Courtry,81.47985989,10.65217391,25339,"65,19","88,02"
135,77140,Coutençon,84.25925926,7.5,23204,"67,29","84,21"
136,77141,Coutevroult,77.33333333,7.44500846,25503,"73,26","88,83"
137,77142,Crécy-la-Chapelle,65.3418124,7.628955353,25008,"70,51","88,42"
138,77143,Crégy-lès-Meaux,67.31001206,11.50159744,23297,"67,44","88,58"
139,77144,Crèvecoeur-en-Brie,90,5.339805825,25065,"69,49","86,3"
140,77145,Crisenoy,85.65400844,6.077348066,25552,"68,6","88,94"
141,77146,Croissy-Beaubourg,83.66013072,8.943965517,28234,"72,8","88,81"
142,77147,La Croix-en-Brie,88.72727273,4.833836858,23153,"71,12","89,73"
143,77148,Crouy-sur-Ourcq,75,12.47443763,21855,"64,86","87,39"
144,77150,Cuisy,83.125,5.485232068,26357,"66,23","86,96"
145,77151,Dagny,86.50793651,3.726708075,24267,"69,42","90,32"
146,77152,Dammarie-les-Lys,44.91306786,17.05286388,18694,"59,11","89,18"
147,77153,Dammartin-en-Goële,66.88154714,8.845780795,24386,"68,13","88,14"
148,77154,Dammartin-sur-Tigeaux,89.82188295,5.714285714,24536,"75,43","91,24"
149,77155,Dampmart,75.95927956,9.760479042,24542,"66,3","87,88"
150,77156,Darvault,87.70949721,10.67708333,22599,"64,45","84,9"
151,77157,Dhuisy,80.17241379,13.75,24730,"71,82","89,27"
152,77158,Diant,91.95402299,6.18556701,22264,"63,04","83,45"
153,77159,Donnemarie-Dontilly,73.37883959,12.17998448,20870,"69,45","88,81"
154,77161,Dormelles,84.6875,8.571428571,26496,"69,88","89,46"
155,77162,Doue,87.37113402,10.90225564,22644,"70,78","90,19"
156,77163,Douy-la-Ramée,80.73394495,8.571428571,23404,"66,06","87,8"
157,77164,Échouboulains,83.49056604,7.046979866,22713,,
158,77165,Les Écrennes,86.58008658,10.3030303,25582,,
159,77167,Égligny,75.96899225,8.823529412,22950,,
160,77168,Égreville,76.30385488,10.70686071,20835,,
161,77169,Émerainville,65.85540444,11.62954279,24516,,
162,77171,Esbly,75.88964414,9.47503201,25230,"68,16","88,19"
163,77172,Esmans,87.84530387,11.18721461,22556,"68,77","87,74"
164,77173,Étrépilly,79.93527508,7.831325301,23501,,
165,77174,Everly,89.69957082,12.14057508,20734,"68,78","85,37"
166,77175,Évry-Grégy-sur-Yerre,88.02030457,6.294706724,27638,,
167,77176,Faremoutiers,75.88516746,8.903133903,23091,"61,96","86,41"
168,77177,Favières,68,8.950086059,27741,"70,11","90,59"
169,77178,Faÿ-lès-Nemours,88.42105263,7.053941909,23835,"70,94","87,99"
170,77179,Féricy,82.68398268,6.578947368,27901,"77,58","87,38"
171,77180,Férolles-Attilly,87.69931663,6.701030928,31806,"70,35","91,95"
172,77181,Ferrières-en-Brie,58.09806835,7.716870676,26681,"71,47","87,32"
173,77182,La Ferté-Gaucher,40.19753086,21.39011258,17400,"66,28","90,22"
174,77183,La Ferté-sous-Jouarre,49.31042826,15.48740416,19403,"62,62","89,7"
175,77184,Flagy,91.25,7.624633431,23289,"65,63","83,87"
176,77185,Fleury-en-Bière,75.46468401,5.05952381,30929,"73,6","88,67"
177,77186,Fontainebleau,39.57780138,10.11661808,24607,"63,67","89,13"
178,77187,Fontaine-Fourches,86.66666667,18.83561644,19135,"65,03","88,01"
179,77188,Fontaine-le-Port,86.12440191,7.438016529,28593,"72,43",90
180,77190,Fontains,86,7.826086957,24975,"66,03","82,14"
181,77191,Fontenailles,89.16256158,7.00525394,24687,"69,96","88,02"
182,77192,Fontenay-Trésigny,63.7357631,10.04319654,22696,"63,79","87,84"
183,77193,Forfry,87.67123288,6.015037594,28674,"78,14","90,51"
184,77194,Forges,69.07894737,11.62790698,22899,"71,64","89,14"
185,77195,Fouju,90.99526066,4.467353952,26125,68,"86,13"
186,77196,Fresnes-sur-Marne,79.12772586,5.222437137,26656,"72,61","87,94"
187,77197,Frétoy,82.25806452,8.333333333,24105,"72,41","88,42"
188,77198,Fromont,87.91208791,7.407407407,24741,"77,27","90,84"
189,77199,Fublaines,76.68067227,11.44578313,23293,"69,52","89,69"
190,77200,Garentreville,86.36363636,3.389830508,26389,"70,73","81,69"
191,77201,Gastins,82.46268657,7.692307692,23706,"68,89","90,51"
192,77202,La Genevraye,76.22149837,7.398568019,23468,"72,58","89,62"
193,77203,Germigny-l'Évêque,91.6988417,11.14503817,27911,,
194,77204,Germigny-sous-Coulombs,87.17948718,12.64367816,22135,"69,62","84,62"
195,77205,Gesvres-le-Chapitre,89.79591837,8.139534884,27178,"71,9","84,47"
196,77206,Giremoutiers,71.18644068,5.479452055,22821,"68,89","81,58"
197,77207,Gironville,91.93548387,4.705882353,20941,"62,88","85,57"
198,77208,Gouaix,76.70979667,14.77272727,20950,"64,69","87,5"
199,77209,Gouvernes,85.64920273,8.49220104,31856,"73,36","89,61"
200,77210,La Grande-Paroisse,84.33962264,11.14675221,22796,"68,09","86,49"
201,77211,Grandpuits-Bailly-Carrois,84.79381443,10.96153846,22209,"70,21","88,83"
202,77212,Gravon,93.33333333,17.39130435,25522,"72,67","88,62"
203,77214,Gressy,89.64497041,6.313131313,33300,"73,1","89,33"
204,77215,Gretz-Armainvilliers,55.71677307,11.9047619,21868,"65,46","88,68"
205,77216,Grez-sur-Loing,82.13058419,8.625730994,24223,"69,38","89,4"
206,77217,Grisy-Suisnes,84.07367281,6.823529412,26754,"65,14","89,05"
207,77218,Grisy-sur-Seine,60.41666667,22.4137931,19745,"65,26","86,11"
208,77219,Guérard,88,7.256778309,26036,"69,52","87,79"
209,77220,Guercheville,87.5,5.925925926,24027,"79,72","89,89"
210,77221,Guermantes,85.52036199,6.598984772,31144,"74,03","87,13"
211,77222,Guignes,66.93386774,8.621529469,22231,"65,64","88,66"
212,77223,Gurcy-le-Châtel,81.48148148,8.620689655,22721,"75,73","91,4"
213,77224,Hautefeuille,82.8125,1.863354037,24447,"70,95","87,5"
214,77225,La Haute-Maison,70.90909091,9.74025974,22531,"64,55","88,75"
215,77226,Héricy,81.8707811,8.203445447,27347,"69,73","88,49"
216,77227,Hermé,87.74703557,12.77955272,21087,"72,04","89,94"
217,77228,Hondevilliers,93.26923077,11.81102362,22591,"63,72","85,09"
218,77229,La Houssaye-en-Brie,86.5448505,7.667031763,25608,"67,58","88,24"
219,77230,Ichy,88.57142857,7.865168539,22108,"62,6","88,51"
220,77231,Isles-les-Meldeuses,77.93594306,11.03117506,21656,69,"89,24"
221,77232,Isles-lès-Villenoy,85.44303797,7.4,26178,70,"88,81"
222,77233,Iverny,82.29665072,9.120521173,23610,"71,47","88,04"
223,77234,Jablines,81.25,7.556675063,26387,"67,39","83,58"
224,77235,Jaignes,84.03361345,12.65060241,23586,"64,96","82,5"
225,77236,Jaulnes,89.54248366,5.421686747,22824,"67,73","83,77"
226,77237,Jossigny,72.98387097,9.119496855,25461,"71,14","91,25"
227,77238,Jouarre,67.71117166,13.08641975,21263,"63,8","88,51"
228,77239,Jouy-le-Châtel,76.91001698,8.706467662,21925,"69,82","87,14"
229,77240,Jouy-sur-Morin,79.10271547,12.23175966,20758,"63,1","87,76"
230,77241,Juilly,77.58112094,7.919847328,24217,"70,05","88,77"
231,77242,Jutigny,79.31034483,7.114624506,21541,"71,84","89,29"
232,77243,Lagny-sur-Marne,54.79180436,12.06977398,22993,"67,77","89,14"
233,77244,Larchant,81.78807947,7.386363636,24402,"68,34","88,62"
234,77245,Laval-en-Brie,91.76470588,9.166666667,22513,"64,39","84,01"
235,77246,Léchelle,85.71428571,12.17712177,21228,"71,18","87,38"
236,77247,Lescherolles,90.90909091,10.30042918,21760,"64,48","88,39"
237,77248,Lesches,92.09486166,6.486486486,29608,"67,96","85,78"
238,77249,Lésigny,85.60687433,7.660937955,29156,"64,27","89,06"
239,77250,Leudon-en-Brie,85.48387097,6.976744186,22957,"77,52","92,59"
240,77251,Lieusaint,49.00342259,10.67987889,21922,"65,28","87,93"
241,77252,Limoges-Fourches,81.29032258,7.692307692,25778,"67,45","88,8"
242,77253,Lissy,88.46153846,2.857142857,25850,"67,52","80,92"
243,77254,Liverdy-en-Brie,86.04166667,5.196629213,26468,"66,39","86,4"
244,77255,Livry-sur-Seine,82.84424379,7.785087719,26218,"69,19","88,92"
245,77256,Lizines,87.14285714,13.75,22448,"79,44","88,54"
246,77257,Lizy-sur-Ourcq,35.85034014,21.17008444,17876,"60,92","89,06"
247,77258,Lognes,46.65441176,15.38461538,20743,"64,04","91,32"
248,77259,Longperrier,56.52173913,14.14296695,23653,"68,25",90
249,77260,Longueville,55.66433566,18.73479319,18686,"67,33","89,59"
250,77261,Lorrez-le-Bocage-Préaux,66.91449814,14.26229508,21489,"64,78","86,63"
251,77262,Louan-Villegruis-Fontaine,88.94472362,13.88888889,20942,"72,49","90,43"
252,77263,Luisetaines,93.10344828,5.217391304,21186,"68,68","89,29"
253,77264,Lumigny-Nesles-Ormeaux,83.15412186,7.934508816,24747,"72,32","89,17"
254,77265,Luzancy,74.88372093,16.07445008,21617,"68,56","87,89"
255,77266,Machault,84.19243986,7.177033493,24673,"68,17","86,75"
256,77267,La Madeleine-sur-Loing,93.79310345,7.01754386,23019,"65,75","87,89"
257,77268,Magny-le-Hongre,59.40688776,7.754509641,27287,"71,39","89,7"
258,77269,Maincy,84.88372093,10.96045198,25694,"67,53","87,67"
259,77270,Maisoncelles-en-Brie,88.21656051,6.046511628,26436,"67,56","86,32"
260,77271,Maisoncelles-en-Gâtinais,83.63636364,6.557377049,22103,"63,04","84,06"
261,77272,Maison-Rouge,84.85804416,10.29411765,22820,"70,5","87,08"
262,77273,Marchémoret,75,7.894736842,24737,"69,79","88,81"
263,77274,Marcilly,67.37967914,7.835820896,24489,"71,96","89,53"
264,77275,Les Marêts,91.83673469,10.9375,21840,"55,17",80
265,77276,Mareuil-lès-Meaux,69.13705584,12.37337192,24304,"69,3","87,59"
266,77277,Marles-en-Brie,86.88811189,8.711217184,25367,"68,06","87,68"
267,77278,Marolles-en-Brie,87.07482993,10,24379,"68,55","88,17"
268,77278,Marolles-en-Brie,87.07482993,10,24379,"67,95","88,26"
269,77279,Marolles-sur-Seine,80.69620253,8.015267176,22146,"68,07","86,58"
270,77280,Mary-sur-Marne,83.73626374,8.275862069,24054,"66,15","85,83"
271,77281,Mauperthuis,83.75634518,9.36329588,24907,"62,89","89,18"
272,77282,Mauregard,69.64285714,14.12429379,23069,"74,22","90,27"
273,77283,May-en-Multien,85.7605178,12.05073996,21935,"66,78","88,73"
274,77284,Meaux,38.02352726,15.98623853,18259,"62,86","89,68"
275,77285,Le Mée-sur-Seine,39.37250868,19.36808847,17643,"61,41","88,9"
276,77286,Meigneux,92.39130435,7.258064516,24987,"85,71","93,41"
277,77287,Meilleray,88.83248731,16.59574468,19598,"65,51","88,29"
278,77288,Melun,30.67834707,16.57628159,17467,"55,98","90,17"
279,77289,Melz-sur-Seine,87.91946309,7.647058824,21090,"68,32","89,07"
280,77290,Méry-sur-Marne,90.94488189,9.705882353,23814,"66,51","90,03"
281,77291,Le Mesnil-Amelot,44.69453376,12.9787234,21310,"69,12","92,42"
282,77292,Messy,68.69158879,5.573248408,26842,"66,57","85,66"
283,77293,Misy-sur-Yonne,86.53846154,11.0864745,22505,"68,39","91,06"
284,77294,Mitry-Mory,60.80110497,13.5118498,21333,"64,5","89,03"
285,77295,Moisenay,88.48368522,4.005722461,27698,"71,69","88,65"
286,77296,Moissy-Cramayel,57.68809636,12.74768824,20508,"64,52","87,29"
287,77297,Mondreville,89.20863309,11.17021277,23158,"61,86","81,45"
288,77297,Mondreville,89.20863309,11.17021277,23158,"72,63","85,78"
289,77298,Mons-en-Montois,84.45595855,11.11111111,22256,"63,51","78,86"
290,77300,Montceaux-lès-Meaux,83.96624473,8.544303797,25588,"66,8","87,23"
291,77301,Montceaux-lès-Provins,90.29850746,13.25301205,21080,"74,58","88,18"
292,77302,Montcourt-Fromonville,87.96068796,9.39167556,24398,"69,54","88,4"
293,77303,Montdauphin,80.64516129,16.94915254,21830,"69,19","84,21"
294,77304,Montenils,84.61538462,0,,"66,67",88
295,77305,Montereau-Fault-Yonne,25.81370733,25.01624431,14933,"58,83","88,04"
296,77306,Montereau-sur-le-Jard,74.62686567,6.270627063,26721,"67,99","88,18"
297,77307,Montévrain,46.76891616,8.152335614,24837,"69,41","90,34"
298,77308,Montgé-en-Goële,87.59124088,10.07556675,25905,"69,18","85,93"
299,77309,Monthyon,85.92471358,9.634551495,24065,"75,27","89,84"
300,77310,Montigny-le-Guesdier,93.27731092,12.83783784,22217,"68,78","88,11"
301,77311,Montigny-Lencoup,87.28323699,8.196721311,23268,"66,42","84,19"
302,77312,Montigny-sur-Loing,81.00172712,6.932931424,26051,"69,39","89,23"
303,77313,Montmachoux,90.32258065,10.63829787,24553,"69,59","85,44"
304,77314,Montolivet,88.63636364,14.4,21761,"69,15","90,26"
305,77315,Montry,81.63841808,7.982261641,25462,"68,59","87,26"
306,77316,Moret-Loing-et-Orvanne,72.57878555,9.813476727,24997,"67,42","88,11"
307,77317,Mormant,52.32815965,14.32823129,20873,"65,41","89,07"
308,77318,Mortcerf,75.79737336,7.64075067,24904,"68,53","88,09"
309,77319,Mortery,80.64516129,10.97560976,21772,"76,07","90,82"
310,77320,Mouroux,81.94097049,11.40483384,22891,"66,73","89,04"
311,77321,Mousseaux-lès-Bray,84.17508418,14.95601173,20529,"65,67","85,57"
312,77322,Moussy-le-Neuf,79.6579658,7.841945289,25258,"67,7","87,33"
313,77323,Moussy-le-Vieux,68.359375,8.571428571,24581,"66,67","87,39"
314,77325,Mouy-sur-Seine,82.71604938,10.52631579,21746,"61,28","85,05"
315,77326,Nandy,63.0859375,11.30434783,22249,"63,5","88,12"
316,77327,Nangis,45.8455237,16.42105263,18193,"61,27","89,22"
317,77328,Nanteau-sur-Essonne,86.20689655,6.806282723,25396,"71,88","87,63"
318,77329,Nanteau-sur-Lunain,80.17241379,4.126213592,25082,"68,28","84,86"
319,77330,Nanteuil-lès-Meaux,74.69982847,8.91535243,23738,"66,32","88,91"
320,77331,Nanteuil-sur-Marne,76.79558011,13.92405063,21182,"61,86","82,83"
321,77332,Nantouillet,79.59183673,5.128205128,25138,"72,22","93,53"
322,77333,Nemours,37.59915389,18.03580392,17677,"60,76","88,13"
323,77335,Chauconin-Neufmontiers,84.7960445,6.370494552,24268,"67,38","86,36"
324,77336,Neufmoutiers-en-Brie,75.6232687,7.614213198,25692,"68,36","85,69"
325,77337,Noisiel,51.39931741,15.5509517,19287,"64,76","90,89"
326,77338,Noisy-Rudignon,90.27777778,8.626198083,22959,"68,12","88,4"
327,77339,Noisy-sur-École,90.20887728,8.041958042,30512,,
328,77340,Nonville,93.03278689,8.75,25900,"70,85","87,5"
329,77341,Noyen-sur-Seine,82.1192053,12.5,21458,"74,44","90,83"
330,77342,Obsonville,68.75,10,23959,"58,59","81,69"
331,77343,Ocquerre,70.46979866,11.29707113,22939,"61,02","85,16"
332,77344,Oissery,86.59217877,8.515815085,24958,"69,51","89,3"
333,77345,Orly-sur-Morin,82.12927757,10.4519774,22855,"66,73","87,04"
334,77347,Les Ormes-sur-Voulzie,88.39285714,8.625336927,21839,"68,15","89,35"
335,77348,Ormesson,88,13.44537815,27558,"72,31","90,97"
336,77349,Othis,77.53036437,10.02027223,24813,"65,58","87,1"
337,77350,Ozoir-la-Ferrière,68.31695967,9.858340561,25322,"65,29","89,4"
338,77352,Ozouer-le-Voulgis,86.8852459,7.396149949,26054,"65,34","88,07"
339,77353,Paley,89.01098901,9.547738693,25357,"73,32","86,9"
340,77354,Pamfou,92.62536873,5.984555985,23844,"69,69","88,64"
341,77355,Paroy,92.10526316,10,24010,"77,55","87,02"
342,77356,Passy-sur-Seine,90.90909091,12,,"60,38","74,42"
343,77357,Pécy,81.21019108,7.75862069,23288,"66,01","86,58"
344,77358,Penchard,82.91457286,8.865248227,25320,"68,31","87,26"
345,77359,Perthes,81.40703518,7.983193277,27158,"72,24","88,82"
346,77360,Pézarches,88.57142857,9.047619048,24488,"70,32","88,44"
347,77361,Pierre-Levée,80.55555556,6.976744186,24369,"70,06","89,31"
348,77363,Le Pin,80.2238806,6.605019815,25463,"68,02","86,76"
349,77364,Le Plessis-aux-Bois,75.53191489,7.647058824,22720,"57,89","85,44"
350,77365,Le Plessis-Feu-Aussoux,87.43718593,4.682274247,25747,"75,54","90,55"
351,77366,Le Plessis-l'Évêque,86.40776699,6.707317073,25045,,
352,77367,Le Plessis-Placy,65.97938144,12.5,21943,"70,98","87,26"
353,77368,Poigny,73.19587629,9.489051095,20819,"72,83",90
354,77369,Poincy,86.69354839,9.116809117,26481,"71,9","89,02"
355,77370,Poligny,88.4180791,8,23984,"62,67","85,29"
356,77371,Pommeuse,83.01544051,9.866666667,23270,"63,26","87,52"
357,77372,Pomponne,57.81637717,10.32289628,25351,"66,19","87,84"
358,77373,Pontault-Combault,60.67719152,10.40712468,22717,"64,12","89,75"
359,77374,Pontcarré,82.33918129,6.349206349,26130,"68,12","88,24"
360,77376,Précy-sur-Marne,68.53146853,8.558558559,25265,"71,46","88,45"
361,77377,Presles-en-Brie,78.37514934,7.996702391,25632,"66,19","85,79"
362,77378,Pringy,72.31270358,8.600682594,25129,"66,94","88,03"
363,77379,Provins,30.66938624,22.33560091,17595,"58,47","88,51"
364,77380,Puisieux,72.64957265,13.52941176,25176,"73,5","91,98"
365,77381,Quiers,94.80519481,7.8125,24334,"73,32","87,8"
366,77382,Quincy-Voisins,80.45040728,7.199424046,25534,"64,26","86,32"
367,77383,Rampillon,85.3820598,8.037825059,23672,"72,81","89,65"
368,77384,Réau,74.38752784,8.477237049,24180,"65,74","88,04"
369,77385,Rebais,59.9537037,14.59353575,19521,"67,02","89,09"
370,77386,Recloses,84.09893993,10.08902077,27187,"70,98","91,24"
371,77387,Remauville,84.53038674,10.20408163,23430,"63,35","85,77"
372,77388,Reuil-en-Brie,89.64401294,9.911894273,23748,"69,46","89,02"
373,77389,La Rochette,59.17044718,11.51586369,26455,"69,05","86,25"
374,77390,Roissy-en-Brie,63.75308642,11.68527655,22202,"66,49","89,59"
375,77391,Rouilly,91.09947644,10.34482759,22133,"65,58",85
376,77392,Rouvres,89.0459364,5.394190871,26029,"72,29","88,86"
377,77393,Rozay-en-Brie,60.85814361,9.05141202,23319,"64,77","88,4"
378,77394,Rubelles,74.2014742,11.9047619,27006,"67,7","86,07"
379,77395,Rumont,94.54545455,6.25,23441,"68,63","85,37"
380,77396,Rupéreux,82.92682927,9.433962264,23950,"67,11","86,44"
381,77397,Saâcy-sur-Marne,77.41496599,13.07420495,21524,"63,74","85,1"
382,77398,Sablonnières,85.5704698,12.05882353,21505,"69,63","93,26"
383,77400,Saint-Augustin,88.33087149,7.719714964,24853,"68,53","90,27"
384,77401,Sainte-Aulde,90.03690037,10.6442577,23866,"71,26","87,59"
385,77402,Saint-Barthélemy,88.05970149,6.951871658,20280,"71,76","88,26"
386,77403,Saint-Brice,80.25477707,11.56069364,22807,"63,85","84,47"
387,77404,Sainte-Colombe,83.21479374,12.52955083,20726,"70,45","89,09"
388,77405,Saint-Cyr-sur-Morin,84.48043185,11.41692151,23129,"64,09","85,96"
389,77406,Saint-Denis-lès-Rebais,92.67605634,10.59063136,24226,"68,51","85,55"
390,77407,Saint-Fargeau-Ponthierry,64.30490262,9.64924442,23451,"64,2","87,5"
391,77408,Saint-Fiacre,86.82634731,6.12244898,27062,"65,41","84,51"
392,77409,Saint-Germain-Laval,73.8625363,13.4155744,21211,"65,33","87,64"
393,77410,Saint-Germain-Laxis,85.11450382,9.004739336,25611,"71,57","89,74"
394,77411,Saint-Germain-sous-Doue,95.02762431,8.389261745,22751,"71,18","89,87"
395,77412,Saint-Germain-sur-École,87.05035971,7.103825137,25455,,
396,77413,Saint-Germain-sur-Morin,81.73784978,7.054388799,25630,"66,8","87,95"
397,77414,Saint-Hilliers,83.70786517,16.2055336,21755,"63,71","86,22"
398,77415,Saint-Jean-les-Deux-Jumeaux,78.85835095,10.22900763,23804,"65,56","88,19"
399,77416,Saint-Just-en-Brie,92.04545455,8.571428571,24816,"70,81","88,51"
400,77417,Saint-Léger,72.52747253,10.60606061,23753,"62,99","84,35"
401,77418,Saint-Loup-de-Naud,80.65395095,11.80555556,21310,"68,6","88,1"
402,77419,Saint-Mammès,74.11504425,11.40776699,22576,"64,12","86,89"
403,77420,Saint-Mard,80.04322767,9.186746988,24674,"61,65","88,68"
404,77421,Saint-Mars-Vieux-Maisons,90.56603774,7.594936709,21813,"69,87","89,39"
405,77423,Saint-Martin-des-Champs,91.76029963,10.97560976,22097,"65,01","85,68"
406,77423,Saint-Martin-des-Champs,91.76029963,10.97560976,22097,"71,43","84,95"
407,77424,Saint-Martin-du-Boschet,91.50943396,7.692307692,20920,74,"89,16"
408,77425,Saint-Martin-en-Bière,84.96732026,11.11111111,30911,"71,26","87,78"
409,77426,Saint-Méry,86,4.14507772,26963,"73,05","87,29"
410,77427,Saint-Mesmes,86.12440191,6.358381503,25467,"74,5","90,12"
411,77428,Saint-Ouen-en-Brie,97.02970297,5.473684211,25664,"69,35","89,09"
412,77429,Saint-Ouen-sur-Morin,94.08866995,8.148148148,23837,"68,21","88,55"
413,77430,Saint-Pathus,89.39469735,9.00729464,24892,"65,82","88,41"
414,77431,Saint-Pierre-lès-Nemours,79.02588855,12.62095078,22457,"66,61","88,57"
415,77432,Saint-Rémy-la-Vanne,82.63157895,10.6918239,22920,"67,33","88,41"
416,77433,Beautheil-Saints,88.97243108,8.042635659,24237,,
417,77434,Saint-Sauveur-lès-Bray,87.57763975,8.641975309,22985,"67,27","86,45"
418,77435,Saint-Sauveur-sur-École,93.54120267,6.432748538,30182,,
419,77436,Saint-Siméon,88.85714286,9.635974304,23943,"68,29","88,78"
420,77437,Saint-Soupplets,69.56521739,10.31468531,23084,"67,93","88,24"
421,77438,Saint-Thibault-des-Vignes,69.18103448,10.88629239,24996,"64,68","89,21"
422,77439,Salins,90.14084507,9.018036072,22904,"65,77","85,5"
423,77440,Sammeron,81.31067961,11.05263158,23073,"67,21","86,36"
424,77441,Samois-sur-Seine,73.77622378,9.247311828,30710,"71,52","91,37"
425,77442,Samoreau,80,8.067375887,27854,"66,94","86,38"
426,77443,Sancy,97.6744186,6.467661692,24790,"68,5","89,05"
427,77444,Sancy-lès-Provins,86.44067797,12.85714286,21813,"70,47","87,32"
428,77445,Savigny-le-Temple,59.30905879,14.67438302,20248,"62,97","87,87"
429,77446,Savins,89.91935484,8.650519031,22415,"72,48","87,05"
430,77447,Seine-Port,80.70652174,7.209062822,31227,"70,34","87,7"
431,77448,Sept-Sorts,78.26086957,15.625,23401,"74,92","88,06"
432,77449,Serris,39.77613978,10.52020886,23639,"68,23","90,9"
433,77450,Servon,86.53198653,7.637655417,27958,"65,74","88,96"
434,77451,Signy-Signets,84.7107438,9.240924092,23705,"67,65","85,19"
435,77452,Sigy,75,11.11111111,,"78,69","87,27"
436,77453,Sivry-Courtry,89.06976744,7.221350078,25786,"70,85","84,33"
437,77454,Sognolles-en-Montois,92.25806452,10.72961373,22834,"74,03","88,72"
438,77455,Soignolles-en-Brie,88.32020997,9.716981132,25457,"68,72","88,45"
439,77456,Soisy-Bouy,90.9375,10.15625,22287,"70,04","87,98"
440,77457,Solers,84.17849899,6.485671192,24161,"70,36","88,58"
441,77458,Souppes-sur-Loing,59.20810313,20.49044057,19043,"60,4","88,39"
442,77459,Sourdun,75.71428571,9.662576687,20735,"70,72","87,19"
443,77460,Tancrou,80.14705882,7.446808511,23567,"76,37","88,73"
444,77461,Thénisy,89.56521739,7.333333333,23175,"69,36","86,24"
445,77462,Thieux,57.09876543,7.860262009,22428,"63,76","86,31"
446,77463,Thomery,83.47222222,7.559926245,27098,"69,14","88,6"
447,77464,Thorigny-sur-Marne,59.62701613,10.2320888,23538,"61,66","90,42"
448,77465,Thoury-Férottes,85.13011152,8.743169399,23672,"67,5","85,19"
449,77466,Tigeaux,89.87341772,8.737864078,26689,"70,11","83,7"
450,77467,La Tombe,89.58333333,15.83333333,21503,"74,44","95,04"
451,77468,Torcy,45.67114094,13.24387398,19509,"63,6","90,55"
452,77469,Touquin,84.61538462,9.984399376,24249,"67,85","87,6"
453,77470,Tournan-en-Brie,56.21921182,11.98600175,23347,"65,88","88,85"
454,77471,Tousson,88.38709677,11.96172249,24399,"67,41","85,54"
455,77472,La Trétoire,89.01098901,9.829059829,22043,"71,43","90,91"
456,77473,Treuzy-Levelay,85.34031414,3.982300885,25549,"69,21","89,42"
457,77474,Trilbardou,75.28957529,7.37704918,23634,"67,78","85,03"
458,77475,Trilport,75.67020738,10.07311129,24065,"69,24","88,66"
459,77476,Trocy-en-Multien,76.59574468,5.426356589,24106,"62,5","83,94"
460,77477,Ury,89.42857143,10.4368932,25202,"72,9","87,48"
461,77478,Ussy-sur-Marne,72.84263959,12.75797373,22288,"61,67","87,9"
462,77479,Vaires-sur-Marne,58.52861035,11.27713117,24047,"65,64","88,69"
463,77480,Valence-en-Brie,73.75415282,12.47165533,22153,"67,61",84
464,77481,Vanvillé,82.60869565,12.8440367,23408,"68,46","94,44"
465,77482,Varennes-sur-Seine,61.33144476,16.87458963,19836,"63,4","86,09"
466,77483,Varreddes,79.03225806,10.24590164,24084,"71,85","88,63"
467,77484,Vaucourtois,87.77777778,3.731343284,24551,"71,96","91,89"
468,77485,Le Vaudoué,90.67524116,9.971509972,26051,"68,38","85,74"
469,77486,Vaudoy-en-Brie,80.81761006,11.57024793,23155,"68,79","86,55"
470,77487,Vaux-le-Pénil,71.24405167,8.932461874,25173,"67,57","88,44"
471,77489,Vaux-sur-Lunain,94.11764706,14.70588235,23430,"58,16","78,1"
472,77490,Vendrest,78.98550725,10.91370558,21474,"69,61","88,09"
473,77492,Verdelot,79.72972973,12.53561254,22242,"65,31","86,49"
474,77493,Verneuil-l'Étang,64.45578231,10.65332549,22830,,
475,77494,Vernou-la-Celle-sur-Seine,87.25099602,10.57401813,24157,"65,12","88,42"
476,77495,Vert-Saint-Denis,76.80318956,10.71826281,24095,"65,61","87,67"
477,77496,Vieux-Champagne,97.18309859,7.446808511,23756,"73,15","88,62"
478,77498,Vignely,86.36363636,5,23508,"73,98","88,96"
479,77500,Villebéon,91.47727273,9.302325581,22022,"65,03","82,07"
480,77501,Villecerf,90,8.554572271,25310,"64,91","88,19"
481,77504,Villemaréchal,92,6.427221172,23603,"70,77","84,85"
482,77505,Villemareuil,90.51094891,9.589041096,25377,"71,32","85,46"
483,77506,Villemer,85.96491228,8.648648649,23756,"67,44","85,71"
484,77507,Villenauxe-la-Petite,82.7027027,11.16504854,19828,"67,64","84,98"
485,77508,Villeneuve-le-Comte,74.07912688,9.309623431,25898,"67,38","87,78"
486,77509,Villeneuve-les-Bordes,86.25,10.81871345,22991,"71,46","88,07"
487,77510,Villeneuve-Saint-Denis,70.98976109,7.178217822,27679,"70,68","88,89"
488,77511,Villeneuve-sous-Dammartin,49.60629921,10.8401084,21332,"70,39","92,09"
489,77512,Villeneuve-sur-Bellot,81.99566161,14.92537313,20432,"66,16","87,98"
490,77513,Villenoy,57.30569948,10.1509434,23119,"64,2","87,62"
491,77514,Villeparisis,56.68481549,12.25527394,20835,"61,36","89,57"
492,77515,Villeroy,86.93877551,8.333333333,24732,"71,7","88,6"
493,77516,Ville-Saint-Jacques,93.06930693,7.614213198,24187,"70,52","87,83"
494,77517,Villevaudé,85.90704648,7.988450433,25751,64,"91,59"
495,77518,Villiers-en-Bière,79.26829268,5.93220339,29864,"66,47","84,09"
496,77519,Villiers-Saint-Georges,73.96313364,14.28571429,19697,"68,59","85,43"
497,77520,Villiers-sous-Grez,90.40247678,8.059701493,26394,"70,98","89,83"
498,77521,Villiers-sur-Morin,85.75342466,8.713272543,25313,"68,21","88,38"
499,77522,Villiers-sur-Seine,91.73553719,13.38028169,20489,64,"84,21"
500,77523,Villuis,89.65517241,7.272727273,22081,"64,76","90,74"
501,77524,Vimpelles,88.5,12.17712177,22728,"66,67","86,9"
502,77525,Vinantes,80.74074074,11.57407407,25123,"62,4","88,14"
503,77526,Vincy-Manoeuvre,73.73737374,5.202312139,24443,"66,16","85,06"
504,77527,Voinsles,91.1627907,10.28037383,24597,"69,71","87,35"
505,77528,Voisenon,91.76755448,5.871559633,26696,"72,95","90,55"
506,77529,Voulangis,87.99313894,8.355091384,26591,"69,1","86,1"
507,77530,Voulton,90.16393443,11.19402985,23693,"73,56","87,27"
508,77531,Voulx,76.9123783,11.33757962,21013,"65,88","86,27"
509,77532,Vulaines-lès-Provins,53.57142857,5.128205128,,"74,58",88
510,77533,Vulaines-sur-Seine,89.73843058,8.857615894,28307,"69,27","87,12"
511,77534,Yèbles,86.2295082,6.23655914,25294,"73,48","88,21"
512,78003,Ablis,82.52427184,7.546115148,24864,"69,93","88,11"
513,78005,Achères,39.64700308,13.35507837,21431,"64,01","89,2"
514,78006,Adainville,90.25974026,7.65171504,27306,"70,77","88,78"
515,78007,Aigremont,84.67532468,7.37527115,38599,"74,97","92,09"
516,78009,Allainville,88.28828829,10.65088757,23660,"75,8","89,25"
517,78010,Les Alluets-le-Roi,91.18942731,7.454545455,33469,"76,73","89,88"
518,78013,Andelu,86.22754491,6.140350877,28186,"77,95","88,07"
519,78015,Andrésy,70.42520881,8.828996283,27557,"67,21","89,11"
520,78020,Arnouville-lès-Mantes,82.55813953,6.790123457,28102,"75,74","91,64"
521,78029,Aubergenville,51.33007023,13.6559325,20832,"63,87","89,02"
522,78030,Auffargis,81.03864734,5.760869565,30030,"71,19","89,37"
523,78031,Auffreville-Brasseuil,84.82490272,7.384615385,27853,"66,82","83,29"
524,78033,Aulnay-sur-Mauldre,88.15789474,8.376068376,27524,"76,12","90,32"
525,78034,Auteuil,94.58689459,5.773195876,30357,"74,34","90,69"
526,78036,Autouillet,86.66666667,6.986899563,32926,"74,2","88,01"
527,78043,Bailly,80.6984127,7.242848448,35650,"66,84","89,19"
528,78048,Bazainville,88.80597015,4.427083333,28476,"73,09","89,69"
529,78049,Bazemont,90.95315024,6.509695291,31854,"70,21","89,89"
530,78050,Bazoches-sur-Guyonne,88.74458874,8.305647841,34769,"71,17","86,14"
531,78053,Béhoust,88,5.288461538,30737,"75,98","85,59"
532,78057,Bennecourt,85.40540541,9.425785482,24102,"68,89","87,09"
533,78062,Beynes,78.58336118,6.517259145,27884,"68,45","87,93"
534,78068,Blaru,87.7245509,10.61320755,24258,"71,82","88,09"
535,78070,Boinville-en-Mantois,78.68852459,3.289473684,26892,"73,53","87,06"
536,78071,Boinville-le-Gaillard,91.11111111,4.87012987,24913,"72,46","93,04"
537,78072,Boinvilliers,89.56521739,7.096774194,30345,"70,4","85,79"
538,78073,Bois-d'Arcy,61.58240997,7.292506044,25497,"68,6","89,42"
539,78076,Boissets,81.65137615,12.5,26109,"57,96","80,23"
540,78077,La Boissière-École,78.37837838,8.831168831,25017,,
541,78082,Boissy-Mauvoisin,72.83950617,11.40939597,24047,"76,53","89,81"
542,78084,Boissy-sans-Avoir,86.00823045,5.325443787,28390,"74,32","85,83"
543,78087,Bonnelles,79.50713359,7.407407407,28218,"77,65","91,56"
544,78089,Bonnières-sur-Seine,46.28937533,14.88616462,19959,"63,74","88,67"
545,78090,Bouafle,76.12456747,10.73080481,26103,"68,03","90,33"
546,78092,Bougival,63.61358575,9.530418691,30528,"69,28","91,76"
547,78096,Bourdonné,80.75117371,8.064516129,30123,"67,8","87,67"
548,78104,Breuil-Bois-Robert,79.77941176,9.705882353,26672,"72,04","86,31"
549,78107,Bréval,80.15665796,7.865168539,25335,"74,74","89,37"
550,78108,Les Bréviaires,74.4014733,8.268330733,28471,"71,54","88,37"
551,78113,Brueil-en-Vexin,83.01158301,7.180851064,25593,"71,27","87,84"
552,78117,Buc,66.54072208,7.027406887,33116,"75,32","91,92"
553,78118,Buchelay,67.13164778,12.77705346,22078,"66,67","87,76"
554,78120,Bullion,87.10601719,7.374301676,30346,"74,15","89,33"
555,78123,Carrières-sous-Poissy,37.76714514,14.4966443,20035,61,"90,97"
556,78124,Carrières-sur-Seine,64.90245971,9.106152457,29277,"71,8","91,48"
557,78125,La Celle-les-Bordes,90.03021148,8.495145631,33338,"75,4","88,51"
558,78126,La Celle-Saint-Cloud,53.61310857,9.775756949,27949,"68,01","91,04"
559,78128,Cernay-la-Ville,84.6749226,6.010928962,31847,75,"89,24"
560,78133,Chambourcy,62.05376818,10.62745098,31110,"68,08","88,84"
561,78138,Chanteloup-les-Vignes,42.07730894,19.55364455,17594,"62,11","92,01"
562,78140,Chapet,92.12765957,7.5,31657,"71,79","88,5"
563,78143,Châteaufort,84.55598456,6.789250354,34954,"77,28","92,09"
564,78146,Chatou,59.79653646,8.548460885,30498,"70,27","91,06"
565,78147,Chaufour-lès-Bonnières,90.75144509,9.210526316,25795,"73,86","86,26"
566,78152,Chavenay,85.73573574,7.525510204,38571,"72,73","87,97"
567,78158,Le Chesnay-Rocquencourt,59.18700292,7.978905554,31483,,
568,78160,Chevreuse,64.44826106,6.528081692,30295,"72,15","90,09"
569,78162,Choisel,81.46341463,12.14574899,32643,"74,94","88,98"
570,78163,Civry-la-Forêt,84.09090909,8.522727273,26952,"68,68","83,55"
571,78164,Clairefontaine-en-Yvelines,69.83606557,9.382716049,32815,"72,7","88,76"
572,78165,Les Clayes-sous-Bois,66.33580316,10.31938199,23903,"68,65","89,35"
573,78168,Coignières,50.46296296,11.91634241,22116,"68,27","90,61"
574,78171,Condé-sur-Vesgre,87.13968958,8.631921824,28468,"70,35","87,68"
575,78172,Conflans-Sainte-Honorine,63.16804801,8.877330372,24430,"67,72","89,78"
576,78185,Courgent,90.12345679,9.356725146,30735,"72,35","91,11"
577,78188,Cravent,90.06622517,9.90990991,24563,"75,08","93,98"
578,78189,Crespières,85.69078947,6.944444444,34105,"71,6","89,93"
579,78190,Croissy-sur-Seine,68.31560722,6.400701447,37318,"73,73","90,73"
580,78192,Dammartin-en-Serve,81.40589569,9.380234506,24263,"70,37","87,45"
581,78193,Dampierre-en-Yvelines,77.77777778,8.076923077,32817,"74,47","91,72"
582,78194,Dannemarie,78.02197802,10.20408163,30899,"72,68","89,26"
583,78196,Davron,81.81818182,10.06289308,35643,"74,56","87,63"
584,78202,Drocourt,82.21153846,7.5,24444,"74,65","89,04"
585,78206,Ecquevilly,68.70415648,9.496944053,24831,"64,82","88,94"
586,78208,Élancourt,62.80165369,9.939056504,24134,,
587,78209,Émancé,86.76470588,6.338028169,28775,,
588,78217,Épône,69.13912375,9.028683181,24454,,
589,78220,Les Essarts-le-Roi,69.28466077,8.340834083,26897,"69,93","90,04"
590,78224,L'Étang-la-Ville,83.41597796,8.270676692,38836,,
591,78227,Évecquemont,82.75862069,9.62962963,28036,,
592,78230,La Falaise,86.08695652,6.730769231,27173,"73,86","85,56"
593,78231,Favrieux,86.20689655,9.523809524,27112,"68,55","87,63"
594,78233,Feucherolles,89.6749522,9.069585614,39018,"76,84","91,5"
595,78234,Flacourt,93.33333333,7.692307692,25909,"66,67","82,88"
596,78236,Flexanville,88.10572687,8.282208589,29179,"73,81","87,75"
597,78237,Flins-Neuve-Église,96.61016949,9.090909091,24705,,
598,78238,Flins-sur-Seine,72.75449102,9.741881765,24759,"69,06","89,66"
599,78239,Follainville-Dennemont,67.53246753,11.29343629,23128,"71,11","88,6"
600,78242,Fontenay-le-Fleury,54.55002514,11.73741917,24243,"68,2","89,79"
601,78245,Fontenay-Mauvoisin,96.45390071,6.179775281,29272,"76,57","91,78"
602,78246,Fontenay-Saint-Père,84.49612403,8.253358925,26183,"72,22","88,41"
603,78255,Freneuse,70.70524412,13.0859375,21295,"64,92","88,82"
604,78261,Gaillon-sur-Montcient,76.64233577,8.635097493,27481,"72,9","88,63"
605,78262,Galluis,80.35320088,7.284768212,28397,"72,12","90,62"
606,78263,Gambais,90.46087889,5.71192053,29591,"71,99",89
607,78264,Gambaiseuil,79.16666667,4.166666667,,"73,68",84
608,78265,Garancières,80.14403292,6.010016694,28128,"73,21","88,6"
609,78267,Gargenville,73.07274701,10.03411029,23203,"62,18","87,39"
610,78269,Gazeran,80.93220339,7.382550336,29740,71,"86,72"
611,78276,Gommecourt,86.18181818,10.90909091,23354,"72,89","87,05"
612,78278,Goupillières,85.18518519,7.509881423,29539,"75,13","92,65"
613,78281,Goussonville,88.03418803,5.705705706,27172,"64,66","83,16"
614,78283,Grandchamp,89.65517241,8,25894,"70,18","80,1"
615,78285,Gressey,90,5.054151625,28836,"74,32",88
616,78289,Grosrouvre,81.25,7.729468599,34423,"78,5","92,63"
617,78290,Guernes,83.90804598,8.950086059,24205,"69,92","86,86"
618,78291,Guerville,77.50865052,7.155963303,24968,"67,71","86,35"
619,78296,Guitrancourt,84.03361345,7.8125,25836,"66,73","85,24"
620,78297,Guyancourt,39.10222222,10.18083532,23318,"68,51","90,56"
621,78299,Hardricourt,73.91304348,8.928571429,24472,"68,53","89,66"
622,78300,Hargeville,90.18404908,5.882352941,30398,72,"88,39"
623,78302,La Hauteville,80.51948052,5.063291139,28902,"70,92","89,1"
624,78305,Herbeville,80,9.322033898,34929,"70,85","83,16"
625,78307,Hermeray,86.30136986,4.739336493,28501,"71,82","85,74"
626,78310,Houdan,46.10742305,11.53427639,22201,"68,71","88,99"
627,78311,Houilles,63.6660094,9.479597871,27514,"70,73","91,12"
628,78314,Issou,83.00068823,8.890925756,23177,"72,82","90,04"
629,78317,Jambville,86.92579505,6.947890819,26389,"69,31","85,91"
630,78320,Notre-Dame-de-la-Mer,79.92125984,10.36585366,24302,,
631,78321,Jouars-Pontchartrain,82.37288136,6.992481203,31233,"69,83","88,38"
632,78322,Jouy-en-Josas,61.42949131,9.023005677,33588,"74,64","91,28"
633,78324,Jouy-Mauvoisin,92.01877934,11.67315175,25853,"71,29","87,72"
634,78325,Jumeauville,86.66666667,5.78778135,27716,"69,53","90,25"
635,78327,Juziers,76.29678267,10.71055381,23947,"68,25","87,89"
636,78329,Lainville-en-Vexin,90.63545151,6.699751861,27403,"75,57","90,43"
637,78334,Lévis-Saint-Nom,92.38095238,6.135770235,31539,"73,47","90,61"
638,78335,Limay,52.1274848,17.482785,18741,"64,69","89,03"
639,78337,Limetz-Villez,83.87942333,10.06289308,23506,"69,51","89,3"
640,78343,Les Loges-en-Josas,78.38827839,6.285714286,37659,"72,3","88,41"
641,78344,Lommoye,93.22033898,7.142857143,25632,"69,13","89,02"
642,78346,Longnes,84.77876106,8.058124174,25538,"68,87","88,57"
643,78349,Longvilliers,89.10891089,7.5,32166,"76,31","92,95"
644,78350,Louveciennes,66.14060258,10.1762554,34509,"74,02","91,21"
645,78354,Magnanville,70.65321806,10.74476338,22769,"68,79","90,46"
646,78356,Magny-les-Hameaux,60.6557377,9.444086714,26286,"69,95","89,18"
647,78358,Maisons-Laffitte,58.56799616,7.949097882,34035,"72,6","91,22"
648,78361,Mantes-la-Jolie,29.30112373,22.69214919,15640,"59,3","90,06"
649,78362,Mantes-la-Ville,46.30915638,16.99753192,19001,"60,44","90,44"
650,78364,Marcq,85.3820598,7.785888078,29904,"70,99","86,71"
651,78366,Mareil-le-Guyon,78,4,30581,"70,55","90,08"
652,78367,Mareil-Marly,83.70656371,6.719367589,36737,"76,36","91,45"
653,78368,Mareil-sur-Mauldre,87.75193798,6.738544474,32273,"77,21","91,15"
654,78372,Marly-le-Roi,71.45856663,8.276689324,29443,"72,36","91,34"
655,78380,Maule,71.54648132,10.2062975,27882,"70,64","88,17"
656,78381,Maulette,78.87323944,5.803571429,25664,"71,72","85,32"
657,78382,Maurecourt,69.9881376,7.653985507,27422,"72,04","88,33"
658,78383,Maurepas,68.01368128,9.354769098,25204,"66,42","89,6"
659,78384,Médan,84.98168498,8.682634731,35352,"71,98","90,57"
660,78385,Ménerville,96.1038961,8.333333333,23952,"77,71","92,81"
661,78389,Méré,84.56973294,8.026315789,32708,"70,02","86,75"
662,78391,Méricourt,85.88957055,10.52631579,23117,"68,55","87,78"
663,78396,Le Mesnil-le-Roi,66.14473127,9.015256588,32738,"68,35","90,13"
664,78397,Le Mesnil-Saint-Denis,80.2437223,7.440957619,31379,"71,6","89,9"
665,78398,Les Mesnuls,85.58823529,7.584269663,31547,"70,73","89,54"
666,78401,Meulan-en-Yvelines,43.16109422,15.20635621,20358,"58,26","88,55"
667,78402,Mézières-sur-Seine,77.57750541,8.636836629,25129,"66,34","88,33"
668,78403,Mézy-sur-Seine,80.69498069,11.12224449,25849,"74,11","90,37"
669,78404,Millemont,89.79591837,3.636363636,30044,"77,97","88,46"
670,78406,Milon-la-Chapelle,87.25490196,9.821428571,39244,"73,85","94,58"
671,78407,Mittainville,92.44444444,8.650519031,26835,"72,8","87,12"
672,78410,Moisson,88.08290155,11.04166667,24183,"68,03","86,36"
673,78413,Mondreville,93.19727891,9,23317,"61,86","81,45"
674,78413,Mondreville,93.19727891,9,23317,"72,63","85,78"
675,78415,Montainville,86.20689655,5.797101449,32444,"75,16","91,34"
676,78416,Montalet-le-Bois,94.16666667,6.145251397,27659,"71,31","91,58"
677,78417,Montchauvet,90,6.206896552,28105,71,"86,77"
678,78418,Montesson,66.79841897,9.184345764,29560,"71,48","90,9"
679,78420,Montfort-l'Amaury,69.03283052,7.609594706,30281,"71,89","90,1"
680,78423,Montigny-le-Bretonneux,60.78769585,8.155647305,28482,"70,24","90,55"
681,78431,Morainvilliers,81.68168168,6.912096168,33706,"74,4","91,97"
682,78437,Mousseaux-sur-Seine,89.27203065,7.848837209,25683,"69,17","88,92"
683,78439,Mulcent,65.11627907,5.970149254,28898,"62,82","80,33"
684,78440,Les Mureaux,42.77135838,20.81351601,16750,"60,27","91,3"
685,78442,Neauphle-le-Château,70,6.670533643,29273,"71,78","89,02"
686,78443,Neauphle-le-Vieux,78.83008357,4.940711462,30828,"71,63","87,62"
687,78444,Neauphlette,92.02657807,8.742004264,26753,"68,25","85,38"
688,78451,Nézel,85.33007335,9.756097561,25068,"69,19","85,4"
689,78455,Noisy-le-Roi,75.54900033,8.216619981,35455,72,"90,05"
690,78460,Oinville-sur-Montcient,85.30066815,7.240704501,28271,"66,86","84,02"
691,78464,Orcemont,81.91780822,7.96812749,27507,"75,38","89,48"
692,78465,Orgerus,85.0931677,7.85198556,27414,"70,2","87,15"
693,78466,Orgeval,78.61945316,8.86167147,35108,"67,55","90,88"
694,78470,Orphin,84.05797101,10.22222222,28872,"72,87","89,54"
695,78472,Orsonville,83.60655738,5.23255814,23568,"73,28","89,01"
696,78474,Orvilliers,88.25503356,5.986696231,24589,"74,04","87,87"
697,78475,Osmoy,89.43661972,5.027932961,29763,"76,17","87,55"
698,78478,Paray-Douaville,76.25,5.797101449,26065,"75,5","90,48"
699,78481,Le Pecq,62.73742207,8.568284968,28193,"68,1","90,91"
700,78484,Perdreauville,91.03139013,6.315789474,26364,"69,54","83,11"
701,78486,Le Perray-en-Yvelines,72.64868603,7.643126998,26726,"68,58","88,41"
702,78490,Plaisir,56.10077392,10.53319231,23477,"67,66","90,53"
703,78497,Poigny-la-Forêt,83.91420912,8.651399491,32936,"73,46","88,79"
704,78498,Poissy,42.73108455,12.53950954,22184,"67,12","89,92"
705,78499,Ponthévrard,93.98148148,5.501618123,28876,"75,93","91,29"
706,78501,Porcheville,76.97307335,10.75862069,22924,"69,35","86,96"
707,78502,Le Port-Marly,45.70097416,11.26066973,25389,"68,12","91,1"
708,78505,Prunay-le-Temple,88.53503185,8.878504673,25299,"68,87","90,91"
709,78506,Prunay-en-Yvelines,89.61424332,7.852193995,27835,"74,01","89,46"
710,78513,La Queue-les-Yvelines,71.88940092,7.983193277,27716,"73,26","90,03"
711,78516,Raizeux,82.57142857,8.466819222,28884,"68,94","86,21"
712,78517,Rambouillet,53.20277089,9.367329163,25627,"70,79","88,89"
713,78518,Rennemoulin,68.42105263,8,36081,"69,31","79,55"
714,78520,Richebourg,87.24832215,9.119010819,28541,"73,5","88,37"
715,78522,Rochefort-en-Yvelines,76.09254499,7.456140351,33288,"77,11","91,2"
716,78528,Rolleboise,65.74585635,13.54166667,21641,"73,83","89,77"
717,78530,Rosay,90.34482759,9.473684211,25225,"72,35","87,6"
718,78531,Rosny-sur-Seine,78.113879,12.65560166,21455,"68,38","88,91"
719,78536,Sailly,79.85611511,5.853658537,25378,"68,38","87,67"
720,78537,Saint-Arnoult-en-Yvelines,74.59150327,8.382403879,27475,"71,52","89,16"
721,78545,Saint-Cyr-l'École,40.15382575,9.637934581,23878,,
722,78548,Saint-Forget,79.08163265,4.724409449,35335,"74,31","89,12"
723,78550,Saint-Germain-de-la-Grange,93.14868805,5.585392052,32642,"73,74","88,95"
724,78551,Saint-Germain-en-Laye,47.20998532,9.869827084,30567,"68,94","91,08"
725,78557,Saint-Hilarion,84.98583569,7.543103448,26820,"74,82","90,86"
726,78558,Saint-Illiers-la-Ville,84.42622951,8.947368421,24161,"70,33","87,67"
727,78559,Saint-Illiers-le-Bois,81.25,7.657657658,25408,"72,73","89,92"
728,78561,Saint-Lambert,77.10843373,3.913043478,36311,"73,94","85,61"
729,78562,Saint-Léger-en-Yvelines,73.32155477,6.77466863,28251,"71,53","87,34"
730,78564,Saint-Martin-de-Bréthencourt,80.89430894,7.26744186,26933,"69,55","87,34"
731,78565,Saint-Martin-des-Champs,89.51612903,11.76470588,29312,"65,01","85,68"
732,78565,Saint-Martin-des-Champs,89.51612903,11.76470588,29312,"71,43","84,95"
733,78567,Saint-Martin-la-Garenne,81.61209068,8.431372549,26091,"72,91","88,61"
734,78569,Sainte-Mesme,86.26865672,9.933774834,27880,"69,47","85,28"
735,78571,Saint-Nom-la-Bretèche,85.30054645,7.253626813,42008,"74,74","90,98"
736,78575,Saint-Rémy-lès-Chevreuse,72.87409361,8.580949736,32875,"72,62","90,41"
737,78576,Saint-Rémy-l'Honoré,82.73026316,7.291666667,31387,"73,21","89,9"
738,78586,Sartrouville,56.35329832,12.90118165,22752,"64,04","90,62"
739,78588,Saulx-Marchais,67.42857143,6.679764244,27602,"73,81","88,26"
740,78590,Senlisse,90.45454545,12.5,30739,"68,01","87,77"
741,78591,Septeuil,78.60411899,9.497206704,25741,"67,71","86,57"
742,78597,Soindres,83.76068376,9.04109589,27459,"67,15","87,77"
743,78601,Sonchamp,83.68,7.281553398,27501,"71,76","88,01"
744,78605,Tacoignières,88.42105263,7.014028056,27875,"71,88","87,79"
745,78606,Le Tartre-Gaudran,80,0,,"58,14","83,33"
746,78608,Le Tertre-Saint-Denis,76.08695652,8.219178082,,"68,82","85,33"
747,78609,Tessancourt-sur-Aubette,95.10869565,6.165703276,27426,"71,09","87,58"
748,78615,Thiverval-Grignon,70.03484321,9.62962963,27544,"71,24","90,64"
749,78616,Thoiry,69.13793103,7.262569832,27232,"72,34","88,05"
750,78618,Tilly,91.9047619,6.95970696,26265,"76,02","89,55"
751,78620,Toussus-le-Noble,70.91836735,6.697819315,32816,"76,23","92,3"
752,78621,Trappes,26.63000089,18.0087267,16546,"60,04","90,69"
753,78623,Le Tremblay-sur-Mauldre,80.05540166,6.423982869,27898,"67,43","85,63"
754,78624,Triel-sur-Seine,74.39719421,10.79024728,26825,"68,14","89,81"
755,78638,Vaux-sur-Seine,73.76788553,10.3950104,26672,"69,69","89,28"
756,78640,Vélizy-Villacoublay,39.53654553,7.523097228,26540,"70,95","89,53"
757,78642,Verneuil-sur-Seine,60.13534781,9.989553408,26233,"67,85","90,19"
758,78643,Vernouillet,62.99167384,12.9328773,26441,"70,35","91,67"
759,78644,La Verrière,24.9873032,15.27093596,17509,"58,62","90,81"
760,78646,Versailles,44.0711034,8.313229285,30713,"69,01","89,72"
761,78647,Vert,88.75739645,8.808290155,27842,"67,29","86,87"
762,78650,Le Vésinet,68.70054778,7.209855803,39265,"72,5","90,57"
763,78653,Vicq,73.1884058,12.76595745,32775,"72,06","85,47"
764,78655,Vieille-Église-en-Yvelines,87.36842105,9.366391185,32827,,
765,78668,La Villeneuve-en-Chevrie,88.1147541,11.52647975,25935,"72,36","88,4"
766,78672,Villennes-sur-Seine,73.8277512,8.496459808,35960,"69,27","90,38"
767,78674,Villepreux,74.06576981,6.67644901,26701,"69,93","90,4"
768,78677,Villette,88.88888889,9.87654321,26428,"71,26","86,83"
769,78681,Villiers-le-Mahieu,89.89169675,6.684491979,27802,"73,75","87,5"
770,78683,Villiers-Saint-Frédéric,86.88827331,6.114839672,30786,,
771,78686,Viroflay,63.37884951,6.69705026,33254,"74,69","91,19"
772,78688,Voisins-le-Bretonneux,70.97500563,6.544181977,33333,"71,4","90,25"
773,91001,Abbéville-la-Rivière,89.71962617,10.25641026,24419,"61,9","87,73"
774,91016,Angerville,64.53634085,12.17348448,20424,"65,38","87,01"
775,91017,Angervilliers,88.68940754,6.506024096,27222,"66,61","87,33"
776,91021,Arpajon,40.09631491,12.05400193,20401,"63,35","88,82"
777,91022,Arrancourt,94.33962264,9.87654321,23372,"67,65","87,34"
778,91027,Athis-Mons,44.37626282,9.381844731,20835,"64,99","89,11"
779,91035,Authon-la-Plaine,83.45323741,9.547738693,23177,"62,89","83,56"
780,91037,Auvernaux,80.95238095,3.825136612,26285,"73,89","89,78"
781,91038,Auvers-Saint-Georges,78.14313346,8.972267537,27864,"67,84","87,67"
782,91041,Avrainville,78.69822485,5.83501006,27099,"74,62","88,91"
783,91044,Ballainvilliers,73.40619308,7.900386432,26944,"73,39","88,88"
784,91045,Ballancourt-sur-Essonne,65.59463987,9.548521017,23990,"66,48","87,2"
785,91047,Baulne,76.44927536,6.886657102,25268,"67,2","88,22"
786,91064,Bièvres,66.79327184,8.347245409,32078,"72,95","90,78"
787,91067,Blandy,93.47826087,10.76923077,21550,"72,84","89,21"
788,91067,Blandy,93.47826087,10.76923077,21550,"76,04","83,91"
789,91069,Boigneville,74.01129944,10.29411765,22828,"73,18","90,61"
790,91075,Bois-Herpin,82.14285714,2.702702703,,"87,1","94,74"
791,91079,Boissy-la-Rivière,94.19642857,5.734767025,27990,"70,62","85,4"
792,91080,Boissy-le-Cutté,86.47540984,6.078147612,24319,"67,02","87,42"
793,91081,Boissy-le-Sec,81.92307692,6.478873239,25374,"70,45","88,15"
794,91085,Boissy-sous-Saint-Yon,76.3671875,6.348400203,25522,"66,38","87,82"
795,91086,Bondoufle,81.83406114,8.44763771,25445,"69,21","88,46"
796,91093,Boullay-les-Troux,92.64069264,4.761904762,34924,"75,7","89,62"
797,91095,Bouray-sur-Juine,81.60095579,6.160714286,26457,"68,97","88,54"
798,91097,Boussy-Saint-Antoine,70.74853398,9.854515509,22542,"65,94","88,84"
799,91098,Boutervilliers,81.16883117,6.355932203,25784,"73,26","87,34"
800,91099,Boutigny-sur-Essonne,83.79705401,7.745504841,25483,"64,26","87,21"
801,91100,Bouville,89.61538462,5.846153846,25686,"70,06","89,24"
802,91103,Brétigny-sur-Orge,46.73333333,13.84716348,22050,"66,34","88,83"
803,91105,Breuillet,73.87057387,8.974975938,24933,"69,77","88,52"
804,91106,Breux-Jouy,88.10483871,9.538950715,26160,"70,59","87,24"
805,91109,Brières-les-Scellés,89.97772829,7.666666667,24534,"71,06","86,34"
806,91111,Briis-sous-Forges,76.59894658,6.591549296,28084,"68,62","88,02"
807,91112,Brouy,91.37931034,3.174603175,25837,"69,3","83,16"
808,91114,Brunoy,64.74340665,9.330957395,24956,"67,7","89,21"
809,91115,Bruyères-le-Châtel,70.82405345,7.723342939,26691,"73,11","88,15"
810,91121,Buno-Bonnevaux,83.88888889,14.22594142,24052,"70,44","91,03"
811,91122,Bures-sur-Yvette,71.18371719,8.049014897,31769,"71,92","91,11"
812,91129,Cerny,84.56273764,6.336753168,25577,"69,27","88,38"
813,91130,Chalo-Saint-Mars,83.18584071,9.814814815,25723,"67,94","85,53"
814,91131,Chalou-Moulineux,89.47368421,9.615384615,24762,"63,21","81,47"
815,91132,Chamarande,77.15517241,9.253246753,25673,"66,27","85,54"
816,91135,Champcueil,81.63493841,7.598039216,25567,"66,79","86,82"
817,91136,Champlan,69.98972251,9.077809798,23459,"66,4","89,23"
818,91137,Champmotteux,93.12977099,4.210526316,24141,"72,46","85,07"
819,91145,Chatignonville,80,20.58823529,,"63,64","89,36"
820,91148,Chauffour-lès-Étréchy,82.69230769,8.333333333,30553,,
821,91156,Cheptainville,85.71428571,6.704438149,27220,"71,37","86,94"
822,91159,Chevannes,71.17834395,8.03080308,25807,"67,62","87,3"
823,91161,Chilly-Mazarin,60.26554013,10.90047393,21713,"68,35","89,95"
824,91174,Corbeil-Essonnes,38.82880249,12.81955356,17055,"56,77","88,51"
825,91175,Corbreuse,76.60208644,7.467911319,24738,"72,19","87,82"
826,91179,Le Coudray-Montceaux,64.24815983,9.494702526,24354,"64,71","88,36"
827,91180,Courances,79.47019868,3.804347826,30804,"73,84","86,19"
828,91184,Courdimanche-sur-Essonne,95.28301887,11.60714286,25895,"71,04","90,23"
829,91186,Courson-Monteloup,82.45614035,7.395498392,29354,"69,57","88,63"
830,91191,Crosne,70.3622393,9.777389786,23814,"67,25","87,28"
831,91195,Dannemois,83.85269122,9.952606635,26258,"67,57","88,02"
832,91198,D'Huison-Longueville,88.71794872,6.922126082,26387,"68,81","89,53"
833,91200,Dourdan,44.33034739,13.3984375,21457,"68,5","88,54"
834,91201,Draveil,57.80250591,11.35648995,23915,"66,9","88,62"
835,91204,Écharcon,79.67741935,9.523809524,27871,,
836,91207,Égly,54.49709865,13.19985169,21462,,
837,91215,Épinay-sous-Sénart,45.82185491,17.87234043,17173,,
838,91216,Épinay-sur-Orge,68.23474616,10.37306642,26763,,
839,91223,Étampes,44.78269577,16.46552452,18557,,
840,91225,Étiolles,71.66788055,7.537361923,31441,,
841,91226,Étréchy,72.73054755,8.355091384,25033,,
842,91228,Évry-Courcouronnes,42.6024324,18.3111661,17107,,
843,91232,La Ferté-Alais,63.91554702,9.985022466,24272,"61,91","87,28"
844,91235,Fleury-Mérogis,29.83779706,13.16717019,18300,"63,32","87,35"
845,91240,Fontaine-la-Rivière,70.19230769,7.936507937,26967,"71,07","86,26"
846,91243,Fontenay-lès-Briis,80.15873016,7.249070632,27441,"71,77","89,85"
847,91244,Fontenay-le-Vicomte,78.47222222,8.385093168,24793,"69,64","87,05"
848,91247,La Forêt-le-Roi,96.23655914,3.745318352,25164,"67,02","84,11"
849,91248,La Forêt-Sainte-Croix,90,5.128205128,22626,"74,36","85,29"
850,91249,Forges-les-Bains,79.25824176,6.968641115,27584,"70,02","88,05"
851,91272,Gif-sur-Yvette,67.45860331,7.863010776,33295,"74,76","91,41"
852,91273,Gironville-sur-Essonne,90.54054054,5.866666667,23585,"67,08","84,98"
853,91274,Gometz-la-Ville,75.75757576,6.896551724,31081,"73,29","89,09"
854,91275,Gometz-le-Châtel,71.14427861,6.848249027,29234,"71,1","90,51"
855,91284,Les Granges-le-Roi,91.07551487,6.52173913,25029,"72,38","86,76"
856,91286,Grigny,32.14167858,23.81473684,13026,"55,71","91,51"
857,91292,Guibeville,87.75510204,6.633906634,27841,"77,27","88,91"
858,91293,Guigneville-sur-Essonne,85.26912181,11.71548117,25631,"72,13","88,95"
859,91294,Guillerval,86.21794872,9.852216749,25069,"63,97","87,56"
860,91312,Igny,69.81037924,6.969003537,29272,"70,71","90,09"
861,91315,Itteville,86.24901497,7.548256986,25771,"67,79","88,44"
862,91318,Janville-sur-Juine,82.07663782,7.206317868,27590,"68,4","86,16"
863,91319,Janvry,81.30081301,6.52173913,28821,"72,37","88,41"
864,91326,Juvisy-sur-Orge,45.02998596,11.8675466,22478,"65,64","90,28"
865,91330,Lardy,79.12962096,6.370996128,26545,"67,3","87,57"
866,91332,Leudeville,80.14842301,6.385869565,28162,"72,17","88,75"
867,91333,Leuville-sur-Orge,81.40262993,9.336188437,25615,"68,44","88,4"
868,91338,Limours,70.49360146,6.921675774,28123,,
869,91339,Linas,73.79364457,8.776896942,24779,"67,62","89,23"
870,91340,Lisses,65.68627451,8.522575474,24257,"66,2","87,75"
871,91345,Longjumeau,52.19045423,12.29279195,21876,"66,45","88,88"
872,91347,Longpont-sur-Orge,82.15158924,7.663316583,26904,"67,91","89,37"
873,91359,Maisse,81.74311927,8.883994126,23078,"66,86","87,13"
874,91363,Marcoussis,71.50111076,8.50591716,27095,"69,09","88,22"
875,91374,Marolles-en-Beauce,92.68292683,5.833333333,25045,"73,72","88,46"
876,91376,Marolles-en-Hurepoix,72.43166824,7.037457435,26427,"67,5","87,81"
877,91377,Massy,40.68946293,11.14552253,22511,"64,92","90,84"
878,91378,Mauchamps,90.29126214,7.246376812,27146,"66,82","85,14"
879,91386,Mennecy,65.80667963,9.635159882,25987,"67,37","88,97"
880,91390,Le Mérévillois,81.173063,8.676654182,22922,,
881,91393,Mérobert,93.48837209,9.061488673,23620,"70,2","88,33"
882,91399,Mespuits,75.34246575,18.55670103,21949,"72,48","92,31"
883,91405,Milly-la-Forêt,70.92511013,8.851674641,24768,"68,77","86,73"
884,91408,Moigny-sur-École,88.64970646,8.474576271,27111,,
885,91411,Les Molières,83.4965035,5.345211581,32523,"75,59","89,71"
886,91412,Mondeville,91.42857143,9.641873278,25690,"65,43","88,76"
887,91414,Monnerville,83.43949045,7.317073171,23502,"72,27","88,94"
888,91421,Montgeron,60.92126406,10.93667313,23356,"67,27","89,09"
889,91425,Montlhéry,60.69745523,7.836672584,24892,"68,02","88,07"
890,91432,Morangis,68.17839669,10.28051328,24277,68,"88,75"
891,91433,Morigny-Champigny,85.27177089,6.916996047,25974,"67,18","87,69"
892,91434,Morsang-sur-Orge,65.26740187,12.91124713,23062,"63,03","88,51"
893,91435,Morsang-sur-Seine,83.85650224,7.482993197,33083,"71,72","92,21"
894,91441,Nainville-les-Roches,78.46153846,7.2,26382,"67,76","85,81"
895,91457,La Norville,79.13760304,8.158158158,26938,"66,66","87,9"
896,91458,Nozay,75.7118928,6.607073455,27933,"74,4","89,91"
897,91461,Ollainville,78.97310513,6.459525756,25627,"68,19","87,18"
898,91463,Oncy-sur-École,85.4368932,7.9002079,25534,,
899,91468,Ormoy,77.54532775,9.099350046,24059,"68,84","86,98"
900,91469,Ormoy-la-Rivière,86.47887324,7.510729614,26755,"71,14","88,24"
901,91471,Orsay,59.5542775,8.283947436,30417,"73,38","90,84"
902,91473,Orveau,81.57894737,10.08403361,26248,"68,67","81,43"
903,91477,Palaiseau,51.71780393,8.482272807,26366,"70,22","90,53"
904,91479,Paray-Vieille-Poste,62.33766234,10.37762238,23994,"65,07","88,01"
905,91482,Pecqueuse,82.14285714,3.558718861,28278,"76,57","91,29"
906,91494,Le Plessis-Pâté,76.91798942,7.174666007,27278,"71,39","87,33"
907,91495,Plessis-Saint-Benoist,90.09009009,10.81081081,23659,"68,44","87,43"
908,91507,Prunay-sur-Essonne,86.4,7.142857143,23928,"65,73","81,91"
909,91508,Puiselet-le-Marais,81.08108108,6.993006993,26765,"75,36","87,64"
910,91511,Pussay,76.79180887,8.220415537,21200,"65,53","87,1"
911,91514,Quincy-sous-Sénart,59.6544158,13.08973173,22396,"66,03","88,13"
912,91519,Richarville,94.11764706,8.24742268,26980,"73,16","83,58"
913,91521,Ris-Orangis,54.38298633,15.94846735,18962,"64,9","89,38"
914,91525,Roinville,87.25274725,7.246376812,26993,,
915,91526,Roinvilliers,91.66666667,5.660377358,27462,"61,84","82,46"
916,91533,Saclas,77.06293706,10.33707865,22986,"67,94","87,02"
917,91534,Saclay,71.51767152,5.050505051,32046,"75,38","91,03"
918,91538,Saint-Aubin,73.94366197,7.449856734,36170,"79,16","92,24"
919,91540,Saint-Chéron,69.81317601,9.96031746,24783,"67,94","87,95"
920,91544,Saint-Cyr-la-Rivière,88.55721393,9.125475285,26011,"71,2","85,03"
921,91546,Saint-Cyr-sous-Dourdan,87.09677419,5.928853755,27964,"68,21","86,34"
922,91547,Saint-Escobille,91.93548387,10.83032491,23190,"68,19","82,07"
923,91549,Sainte-Geneviève-des-Bois,59.22514224,12.99032094,22370,"66,85","88,7"
924,91552,Saint-Germain-lès-Arpajon,64.0329875,11.48261368,22407,"66,93","88,48"
925,91553,Saint-Germain-lès-Corbeil,77.18365991,9.419889503,28164,"70,53","88,96"
926,91556,Saint-Hilaire,89.17197452,7.042253521,27202,"69,74","86,18"
927,91560,Saint-Jean-de-Beauregard,70.44025157,4.608294931,27206,"78,14","90,19"
928,91568,Saint-Maurice-Montcouronne,92.42424242,5.589307412,31027,"72,63","91,1"
929,91570,Saint-Michel-sur-Orge,54.80547812,12.78832415,22099,"65,32","87,64"
930,91573,Saint-Pierre-du-Perray,63.8076351,9.617050771,24178,"62,01","89,34"
931,91577,Saintry-sur-Seine,82.06195099,9.843806756,25966,"66,83","87,1"
932,91578,Saint-Sulpice-de-Favières,88.28125,11.33333333,31279,"67,97","85,65"
933,91579,Saint-Vrain,80.01686341,5.988023952,26801,"68,47","86,79"
934,91581,Saint-Yon,91.90751445,8.225108225,30066,"68,16","87,14"
935,91587,Saulx-les-Chartreux,71.31967604,8.671988389,25192,"69,74","86,67"
936,91589,Savigny-sur-Orge,64.54112038,11.61479232,24013,"65,11","89,34"
937,91593,Sermaise,89.70814132,6.034482759,26773,"70,15","88,02"
938,91599,Soisy-sur-École,75.61403509,7.606973059,26191,,
939,91600,Soisy-sur-Seine,70.0403497,8.594229589,29380,"67,69","89,18"
940,91602,Souzy-la-Briche,65.54054054,15.67567568,26232,"67,74","86,6"
941,91613,Congerville-Thionville,94.18604651,11.11111111,23058,"68,05","87,12"
942,91617,Tigery,70.57057057,8.044856168,25455,"69,31","89,42"
943,91619,Torfou,86.40776699,6.870229008,29070,"68,34","88,89"
944,91629,Valpuiseaux,91.06382979,7.718120805,25118,"71,85","88,37"
945,91630,Le Val-Saint-Germain,88.69565217,7.972972973,28781,"71,75","89,34"
946,91631,Varennes-Jarcy,81.89066059,8.333333333,29494,"70,86","87,18"
947,91634,Vaugrigneuse,75.98343685,5.379746835,26944,"69,14","88,53"
948,91635,Vauhallan,82.55372946,7.802197802,34940,"73,54","90,23"
949,91639,Vayres-sur-Essonne,90.625,8.505747126,24242,"69,55","87,8"
950,91645,Verrières-le-Buisson,69.68703916,7.294292068,33933,"71,89","91,04"
951,91648,Vert-le-Grand,73.39847991,6.021341463,26579,"67,49","88,76"
952,91649,Vert-le-Petit,64.67847158,8.36076366,25242,"66,43","87,9"
953,91654,Videlles,85.60311284,7.926829268,26660,"70,11","87,56"
954,91657,Vigneux-sur-Seine,48.5122119,15.07159507,19649,"62,15","88,93"
955,91659,Villabé,72.53807107,9.437453738,23605,"68,27","87,37"
956,91661,Villebon-sur-Yvette,60.97942755,7.496251874,27629,"72,62","90,58"
957,91662,Villeconin,90.78014184,8.146067416,28795,"68,6","86,64"
958,91665,La Ville-du-Bois,72.85921626,9.366031829,25432,"66,95","88,86"
959,91666,Villejust,73.37078652,7.488299532,26378,"68,73","86,03"
960,91667,Villemoisson-sur-Orge,77.61887737,8.866155158,28717,"70,85","88,52"
961,91671,Villeneuve-sur-Auvers,90.30837004,5.865102639,26899,"66,94","87,8"
962,91679,Villiers-le-Bâcle,74.4,7.317073171,31538,"77,37","90,25"
963,91685,Villiers-sur-Orge,69.19220056,9.275618375,26228,"68,26","88,55"
964,91687,Viry-Châtillon,50.31690699,14.92476617,20520,,
965,91689,Wissous,66.28462273,7.948899929,27131,"65,91","90,09"
966,91691,Yerres,71.49693561,8.984838958,25746,"66,21","87,3"
967,91692,Les Ulis,36.73317767,15.74215437,18296,"64,41","89,83"
968,92002,Antony,58.90037487,9.393049276,29100,"71,02","90,22"
969,92004,Asnières-sur-Seine,42.18865533,11.44517322,24371,"70,81","91,97"
970,92007,Bagneux,24.10250212,16.41446399,18738,"63,65","90,87"
971,92009,Bois-Colombes,52.22045995,10.01427697,28760,"70,38","91,2"
972,92012,Boulogne-Billancourt,43.74326059,9.831897814,31777,"71,6","91,9"
973,92014,Bourg-la-Reine,50.30843798,9.750320734,31039,"72,2","91,35"
974,92019,Châtenay-Malabry,41.54157044,11.77164865,24150,"68,97","89,78"
975,92020,Châtillon,46.36676077,9.322536046,27542,"71,64","91,37"
976,92022,Chaville,53.35227273,7.849056604,29561,"73,15","91,23"
977,92023,Clamart,50.45489522,10.84588031,26163,"69,72","90,99"
978,92024,Clichy,29.22941951,14.4077961,18789,"68,94","91,29"
979,92025,Colombes,47.47995252,14.0299404,21639,"67,75","90,49"
980,92026,Courbevoie,42.04783452,8.91659752,29389,"69,42","91,29"
981,92032,Fontenay-aux-Roses,42.56198347,10.91821973,24923,"66,06","91,75"
982,92033,Garches,58.41938046,9.26343257,33549,"71,43","90,87"
983,92035,La Garenne-Colombes,48.83597079,8.995072048,29454,"71,35","90,82"
984,92036,Gennevilliers,20.35648299,20.40407718,16716,"62,03","89,51"
985,92040,Issy-les-Moulineaux,39.59721,8.483412322,30422,"68,29","90,72"
986,92044,Levallois-Perret,36.65561407,10.03988209,30931,"72,93","92,02"
987,92046,Malakoff,27.72396238,12.23898984,23087,"68,68","89,51"
988,92047,Marnes-la-Coquette,65.75757576,8.430609598,40190,"71,6","90,06"
989,92048,Meudon,52.86067092,9.884138674,28076,"70,11","91,16"
990,92049,Montrouge,40.80994354,9.818102918,27477,"73,12","91,93"
991,92050,Nanterre,26.3264027,15.83531611,19502,"65,63","91,16"
992,92051,Neuilly-sur-Seine,49.75719736,9.442028986,43849,"75,34","92,16"
993,92060,Le Plessis-Robinson,43.94994134,7.887603306,27545,"70,32","89,37"
994,92062,Puteaux,38.22024901,10.6540502,26976,"72,32","90,64"
995,92063,Rueil-Malmaison,51.87244975,9.359344163,30197,"71,26","91,55"
996,92064,Saint-Cloud,51.30987444,8.719661849,36616,"72,95","91,75"
997,92071,Sceaux,48.93244662,8.931219345,33503,"69,67","91,82"
998,92072,Sèvres,53.27159251,10.60541734,30755,"73,79","91,8"
999,92073,Suresnes,37.96723472,10.12309319,28371,"72,01","90,9"
1000,92075,Vanves,43.6899084,9.908599917,27857,"71,6","91,85"
1001,92076,Vaucresson,71.28911858,8.148148148,38694,"73,54","91,41"
1002,92077,Ville-d'Avray,54.42541778,9.430604982,35338,"76,94","92,27"
1003,92078,Villeneuve-la-Garenne,24.08742927,18.83416017,16843,"58,12","90,19"
1004,93001,Aubervilliers,22.11859384,23.41663394,13241,"56,83","91,39"
1005,93005,Aulnay-sous-Bois,48.1472578,19.55993449,17211,"59,26","90,43"
1006,93006,Bagnolet,35.04484151,18.09603109,16583,"58,37","89,93"
1007,93007,Le Blanc-Mesnil,41.21068069,21.85027863,15804,"60,62","90,03"
1008,93008,Bobigny,26.97534511,24.1931297,14452,"55,47","91,11"
1009,93010,Bondy,42.7361831,22.50833944,15978,"62,62","90,49"
1010,93013,Le Bourget,40.60634621,18.9008856,16325,"61,81","91,01"
1011,93014,Clichy-sous-Bois,35.62541657,22.25950783,13204,"53,4","92,58"
1012,93015,Coubron,84.30735931,8.906711693,25472,"66,23","87,22"
1013,93027,La Courneuve,25.74071591,25.96860219,13399,"60,61","91,47"
1014,93029,Drancy,45.39200177,20.03680836,16846,"59,3","89,16"
1015,93030,Dugny,14.24691358,21.12341772,15584,"58,36","89,43"
1016,93031,Épinay-sur-Seine,34.99680102,17.80185759,15844,,
1017,93032,Gagny,58.58157878,13.75123756,21113,"66,31","90,01"
1018,93033,Gournay-sur-Marne,75.60553633,7.260435038,27681,"69,42","89,04"
1019,93039,L'Île-Saint-Denis,24.08616188,22.85104111,15772,,
1020,93045,Les Lilas,38.92008235,14.68377945,22546,"68,09","91,05"
1021,93046,Livry-Gargan,57.39048568,12.69546657,20447,"65,87","89,48"
1022,93047,Montfermeil,62.14778771,14.64962539,18621,"61,74","90,09"
1023,93048,Montreuil,36.29972565,17.66897747,18428,"63,12","90,62"
1024,93049,Neuilly-Plaisance,60.12380416,11.43737539,24036,"67,58","90,37"
1025,93050,Neuilly-sur-Marne,43.97499461,13.44687195,19199,"65,29","89,67"
1026,93051,Noisy-le-Grand,51.20939622,13.77210274,20826,"66,28","90,61"
1027,93053,Noisy-le-Sec,35.9438605,19.27816473,16395,"59,94","90,2"
1028,93055,Pantin,32.28955533,17.6215127,16851,"64,51","90,76"
1029,93057,Les Pavillons-sous-Bois,56.08568647,13.24068548,20357,"53,27","77,13"
1030,93059,Pierrefitte-sur-Seine,36.14530777,21.77345885,14527,"59,02","91,69"
1031,93061,Le Pré-Saint-Gervais,25.59990206,17.80245849,19257,"65,27","91,25"
1032,93062,Le Raincy,55.85835258,12.04478015,26564,"62,93","90,29"
1033,93063,Romainville,34.86247264,19.41551376,17681,"59,31","90,3"
1034,93064,Rosny-sous-Bois,46.46579805,13.95764454,19947,"60,87","89,06"
1035,93066,Saint-Denis,22.95328294,23.32087171,14622,"56,25","90,78"
1036,93070,Saint-Ouen-sur-Seine,22.62824408,17.61072217,17329,,
1037,93071,Sevran,48.91767211,20.5673136,15784,"59,88","90,34"
1038,93072,Stains,30.3742838,21.42978051,14598,"54,66","89,78"
1039,93073,Tremblay-en-France,57.97716402,15.65176581,20010,"58,71","88,47"
1040,93074,Vaujours,59.59484346,13.08279175,22389,"59,34","89,9"
1041,93077,Villemomble,51.71040871,12.12610069,21782,"67,49","89,2"
1042,93078,Villepinte,57.64775514,20.6102719,17933,"59,04","90,36"
1043,93079,Villetaneuse,24.85549133,24.83801296,14801,"59,17","90,98"
1044,94001,Ablon-sur-Seine,65.14188903,11.46867511,22216,"64,11","88,73"
1045,94002,Alfortville,30.08730357,15.49697641,19695,"66,23","90,05"
1046,94003,Arcueil,30.19387755,14.16583052,21500,"61,66","89,33"
1047,94004,Boissy-Saint-Léger,41.63562753,15.82872573,19780,"64,11","87,98"
1048,94011,Bonneuil-sur-Marne,25.3783293,17.85888672,17688,"60,19",89
1049,94015,Bry-sur-Marne,69.60083408,8.156288156,29024,"67,8","89,26"
1050,94016,Cachan,39.1563007,13.51238228,23126,"68,07","91,24"
1051,94017,Champigny-sur-Marne,45.4192263,14.68130124,19294,"62,08","89,86"
1052,94018,Charenton-le-Pont,38.72652831,10.62172938,27571,"70,24","91,37"
1053,94019,Chennevières-sur-Marne,55.06364139,14.22326833,21539,"66,7","90,18"
1054,94021,Chevilly-Larue,41.51888975,10.37539103,20925,"64,32","90,06"
1055,94022,Choisy-le-Roi,41.4136494,15.44595007,19105,"66,4","89,89"
1056,94028,Créteil,35.62251746,14.95782182,19086,"66,74","90,52"
1057,94033,Fontenay-sous-Bois,45.63779528,14.03482989,23149,"66,29","90,69"
1058,94034,Fresnes,52.93726236,10.04212945,22226,"62,13","90,02"
1059,94037,Gentilly,22.72350503,15.22517634,19914,"64,91","89,5"
1060,94038,L'Haÿ-les-Roses,47.43510981,12.35302068,22273,,
1061,94041,Ivry-sur-Seine,28.64664657,16.40507142,17663,"67,42","89,55"
1062,94042,Joinville-le-Pont,52.10250437,10.98744001,25527,"69,65","90,67"
1063,94043,Le Kremlin-Bicêtre,27.08369136,14.15129565,21805,"63,59","91,27"
1064,94044,Limeil-Brévannes,54.78817734,11.29270818,20971,"65,2","88,99"
1065,94046,Maisons-Alfort,42.36807933,10.3332878,24819,"68,53","89,73"
1066,94047,Mandres-les-Roses,76.82634731,9.058614565,26257,"66,83",88
1067,94048,Marolles-en-Brie,78.87788779,7.39149119,30131,"68,55","88,17"
1068,94048,Marolles-en-Brie,78.87788779,7.39149119,30131,"67,95","88,26"
1069,94052,Nogent-sur-Marne,55.36887745,9.879889128,30242,"68,67","91,67"
1070,94053,Noiseau,73.93874261,7.246998285,26250,"68,07","88,64"
1071,94054,Orly,34.58957728,17.80572262,17754,"63,23","89,35"
1072,94055,Ormesson-sur-Marne,86.4393545,8.819287039,26588,"68,4","89,96"
1073,94056,Périgny,79.17917918,7.692307692,27260,,
1074,94058,Le Perreux-sur-Marne,61.42074312,9.643593857,28317,"67,41","90,31"
1075,94059,Le Plessis-Trévise,59.42947702,9.029390971,24326,"66,08","89,21"
1076,94060,La Queue-en-Brie,68.88519135,10.89507208,23124,"66,86","89,6"
1077,94065,Rungis,65.44021025,7.37921906,28743,"71,55","88,57"
1078,94067,Saint-Mandé,46.7452785,9.576524337,32075,"71,58","93,02"
1079,94068,Saint-Maur-des-Fossés,62.21046059,8.84109589,29213,"71,05","91,06"
1080,94069,Saint-Maurice,40.56662516,10.39215686,25988,"70,61","91,32"
1081,94070,Santeny,75.69099929,8.620689655,29015,"69,18","87,78"
1082,94071,Sucy-en-Brie,65.92320723,10.24706359,25654,"70,85","89,78"
1083,94073,Thiais,52.07701762,12.24831046,22431,"65,23","89,57"
1084,94074,Valenton,26.8525741,21.24531565,16117,"60,59","89,76"
1085,94075,Villecresnes,78.77064717,7.964787256,25707,"69,09","88,45"
1086,94076,Villejuif,38.88090609,14.89268984,19468,"61,39","90,38"
1087,94077,Villeneuve-le-Roi,55.92929045,12.57824726,20539,"60,34","87,36"
1088,94078,Villeneuve-Saint-Georges,35.42019177,17.83842516,15594,"62,27","90,37"
1089,94079,Villiers-sur-Marne,52.51512532,10.12142907,21288,"66,01","89,87"
1090,94080,Vincennes,48.44394601,9.411596175,31451,"74,34","92,1"
1091,94081,Vitry-sur-Seine,36.92671138,17.53891573,17943,"60,69","90,24"
1092,95002,Ableiges,80.71428571,8.747855918,27455,"70,91","86,04"
1093,95008,Aincourt,74.92537313,8.114035088,24988,"73,38","90,89"
1094,95011,Ambleville,86.2745098,12.75510204,24378,"71,58","89,47"
1095,95012,Amenucourt,89.02439024,12.5,23322,"70,63","86,26"
1096,95014,Andilly,64.86784141,9.934318555,28199,"73,08","90,04"
1097,95018,Argenteuil,44.66300884,18.43720271,17595,"62,27","90,53"
1098,95019,Arnouville,71.54158215,16.19433198,18983,"63,96","90,57"
1099,95023,Arronville,82.74509804,8.943089431,27684,"70,72","88,09"
1100,95024,Arthies,80.1980198,9.032258065,26054,"61,06","86,25"
1101,95026,Asnières-sur-Oise,83.08128544,7.931801334,26130,"70,35","88,42"
1102,95028,Attainville,85.81196581,6.087936866,26927,"65,7","88,38"
1103,95039,Auvers-sur-Oise,77.81271838,9.629421673,26918,"68,8","88,65"
1104,95040,Avernes,80.2359882,8.520179372,27683,"73,95","91,22"
1105,95042,Baillet-en-France,80.46272494,6.972301815,27955,"69,14","85,69"
1106,95046,Banthelu,67.85714286,4.819277108,27448,"69,15","86,67"
1107,95051,Beauchamp,74.15793943,11.26115264,26122,"69,4","89,06"
1108,95052,Beaumont-sur-Oise,53.17775571,13.33051206,20168,"64,63","88,38"
1109,95054,Le Bellay-en-Vexin,79.76190476,8.510638298,27053,"74,21","86,76"
1110,95055,Bellefontaine,83.43195266,7.727272727,26899,"65,67","90,37"
1111,95056,Belloy-en-France,84.52830189,8.445642408,25860,"68,76",88
1112,95058,Bernes-sur-Oise,71.34703196,10.49723757,22193,"69,85","86,63"
1113,95059,Berville,79.10447761,6.818181818,26981,"64,53","82,21"
1114,95060,Bessancourt,65.06800286,10.78896013,24794,"64,96","88,21"
1115,95061,Béthemont-la-Forêt,93.97590361,6.435643564,29256,"71,47","89,62"
1116,95063,Bezons,43.84170743,15.83304588,19037,"63,04","90,38"
1117,95074,Boisemont,86.06271777,10.34482759,30206,"68,78","88,52"
1118,95078,Boissy-l'Aillerie,80.20679468,12.04690832,27120,"68,98","86,91"
1119,95088,Bonneuil-en-France,68.4754522,17.46031746,21597,"62,4","86,97"
1120,95091,Bouffémont,63.66574331,11.51779718,23841,"66,97","88,62"
1121,95094,Bouqueval,62.5,11.03896104,22422,"62,5","83,89"
1122,95101,Bray-et-Lû,74.20382166,10.04273504,22850,"71,25","91,39"
1123,95102,Bréançon,85.52631579,7.25388601,29026,"69,84","88,02"
1124,95110,Brignancourt,74.15730337,5.434782609,28613,"69,46","87,22"
1125,95116,Bruyères-sur-Oise,67.64705882,12.39707228,21511,"62,85","87,01"
1126,95119,Buhy,84.55284553,10.65088757,23148,"67,7","88,44"
1127,95120,Butry-sur-Oise,79.8053528,10.11235955,26380,"69,49","90,22"
1128,95127,Cergy,33.15345833,16.43074948,18555,"63,83","91,24"
1129,95134,Champagne-sur-Oise,70.34482759,11.04536489,24682,"64,92","89,09"
1130,95139,La Chapelle-en-Vexin,91.8699187,9.523809524,24817,"69,92","85,94"
1131,95141,Charmont,13.33333333,9.090909091,,"87,5","93,33"
1132,95142,Chars,71.24352332,8.409506399,23365,"71,68","88,42"
1133,95144,Châtenay-en-France,43.47826087,4.87804878,,"83,64","97,87"
1134,95149,Chaumontel,88.04433888,7.475490196,27019,"66,32","87,95"
1135,95150,Chaussy,75.64102564,12.08053691,23185,"66,59","83,01"
1136,95151,Chauvry,82.90598291,10.6918239,28689,"71,3","91,91"
1137,95154,Chennevières-lès-Louvres,65.13761468,7.228915663,23307,"71,78","84,8"
1138,95157,Chérence,60.81081081,16.94915254,23766,"76,77","92,25"
1139,95166,Cléry-en-Vexin,88.125,5.098039216,26812,"65,98","83,96"
1140,95169,Commeny,78.18181818,7.725321888,24966,"75,57","91,72"
1141,95170,Condécourt,80,10.82089552,25566,"72,15","87,18"
1142,95176,Cormeilles-en-Parisis,66.47429732,9.976285878,26053,"67,27","89,28"
1143,95177,Cormeilles-en-Vexin,83.91038697,6.725146199,24397,"71,41","90,94"
1144,95181,Courcelles-sur-Viosne,76.2295082,6.369426752,27051,"67,73","86,63"
1145,95183,Courdimanche,60.96877502,8.934993084,24937,"70,67","90,36"
1146,95197,Deuil-la-Barre,60.39270992,9.757151499,22731,"63,38","90,19"
1147,95199,Domont,66.38790608,9.885589407,23817,"65,11","88,03"
1148,95203,Eaubonne,66.10857935,10.6601066,24812,"67,22","89,57"
1149,95205,Écouen,63.38276836,10.64220183,23629,,
1150,95210,Enghien-les-Bains,54.0766022,10.99099099,28985,"65,68","90,56"
1151,95211,Ennery,78.65429234,6.23853211,27234,"69,27","85,17"
1152,95212,Épiais-lès-Louvres,48.93617021,8.196721311,,,
1153,95213,Épiais-Rhus,90.51383399,6.18556701,28474,,
1154,95214,Épinay-Champlâtreux,42.30769231,6.451612903,,,
1155,95218,Éragny,60.35222052,11.22484588,22617,,
1156,95219,Ermont,51.30838836,11.05867437,22755,"63,9","90,22"
1157,95229,Ézanville,64.52448821,11.19402985,23645,,
1158,95241,Fontenay-en-Parisis,81.29713424,7.289527721,24534,"71,82","89,13"
1159,95250,Fosses,74.60770328,10.63605729,21960,"62,22","88,08"
1160,95252,Franconville,58.77023516,12.7579938,22052,"63,6","89,55"
1161,95253,Frémainville,90.27027027,8.846153846,29610,"68,53","85,1"
1162,95254,Frémécourt,90.25641026,6.129032258,26578,"67,07","86,83"
1163,95256,Frépillon,78.76254181,7.573047108,26012,"66,82","89,75"
1164,95257,La Frette-sur-Seine,80.57784912,9.304310713,28876,"69,78","88,14"
1165,95258,Frouville,85.16129032,6.52173913,30294,"71,69","85,98"
1166,95268,Garges-lès-Gonesse,35.34163332,20.11576626,14182,"58,1","91,54"
1167,95270,Genainville,82.72727273,5.395683453,24831,"70,5","88,67"
1168,95271,Génicourt,85.78431373,6.620209059,28010,"69,39","86,9"
1169,95277,Gonesse,42.5793908,17.34627832,17626,"57,78","90,6"
1170,95280,Goussainville,53.62776025,18.21385776,16800,"59,49","90,59"
1171,95282,Gouzangrez,81.53846154,4.494382022,26407,"72,18","82,76"
1172,95287,Grisy-les-Plâtres,76.02739726,10.62176166,27221,"72,09","86,51"
1173,95288,Groslay,67.50798722,10.98578841,23951,"65,85","89,08"
1174,95295,Guiry-en-Vexin,71.23287671,9.183673469,27777,"72,54","85,12"
1175,95298,Haravilliers,86.06965174,5.395683453,27974,"73,91","90,53"
1176,95301,Haute-Isle,87.78625954,13.19444444,23185,"71,83","90,53"
1177,95303,Le Heaulme,88.50574713,8.035714286,26266,"66,23","82,93"
1178,95304,Hédouville,94.59459459,6.349206349,33695,"74,38","92,31"
1179,95306,Herblay-sur-Seine,69.92205841,9.527418021,25147,,
1180,95308,Hérouville-en-Vexin,85.77777778,6.727828746,26625,,
1181,95309,Hodent,81.81818182,5.357142857,23982,"72,78","86,47"
1182,95313,L'Isle-Adam,57.51729159,9.681905093,26526,"70,18","87,31"
1183,95316,Jagny-sous-Bois,87,5.691056911,28001,"73,6","85,29"
1184,95323,Jouy-le-Moutier,66.32058288,11.79436724,22989,"65,11","88,76"
1185,95328,Labbeville,72.22222222,5.698005698,26337,"73,89","89,82"
1186,95331,Lassy,70.58823529,2.105263158,27445,"72,27","87,76"
1187,95341,Livilliers,78,6.486486486,29237,"72,3","90,54"
1188,95348,Longuesse,84.3902439,7.508532423,27579,"69,83","86,22"
1189,95351,Louvres,61.69582773,11.76816135,21284,"60,31","89,42"
1190,95352,Luzarches,62.96101159,9.661620659,25551,"66,13","88,41"
1191,95353,Maffliers,84.59119497,6.28115653,25853,"68,15","87,89"
1192,95355,Magny-en-Vexin,52.49776985,14.56622635,21340,"67,18","88,37"
1193,95365,Mareil-en-France,71.16104869,8.356545961,27267,"71,19","90,57"
1194,95369,Margency,76.46090535,8.398576512,29717,"73,02","89,1"
1195,95370,Marines,65.04854369,10.82474227,24397,"69,97","89,3"
1196,95371,Marly-la-Ville,79.83909134,9.710094307,25027,"64,28","87,64"
1197,95379,Maudétour-en-Vexin,92.30769231,3.260869565,31040,"76,97","85,81"
1198,95387,Menouville,80.76923077,8.571428571,,56,"82,35"
1199,95388,Menucourt,74.7029703,9.325469959,24427,"65,36","87,2"
1200,95392,Mériel,77.11567351,8.174386921,25710,"67,39","87,92"
1201,95394,Méry-sur-Oise,67.67591814,9.33651172,23944,"66,5","87,92"
1202,95395,Le Mesnil-Aubry,89.34169279,7.2265625,26526,"69,09","88,74"
1203,95409,Moisselles,73.283859,6.967741935,26267,"69,74","88,31"
1204,95422,Montgeroult,81.92771084,13.19796954,28753,"69,28","88,4"
1205,95424,Montigny-lès-Cormeilles,55.29163739,14.08619314,19983,"62,28","90,17"
1206,95426,Montlignon,76.23931624,6.770098731,30751,"69,54","88,16"
1207,95427,Montmagny,57.02378532,14.59267275,19056,"62,31","90,68"
1208,95428,Montmorency,57.70276393,10.97976357,26411,"67,91","90,21"
1209,95429,Montreuil-sur-Epte,93.82716049,10.40723982,24424,"71,47","88,36"
1210,95430,Montsoult,78.84333821,8.193779904,27291,"65,91","86,28"
1211,95436,Mours,88.75432526,7.722513089,26076,"68,49","87,01"
1212,95438,Moussy,75,7.352941176,24159,"58,75","82,46"
1213,95445,Nerville-la-Forêt,86.29032258,6.148867314,27591,"70,76","87,09"
1214,95446,Nesles-la-Vallée,81.99737188,9.385113269,28691,"71,08","89,69"
1215,95447,Neuilly-en-Vexin,67.07317073,8.333333333,25286,"62,24","79,46"
1216,95450,Neuville-sur-Oise,47.84276127,8.018018018,30203,"71,97","89,38"
1217,95452,Nointel,83.93939394,6.812652068,26509,"65,69","85,17"
1218,95456,Noisy-sur-Oise,74.90494297,9.295774648,25708,"67,65","87,67"
1219,95459,Nucourt,84.79087452,8.648648649,25201,"75,41","90,2"
1220,95462,Omerville,79.52755906,7.051282051,24677,"70,04","85,22"
1221,95476,Osny,69.03693476,11.73096976,24034,"66,33","89,59"
1222,95480,Parmain,80.5890874,9.097395648,26099,"63,98","87,67"
1223,95483,Le Perchay,75.37688442,10.13986014,26168,"72,59","89,38"
1224,95487,Persan,43.16562298,17.820013,17750,"63,79","89,55"
1225,95488,Pierrelaye,54.98800137,12.55240444,21464,"62,56","89,18"
1226,95489,Piscop,84.6743295,12.35294118,26431,"71,03","90,4"
1227,95491,Le Plessis-Bouchard,77.26583813,8.661228407,26765,"69,71","89,48"
1228,95492,Le Plessis-Gassot,41.66666667,2.43902439,,"51,22","61,76"
1229,95493,Le Plessis-Luzarches,83.07692308,8.196721311,26769,"60,18","78,16"
1230,95500,Pontoise,39.1693241,11.36531862,20004,"63,26","89,48"
1231,95504,Presles,88.79892038,8.396124865,27435,"67,16","86,18"
1232,95509,Puiseux-en-France,86.07003891,9.246954596,24496,"62,47","89,41"
1233,95510,Puiseux-Pontoise,78.85714286,8.970099668,25133,"79,4","94,44"
1234,95523,La Roche-Guyon,61.34020619,12.32876712,21801,"64,43","86,88"
1235,95527,Roissy-en-France,31.57492355,9.853817001,24477,"62,6","89,14"
1236,95529,Ronquerolles,87.97653959,8.866995074,27458,"68,38","88,57"
1237,95535,Sagy,86.6359447,6.41509434,26902,"64,66","86,08"
1238,95539,Saint-Brice-sous-Forêt,62.25800615,12.81595846,22681,"65,32","90,52"
1239,95541,Saint-Clair-sur-Epte,64.59627329,17.63392857,21009,"67,92","91,21"
1240,95543,Saint-Cyr-en-Arthies,89.8989899,10.09174312,25381,"75,14","90,28"
1241,95554,Saint-Gervais,86.55913978,5.957446809,26769,"69,08","86,78"
1242,95555,Saint-Gratien,48.56620587,15.04336557,21729,"63,29","90,03"
1243,95563,Saint-Leu-la-Forêt,70.07759457,11.20321202,26155,"68,33","89,61"
1244,95566,Saint-Martin-du-Tertre,66.49537513,9.643128322,23882,"62,01","87,44"
1245,95572,Saint-Ouen-l'Aumône,48.32,12.3525557,19633,"64,46","89,89"
1246,95574,Saint-Prix,76.41369048,9.939845317,28926,"64,07","87,8"
1247,95580,Saint-Witz,89.55223881,7.078853047,34466,"73,54","90,94"
1248,95582,Sannois,55.14975845,13.31216775,22188,"66,2","90,46"
1249,95584,Santeuil,87.45098039,9.467455621,28639,"73,7","87,81"
1250,95585,Sarcelles,32.54310345,22.31088414,15074,"60,6","92,87"
1251,95592,Seraincourt,81.78438662,8.219178082,27126,"69,75","90,04"
1252,95594,Seugy,79.51807229,8.938547486,27147,"68,11","88,3"
1253,95598,Soisy-sous-Montmorency,57.15438408,11.85361973,23743,"63,86","90,29"
1254,95604,Survilliers,57.1774682,11.4379085,21811,"64,82","87,71"
1255,95607,Taverny,64.61154326,10.68335695,23320,"65,83","89,4"
1256,95610,Théméricourt,83.18584071,5.369127517,27762,"67,23","84,04"
1257,95611,Theuville,6.666666667,12.5,,"65,38","89,47"
1258,95612,Le Thillay,69.90654206,13.56238698,20863,"65,68","90,5"
1259,95625,Us,84.35643564,6.980273141,26347,"73,6","89,32"
1260,95627,Vallangoujard,91.32231405,6.707317073,28930,"74,63","91,69"
1261,95628,Valmondois,83.6935167,9.728867624,27654,"72,18","90,83"
1262,95633,Vaudherland,70.58823529,12,,"72,13","95,65"
1263,95637,Vauréal,66.43134486,11.86797753,22894,"62,51","89,27"
1264,95641,Vémars,62.44635193,9.923664122,24984,"58,85","87,83"
1265,95651,Vétheuil,74.27821522,8.564231738,23407,"71,59","87,78"
1266,95652,Viarmes,75.65632458,9.880952381,25400,"65,66","86,8"
1267,95656,Vienne-en-Arthies,83.13953488,11.50442478,26161,"76,54","88,57"
1268,95658,Vigny,80.88235294,10.52631579,27436,"69,07","87,93"
1269,95660,Villaines-sous-Bois,88.23529412,8.232445521,27794,"76,04","89,76"
1270,95675,Villeron,74.14965986,7.126436782,27120,"70,49","87,36"
1271,95676,Villers-en-Arthies,82.77511962,8.139534884,26249,"67,02","84,49"
1272,95678,Villiers-Adam,87.74928775,8.495145631,29746,"70,32","84,93"
1273,95680,Villiers-le-Bel,35.77054066,21.85263158,14903,"57,75","91,2"
1274,95682,Villiers-le-Sec,72.22222222,11.88118812,26166,"71,67","84,31"
1275,95690,Wy-dit-Joli-Village,84.93150685,4.371584699,29516,"73,79","89,06"
