,insee,year,population,pct_ch,steps
0,78561,1962,224.0,1.1666666666666667,1
1,78561,1968,198.0,0.8839285714285714,2
2,78561,1975,371.0,1.8737373737373737,3
3,78561,1982,376.0,1.013477088948787,4
4,78561,1990,382.0,1.0159574468085106,5
5,78561,1999,379.0,0.9921465968586387,6
6,78561,2006,375.0,0.9894459102902374,7
7,78561,2012,440.0,1.1733333333333333,8
8,78561,2017,452.0,1.0272727272727273,9
9,91338,1962,1965.0,1.1613475177304964,1
10,91338,1968,2264.0,1.1521628498727736,2
11,91338,1975,4201.0,1.855565371024735,3
12,91338,1982,4774.0,1.1363960961675792,4
13,91338,1990,6324.0,1.3246753246753247,5
14,91338,1999,6471.0,1.0232447817836812,6
15,91338,2006,6283.0,0.9709473033534229,7
16,91338,2012,6560.0,1.0440872194811395,8
17,91338,2017,6625.0,1.009908536585366,9
18,91122,1962,3682.0,1.9207094418362023,1
19,91122,1968,5733.0,1.5570342205323193,2
20,91122,1975,6870.0,1.1983254840397697,3
21,91122,1982,7764.0,1.1301310043668122,4
22,91122,1990,9227.0,1.1884337970118495,5
23,91122,1999,9677.0,1.048769914381706,6
24,91122,2006,9713.0,1.0037201612069857,7
25,91122,2012,9726.0,1.0013384124369402,8
26,91122,2017,9804.0,1.0080197409006786,9
27,78343,1962,596.0,1.2521008403361344,1
28,78343,1968,712.0,1.1946308724832215,2
29,78343,1975,1345.0,1.8890449438202248,3
30,78343,1982,1597.0,1.187360594795539,4
31,78343,1990,1506.0,0.9430181590482154,5
32,78343,1999,1448.0,0.9614873837981408,6
33,78343,2006,1453.0,1.0034530386740332,7
34,78343,2012,1550.0,1.0667584308327598,8
35,78343,2017,1564.0,1.0090322580645161,9
36,91679,1962,238.0,1.096774193548387,1
37,91679,1968,256.0,1.0756302521008403,2
38,91679,1975,225.0,0.87890625,3
39,91679,1982,750.0,3.3333333333333335,4
40,91679,1990,953.0,1.2706666666666666,5
41,91679,1999,1092.0,1.1458551941238195,6
42,91679,2006,1156.0,1.0586080586080586,7
43,91679,2012,1245.0,1.0769896193771626,8
44,91679,2017,1237.0,0.993574297188755,9
45,78620,1962,208.0,1.3164556962025316,1
46,78620,1968,247.0,1.1875,2
47,78620,1975,174.0,0.7044534412955465,3
48,78620,1982,150.0,0.8620689655172413,4
49,78620,1990,686.0,4.573333333333333,5
50,78620,1999,660.0,0.9620991253644315,6
51,78620,2006,831.0,1.259090909090909,7
52,78620,2012,1135.0,1.3658243080625752,8
53,78620,2017,1170.0,1.0308370044052864,9
54,78143,1962,717.0,1.24263431542461,1
55,78143,1968,749.0,1.0446304044630403,2
56,78143,1975,812.0,1.0841121495327102,3
57,78143,1982,769.0,0.9470443349753694,4
58,78143,1990,1427.0,1.8556566970091026,5
59,78143,1999,1452.0,1.017519271198318,6
60,78143,2006,1409.0,0.9703856749311295,7
61,78143,2012,1401.0,0.9943222143364088,8
62,78143,2017,1394.0,0.9950035688793719,9
63,91275,1962,762.0,1.6387096774193548,1
64,91275,1968,978.0,1.2834645669291338,2
65,91275,1975,1342.0,1.3721881390593047,3
66,91275,1982,1407.0,1.048435171385991,4
67,91275,1990,1763.0,1.2530206112295665,5
68,91275,1999,1849.0,1.048780487804878,6
69,91275,2006,2060.0,1.1141157382368847,7
70,91275,2012,2618.0,1.270873786407767,8
71,91275,2017,2752.0,1.0511841100076393,9
72,78322,1962,4143.0,1.632387706855792,1
73,78322,1968,5477.0,1.3219888969345885,2
74,78322,1975,7221.0,1.3184224940660947,3
75,78322,1982,7664.0,1.061348843650464,4
76,78322,1990,7687.0,1.0030010438413361,5
77,78322,1999,8039.0,1.0457915962013788,6
78,78322,2006,8055.0,1.0019902973006594,7
79,78322,2012,8251.0,1.024332712600869,8
80,78322,2017,8191.0,0.9927281541631318,9
81,78117,1962,1965.0,1.789617486338798,1
82,78117,1968,2655.0,1.3511450381679388,2
83,78117,1975,3908.0,1.471939736346516,3
84,78117,1982,4820.0,1.233367451381781,4
85,78117,1990,5434.0,1.1273858921161826,5
86,78117,1999,5743.0,1.0568641884431358,6
87,78117,2006,5502.0,0.9580358697544837,7
88,78117,2012,5462.0,0.9927299163940385,8
89,78117,2017,5821.0,1.0657268399853534,9
90,78297,1962,1243.0,1.4521028037383177,1
91,78297,1968,1492.0,1.2003218020917137,2
92,78297,1975,3450.0,2.312332439678284,3
93,78297,1982,10983.0,3.183478260869565,4
94,78297,1990,18307.0,1.6668487662751525,5
95,78297,1999,25051.0,1.3683836783743923,6
96,78297,2006,28219.0,1.126462017484332,7
97,78297,2012,28039.0,0.9936213189694887,8
98,78297,2017,28633.0,1.0211847783444488,9
99,91471,1962,9344.0,1.8017740069417663,1
100,91471,1968,12087.0,1.2935573630136987,2
101,91471,1975,13530.0,1.1193844626458178,3
102,91471,1982,14057.0,1.0389504804138951,4
103,91471,1990,14849.0,1.0563420359963007,5
104,91471,1999,16219.0,1.0922621051922687,6
105,91471,2006,16597.0,1.0233059991368147,7
106,91471,2012,15880.0,0.9567994215822136,8
107,91471,2017,16421.0,1.0340680100755668,9
108,78356,1962,1021.0,1.4775687409551375,1
109,78356,1968,1228.0,1.2027424094025465,2
110,78356,1975,2902.0,2.3631921824104234,3
111,78356,1982,7035.0,2.4241902136457614,4
112,78356,1990,7800.0,1.1087420042643923,5
113,78356,1999,8781.0,1.1257692307692309,6
114,78356,2006,8857.0,1.0086550506775993,7
115,78356,2012,9061.0,1.0230326295585412,8
116,78356,2017,9327.0,1.0293565831585918,9
117,91274,1962,376.0,1.5284552845528456,1
118,91274,1968,325.0,0.8643617021276596,2
119,91274,1975,608.0,1.8707692307692307,3
120,91274,1982,809.0,1.330592105263158,4
121,91274,1990,887.0,1.096415327564895,5
122,91274,1999,984.0,1.109357384441939,6
123,91274,2006,1030.0,1.0467479674796747,7
124,91274,2012,1397.0,1.3563106796116504,8
125,91274,2017,1483.0,1.0615604867573372,9
126,91272,1962,4058.0,2.460885385081868,1
127,91272,1968,7298.0,1.7984228684080827,2
128,91272,1975,12945.0,1.7737736366127705,3
129,91272,1982,17166.0,1.326071842410197,4
130,91272,1990,19754.0,1.1507631364324828,5
131,91272,1999,21352.0,1.080895008605852,6
132,91272,2006,21816.0,1.0217309853877856,7
133,91272,2012,20346.0,0.9326182618261826,8
134,91272,2017,21379.0,1.0507716504472624,9
135,78575,1962,3082.0,1.6952695269526952,1
136,78575,1968,3488.0,1.1317326411421156,2
137,78575,1975,4807.0,1.3781536697247707,3
138,78575,1982,5221.0,1.0861244019138756,4
139,78575,1990,5589.0,1.0704845814977975,5
140,78575,1999,7650.0,1.3687600644122384,6
141,78575,2006,7858.0,1.0271895424836601,7
142,78575,2012,7730.0,0.9837108679053195,8
143,78575,2017,7862.0,1.0170763260025872,9
144,91319,1962,327.0,1.1554770318021201,1
145,91319,1968,302.0,0.9235474006116208,2
146,91319,1975,459.0,1.5198675496688743,3
147,91319,1982,432.0,0.9411764705882353,4
148,91319,1990,487.0,1.1273148148148149,5
149,91319,1999,530.0,1.0882956878850103,6
150,91319,2006,626.0,1.181132075471698,7
151,91319,2012,603.0,0.963258785942492,8
152,91319,2017,636.0,1.054726368159204,9
153,91560,1962,206.0,1.08994708994709,1
154,91560,1968,226.0,1.0970873786407767,2
155,91560,1975,224.0,0.9911504424778761,3
156,91560,1982,237.0,1.0580357142857142,4
157,91560,1990,265.0,1.1181434599156117,5
158,91560,1999,283.0,1.0679245283018868,6
159,91560,2006,275.0,0.9717314487632509,7
160,91560,2012,284.0,1.0327272727272727,8
161,91560,2017,441.0,1.5528169014084507,9
162,91111,1962,1007.0,1.0622362869198312,1
163,91111,1968,1059.0,1.051638530287984,2
164,91111,1975,1547.0,1.4608120868744099,3
165,91111,1982,1850.0,1.195862960568843,4
166,91111,1990,2220.0,1.2,5
167,91111,1999,3212.0,1.446846846846847,6
168,91111,2006,3342.0,1.0404732254047322,7
169,91111,2012,3551.0,1.0625374027528427,8
170,91111,2017,3408.0,0.959729653618699,9
171,91249,1962,920.0,0.9108910891089109,1
172,91249,1968,1164.0,1.2652173913043478,2
173,91249,1975,1374.0,1.1804123711340206,3
174,91249,1982,2017.0,1.467976710334789,4
175,91249,1990,2757.0,1.3668815071888945,5
176,91249,1999,3230.0,1.171563293434893,6
177,91249,2006,3651.0,1.1303405572755418,7
178,91249,2012,3754.0,1.0282114489181047,8
179,91249,2017,3851.0,1.0258391049547149,9
180,78545,1962,9309.0,2.0928507194244603,1
181,78545,1968,16001.0,1.7188742077559351,2
182,78545,1975,16537.0,1.0334979063808512,3
183,78545,1982,14996.0,0.9068150208623088,4
184,78545,1990,14829.0,0.9888636969858629,5
185,78545,1999,14585.0,0.9835457549396452,6
186,78545,2006,15778.0,1.0817963661295853,7
187,78545,2012,17562.0,1.1130688300164786,8
188,78545,2017,18795.0,1.0702084045097369,9
189,91534,1962,1666.0,2.700162074554295,1
190,91534,1968,1991.0,1.195078031212485,2
191,91534,1975,2037.0,1.023103967855349,3
192,91534,1982,1865.0,0.9155621011291114,4
193,91534,1990,2894.0,1.5517426273458446,5
194,91534,1999,2882.0,0.9958534899792675,6
195,91534,2006,3003.0,1.0419847328244274,7
196,91534,2012,3637.0,1.211122211122211,8
197,91534,2017,4029.0,1.1077811383007974,9
198,78160,1962,2744.0,1.2980132450331126,1
199,78160,1968,3409.0,1.2423469387755102,2
200,78160,1975,4186.0,1.2279260780287475,3
201,78160,1982,4811.0,1.149307214524606,4
202,78160,1990,5027.0,1.044897110787778,5
203,78160,1999,5360.0,1.0662422916252239,6
204,78160,2006,5693.0,1.0621268656716418,7
205,78160,2012,5789.0,1.0168628139820832,8
206,78160,2017,5678.0,0.9808257039212299,9
207,91538,1962,117.0,1.054054054054054,1
208,91538,1968,176.0,1.5042735042735043,2
209,91538,1975,153.0,0.8693181818181818,3
210,91538,1982,448.0,2.9281045751633985,4
211,91538,1990,736.0,1.6428571428571428,5
212,91538,1999,695.0,0.9442934782608695,6
213,91538,2006,648.0,0.9323741007194245,7
214,91538,2012,699.0,1.0787037037037037,8
215,91538,2017,703.0,1.005722460658083,9
216,78688,1962,594.0,1.2829373650107991,1
217,78688,1968,680.0,1.1447811447811447,2
218,78688,1975,2132.0,3.135294117647059,3
219,78688,1982,5229.0,2.452626641651032,4
220,78688,1990,11220.0,2.1457257601835913,5
221,78688,1999,12150.0,1.0828877005347595,6
222,78688,2006,12366.0,1.0177777777777777,7
223,78688,2012,11470.0,0.9275432637878053,8
224,78688,2017,11088.0,0.9666957279860505,9
225,91411,1962,542.0,1.3091787439613527,1
226,91411,1968,645.0,1.1900369003690037,2
227,91411,1975,983.0,1.524031007751938,3
228,91411,1982,1125.0,1.1444557477110886,4
229,91411,1990,1559.0,1.3857777777777778,5
230,91411,1999,1652.0,1.0596536241180243,6
231,91411,2006,1804.0,1.0920096852300243,7
232,91411,2012,1981.0,1.0981152993348116,8
233,91411,2017,1914.0,0.9661786976274609,9
234,91482,1962,216.0,1.2272727272727273,1
235,91482,1968,222.0,1.0277777777777777,2
236,91482,1975,279.0,1.2567567567567568,3
237,91482,1982,329.0,1.17921146953405,4
238,91482,1990,474.0,1.4407294832826747,5
239,91482,1999,587.0,1.238396624472574,6
240,91482,2006,580.0,0.9880749574105622,7
241,91482,2012,632.0,1.089655172413793,8
242,91482,2017,549.0,0.8686708860759493,9
243,78162,1962,393.0,1.3789473684210527,1
244,78162,1968,391.0,0.9949109414758269,2
245,78162,1975,461.0,1.1790281329923273,3
246,78162,1982,462.0,1.002169197396963,4
247,78162,1990,551.0,1.1926406926406927,5
248,78162,1999,539.0,0.9782214156079855,6
249,78162,2006,518.0,0.961038961038961,7
250,78162,2012,538.0,1.0386100386100385,8
251,78162,2017,556.0,1.033457249070632,9
252,78406,1962,282.0,1.558011049723757,1
253,78406,1968,233.0,0.8262411347517731,2
254,78406,1975,288.0,1.2360515021459229,3
255,78406,1982,340.0,1.1805555555555556,4
256,78406,1990,335.0,0.9852941176470589,5
257,78406,1999,340.0,1.0149253731343284,6
258,78406,2006,321.0,0.9441176470588235,7
259,78406,2012,279.0,0.8691588785046729,8
260,78406,2017,289.0,1.03584229390681,9
261,91093,1962,206.0,1.2189349112426036,1
262,91093,1968,253.0,1.2281553398058251,2
263,91093,1975,339.0,1.3399209486166008,3
264,91093,1982,416.0,1.2271386430678466,4
265,91093,1990,509.0,1.2235576923076923,5
266,91093,1999,581.0,1.1414538310412574,6
267,91093,2006,635.0,1.0929432013769362,7
268,91093,2012,632.0,0.9952755905511811,8
269,91093,2017,643.0,1.0174050632911393,9
270,91634,1962,281.0,1.0035714285714286,1
271,91634,1968,338.0,1.2028469750889679,2
272,91634,1975,508.0,1.5029585798816567,3
273,91634,1982,700.0,1.3779527559055118,4
274,91634,1990,903.0,1.29,5
275,91634,1999,1085.0,1.2015503875968991,6
276,91634,2006,1203.0,1.1087557603686635,7
277,91634,2012,1304.0,1.083956774729842,8
278,91634,2017,1287.0,0.9869631901840491,9
279,78548,1962,273.0,1.2297297297297298,1
280,78548,1968,235.0,0.8608058608058609,2
281,78548,1975,290.0,1.2340425531914894,3
282,78548,1982,370.0,1.2758620689655173,4
283,78548,1990,458.0,1.2378378378378379,5
284,78548,1999,521.0,1.1375545851528384,6
285,78548,2006,484.0,0.9289827255278311,7
286,78548,2012,459.0,0.9483471074380165,8
287,78548,2017,518.0,1.1285403050108933,9
288,91312,1962,5514.0,1.4862533692722373,1
289,91312,1968,7794.0,1.4134929270946681,2
290,91312,1975,9102.0,1.1678214010777521,3
291,91312,1982,9235.0,1.0146121731487585,4
292,91312,1990,9428.0,1.020898754737412,5
293,91312,1999,9375.0,0.9943784471786169,6
294,91312,2006,10184.0,1.0862933333333333,7
295,91312,2012,10573.0,1.038197172034564,8
296,91312,2017,10052.0,0.9507235410952426,9
297,91666,1962,716.0,1.3795761078998072,1
298,91666,1968,793.0,1.1075418994413408,2
299,91666,1975,889.0,1.1210592686002523,3
300,91666,1982,917.0,1.031496062992126,4
301,91666,1990,1324.0,1.4438386041439477,5
302,91666,1999,1657.0,1.251510574018127,6
303,91666,2006,2059.0,1.2426071213035605,7
304,91666,2012,2268.0,1.1015055852355513,8
305,91666,2017,2385.0,1.0515873015873016,9
306,91635,1962,1085.0,1.9908256880733946,1
307,91635,1968,1757.0,1.6193548387096774,2
308,91635,1975,1856.0,1.0563460443938533,3
309,91635,1982,1775.0,0.9563577586206896,4
310,91635,1990,1795.0,1.0112676056338028,5
311,91635,1999,2060.0,1.1476323119777159,6
312,91635,2006,2010.0,0.9757281553398058,7
313,91635,2012,1956.0,0.9731343283582089,8
314,91635,2017,2059.0,1.0526584867075666,9
315,91186,1962,145.0,1.1328125,1
316,91186,1968,146.0,1.006896551724138,2
317,91186,1975,209.0,1.4315068493150684,3
318,91186,1982,302.0,1.444976076555024,4
319,91186,1990,461.0,1.5264900662251655,5
320,91186,1999,585.0,1.2689804772234274,6
321,91186,2006,583.0,0.9965811965811966,7
322,91186,2012,608.0,1.0428816466552315,8
323,91186,2017,572.0,0.9407894736842105,9
324,91243,1962,847.0,0.75625,1
325,91243,1968,929.0,1.0968122786304604,2
326,91243,1975,1168.0,1.257265877287406,3
327,91243,1982,1204.0,1.0308219178082192,4
328,91243,1990,1567.0,1.3014950166112957,5
329,91243,1999,1707.0,1.089342693044033,6
330,91243,2006,1713.0,1.0035149384885764,7
331,91243,2012,1882.0,1.0986573263280794,8
332,91243,2017,2149.0,1.1418703506907546,9
333,91477,1962,16326.0,2.0351533283470458,1
334,91477,1968,23343.0,1.4298052186696069,2
335,91477,1975,28716.0,1.2301760699138928,3
336,91477,1982,28369.0,0.9879161443097925,4
337,91477,1990,28395.0,1.000916493355423,5
338,91477,1999,28959.0,1.0198626518753302,6
339,91477,2006,30339.0,1.0476535791981767,7
340,91477,2012,30268.0,0.9976597778436995,8
341,91477,2017,35514.0,1.1733183560195586,9
342,91363,1962,2187.0,1.2715116279069767,1
343,91363,1968,2635.0,1.2048468221307727,2
344,91363,1975,3980.0,1.5104364326375712,3
345,91363,1982,4465.0,1.1218592964824121,4
346,91363,1990,5680.0,1.2721164613661815,5
347,91363,1999,7210.0,1.2693661971830985,6
348,91363,2006,7647.0,1.060610263522885,7
349,91363,2012,8007.0,1.0470772852098862,8
350,91363,2017,8139.0,1.0164855751217685,9
351,78640,1962,6402.0,1.6967930029154519,1
352,78640,1968,15471.0,2.416588566073102,2
353,78640,1975,22611.0,1.461508629047896,3
354,78640,1982,22430.0,0.991995046658706,4
355,78640,1990,20725.0,0.9239857333927776,5
356,78640,1999,20344.0,0.9816164053075995,6
357,78640,2006,20030.0,0.9845654738497838,7
358,78640,2012,21104.0,1.0536195706440339,8
359,78640,2017,22036.0,1.0441622441243366,9
360,91064,1962,2712.0,1.751937984496124,1
361,91064,1968,3323.0,1.2252949852507375,2
362,91064,1975,4133.0,1.2437556424917244,3
363,91064,1982,3844.0,0.9300750060488749,4
364,91064,1990,4209.0,1.0949531737773153,5
365,91064,1999,4017.0,0.9543834640057021,6
366,91064,2006,4990.0,1.2422205626089122,7
367,91064,2012,4433.0,0.8883767535070141,8
368,91064,2017,4639.0,1.0464696593728853,9
369,91661,1962,3033.0,1.6306451612903226,1
370,91661,1968,4949.0,1.6317177711836466,2
371,91661,1975,7234.0,1.4617094362497474,3
372,91661,1982,7728.0,1.0682886369919824,4
373,91661,1990,9080.0,1.1749482401656315,5
374,91661,1999,9372.0,1.03215859030837,6
375,91661,2006,9600.0,1.0243277848911652,7
376,91661,2012,9859.0,1.0269791666666668,8
377,91661,2017,10489.0,1.0639010041586368,9
378,91458,1962,467.0,1.6385964912280702,1
379,91458,1968,668.0,1.430406852248394,2
380,91458,1975,1820.0,2.7245508982035926,3
381,91458,1982,2653.0,1.4576923076923076,4
382,91458,1990,2636.0,0.9935921598190728,5
383,91458,1999,4277.0,1.622534142640364,6
384,91458,2006,4705.0,1.1000701426233341,7
385,91458,2012,4757.0,1.0110520722635494,8
386,91458,2017,4642.0,0.9758250998528485,9
387,91216,1962,6103.0,1.672513017265004,1
388,91216,1968,9032.0,1.479927904309356,2
389,91216,1975,9366.0,1.036979627989371,3
390,91216,1982,8745.0,0.9336963484945547,4
391,91216,1990,9688.0,1.107833047455689,5
392,91216,1999,9366.0,0.9667630057803468,6
393,91216,2006,10118.0,1.0802904121289771,7
394,91216,2012,10285.0,1.0165052381893656,8
395,91216,2017,11270.0,1.095770539620807,9
396,91667,1962,2767.0,1.4647961884595024,1
397,91667,1968,3404.0,1.2302132273220094,2
398,91667,1975,4050.0,1.1897767332549942,3
399,91667,1982,4104.0,1.0133333333333334,4
400,91667,1990,6404.0,1.560428849902534,5
401,91667,1999,6872.0,1.0730793254216116,6
402,91667,2006,6878.0,1.000873108265425,7
403,91667,2012,7003.0,1.0181738877580693,8
404,91667,2017,6996.0,0.9990004283878338,9
405,91432,1962,5220.0,2.116788321167883,1
406,91432,1968,6874.0,1.3168582375478928,2
407,91432,1975,8492.0,1.2353796915915043,3
408,91432,1982,9416.0,1.1088082901554404,4
409,91432,1990,10043.0,1.066588785046729,5
410,91432,1999,10611.0,1.056556805735338,6
411,91432,2006,11481.0,1.0819903873338987,7
412,91432,2012,12476.0,1.0866649246581308,8
413,91432,2017,13729.0,1.1004328310355884,9
414,91161,1962,3411.0,2.0100176782557453,1
415,91161,1968,9923.0,2.9091175608326005,2
416,91161,1975,16236.0,1.636198730222715,3
417,91161,1982,17271.0,1.0637472283813747,4
418,91161,1990,16939.0,0.9807770250709281,5
419,91161,1999,17731.0,1.046756006848102,6
420,91161,2006,18639.0,1.0512097456432237,7
421,91161,2012,19213.0,1.0307956435431085,8
422,91161,2017,20181.0,1.050382553479415,9
423,91345,1962,5522.0,1.8345514950166113,1
424,91345,1968,12929.0,2.3413618254255706,2
425,91345,1975,18170.0,1.4053677778637172,3
426,91345,1982,18370.0,1.0110071546505228,4
427,91345,1990,19864.0,1.0813282525857377,5
428,91345,1999,19978.0,1.0057390253725331,6
429,91345,2006,21048.0,1.053558914806287,7
430,91345,2012,21739.0,1.0328297225389587,8
431,91345,2017,21221.0,0.9761718570311422,9
432,92022,1962,16787.0,1.2692424013307122,1
433,92022,1968,17476.0,1.041043664740573,2
434,92022,1975,19086.0,1.0921263447013045,3
435,92022,1982,17914.0,0.9385937336267421,4
436,92022,1990,17784.0,0.9927431059506531,5
437,92022,1999,17956.0,1.0096716149347729,6
438,92022,2006,18581.0,1.034807306749833,7
439,92022,2012,19343.0,1.0410096334965826,8
440,92022,2017,20520.0,1.0608488859018765,9
441,92048,1962,34878.0,1.677068808001154,1
442,92048,1968,50623.0,1.45143070130168,2
443,92048,1975,52806.0,1.0431226912668154,3
444,92048,1982,48450.0,0.9175093739347802,4
445,92048,1990,45339.0,0.9357894736842105,5
446,92048,1999,43694.0,0.9637177705727961,6
447,92048,2006,44745.0,1.0240536458094933,7
448,92048,2012,45107.0,1.008090289417812,8
449,92048,2017,45352.0,1.005431529474361,9
450,91689,1962,3477.0,2.310299003322259,1
451,91689,1968,3955.0,1.1374748346275525,2
452,91689,1975,4402.0,1.1130214917825538,3
453,91689,1982,4394.0,0.9981826442526125,4
454,91689,1990,4888.0,1.1124260355029585,5
455,91689,1999,5158.0,1.0552373158756136,6
456,91689,2006,5016.0,0.9724699495928655,7
457,91689,2012,6624.0,1.3205741626794258,8
458,91689,2017,7470.0,1.127717391304348,9
459,94034,1962,21527.0,2.4647355163727958,1
460,94034,1968,26847.0,1.2471315092674315,2
461,94034,1975,28539.0,1.0630238015420717,3
462,94034,1982,25902.0,0.9076001261431725,4
463,94034,1990,26959.0,1.0408076596401823,5
464,94034,1999,25226.0,0.9357172001928855,6
465,94034,2006,25575.0,1.0138349322127964,7
466,94034,2012,26419.0,1.0330009775171065,8
467,94034,2017,27802.0,1.052348688443923,9
468,91377,1962,19137.0,4.569484240687679,1
469,91377,1968,37055.0,1.9363014056539687,2
470,91377,1975,41344.0,1.1157468627715559,3
471,91377,1982,40135.0,0.9707575464396285,4
472,91377,1990,38574.0,0.9611062663510651,5
473,91377,1999,37704.0,0.977445948047908,6
474,91377,2006,40183.0,1.0657489921493741,7
475,91377,2012,43524.0,1.0831446133937237,8
476,91377,2017,50833.0,1.167930337285176,9
477,92002,1962,46483.0,2.189186643432393,1
478,92002,1968,56638.0,1.2184669664178303,2
479,92002,1975,57540.0,1.0159257035912286,3
480,92002,1982,54610.0,0.9490789016336462,4
481,92002,1990,57771.0,1.0578831715802965,5
482,92002,1999,59849.0,1.035969604126638,6
483,92002,2006,60552.0,1.0117462280071514,7
484,92002,2012,61624.0,1.0177037917822698,8
485,92002,2017,62570.0,1.01535116188498,9
486,91136,1962,1607.0,1.6431492842535786,1
487,91136,1968,1859.0,1.1568139390168015,2
488,91136,1975,2421.0,1.3023130715438407,3
489,91136,1982,2446.0,1.010326311441553,4
490,91136,1990,2491.0,1.018397383483238,5
491,91136,1999,2460.0,0.9875551987153753,6
492,91136,2006,2439.0,0.9914634146341463,7
493,91136,2012,2667.0,1.0934809348093482,8
494,91136,2017,2761.0,1.0352455943007124,9
495,91645,1962,7063.0,2.00996015936255,1
496,91645,1968,9852.0,1.3948746991363443,2
497,91645,1975,11400.0,1.1571254567600486,3
498,91645,1982,13555.0,1.1890350877192983,4
499,91645,1990,15710.0,1.1589819254887495,5
500,91645,1999,15929.0,1.0139401654996818,6
501,91645,2006,15848.0,0.9949149350241697,7
502,91645,2012,15612.0,0.9851085310449268,8
503,91645,2017,15242.0,0.9763002818344862,9
504,92014,1962,17694.0,1.727254978524014,1
505,92014,1968,18711.0,1.0574771108850458,2
506,92014,1975,18221.0,0.9738121960344183,3
507,92014,1982,18070.0,0.991712858789309,4
508,92014,1990,18499.0,1.0237410071942445,5
509,92014,1999,18246.0,0.9863235850586518,6
510,92014,2006,19521.0,1.0698783294968761,7
511,92014,2012,19872.0,1.0179806362378976,8
512,92014,2017,20667.0,1.040006038647343,9
513,92060,1962,18449.0,1.823384067997628,1
514,92060,1968,22590.0,1.2244566101143692,2
515,92060,1975,22197.0,0.9826029216467463,3
516,92060,1982,21239.0,0.9568410145515159,4
517,92060,1990,21257.0,1.0008474975281323,5
518,92060,1999,21614.0,1.016794467704756,6
519,92060,2006,23312.0,1.078560192467845,7
520,92060,2012,28673.0,1.2299673987645847,8
521,92060,2017,29100.0,1.0148920587312105,9
522,92071,1962,19024.0,2.2518939393939394,1
523,92071,1968,19913.0,1.0467304457527333,2
524,92071,1975,19709.0,0.9897554361472405,3
525,92071,1982,18317.0,0.9293723679537267,4
526,92071,1990,18052.0,0.9855325653764263,5
527,92071,1999,19398.0,1.0745623753600708,6
528,92071,2006,19413.0,1.0007732755954222,7
529,92071,2012,19986.0,1.0295163035079586,8
530,92071,2017,19344.0,0.967877514259982,9
531,92019,1962,24756.0,2.697025819806079,1
532,92019,1968,27484.0,1.110195508159638,2
533,92019,1975,30497.0,1.1096274195895794,3
534,92019,1982,28580.0,0.937141358166377,4
535,92019,1990,29197.0,1.0215885234429671,5
536,92019,1999,30556.0,1.0465458780011645,6
537,92019,2006,31873.0,1.0431011912554,7
538,92019,2012,32198.0,1.0101967182254572,8
539,92019,2017,33286.0,1.0337909186906018,9
540,91425,1962,3003.0,1.1213592233009708,1
541,91425,1968,3283.0,1.0932400932400932,2
542,91425,1975,3714.0,1.1312823636917453,3
543,91425,1982,4359.0,1.1736672051696284,4
544,91425,1990,5195.0,1.191787107134664,5
545,91425,1999,5687.0,1.094706448508181,6
546,91425,2006,6374.0,1.1208018287321961,7
547,91425,2012,7201.0,1.1297458424850957,8
548,91425,2017,7593.0,1.0544368837661435,9
549,91347,1962,1294.0,1.3217568947906027,1
550,91347,1968,1825.0,1.410355486862442,2
551,91347,1975,3220.0,1.7643835616438357,3
552,91347,1982,4120.0,1.279503105590062,4
553,91347,1990,4807.0,1.1667475728155339,5
554,91347,1999,5843.0,1.2155190347410028,6
555,91347,2006,6580.0,1.1261338353585486,7
556,91347,2012,6585.0,1.000759878419453,8
557,91347,2017,6338.0,0.9624905087319666,9
558,91685,1962,754.0,1.4093457943925234,1
559,91685,1968,2012.0,2.6684350132625996,2
560,91685,1975,2455.0,1.2201789264413518,3
561,91685,1982,3298.0,1.3433808553971487,4
562,91685,1990,3704.0,1.12310491206792,5
563,91685,1999,3752.0,1.0129589632829374,6
564,91685,2006,3804.0,1.0138592750533049,7
565,91685,2012,3911.0,1.0281282860147214,8
566,91685,2017,4548.0,1.1628739452825365,9
567,92023,1962,47991.0,1.4191383032202738,1
568,92023,1968,54906.0,1.144089516784397,2
569,92023,1975,52952.0,0.9644119039813499,3
570,92023,1982,48353.0,0.9131477564586795,4
571,92023,1990,47227.0,0.9767129237069054,5
572,92023,1999,48619.0,1.0294746649162556,6
573,92023,2006,50655.0,1.0418766325921964,7
574,92023,2012,52408.0,1.0346066528476952,8
575,92023,2017,52971.0,1.0107426347122577,9
576,92020,1962,20934.0,1.7933693138010793,1
577,92020,1968,24640.0,1.1770325785803,2
578,92020,1975,26574.0,1.0784902597402597,3
579,92020,1982,24834.0,0.9345224655678482,4
580,92020,1990,26411.0,1.0635016509623902,5
581,92020,1999,28592.0,1.0825792283518232,6
582,92020,2006,32077.0,1.1218872411863459,7
583,92020,2012,34960.0,1.0898774823081958,8
584,92020,2017,37355.0,1.0685068649885583,9
585,92032,1962,20237.0,2.7145539906103284,1
586,92032,1968,23355.0,1.1540742204872263,2
587,92032,1975,25630.0,1.0974095482766002,3
588,92032,1982,23947.0,0.9343347639484979,4
589,92032,1990,23354.0,0.9752369816678499,5
590,92032,1999,23547.0,1.0082641089320887,6
591,92032,2006,23964.0,1.017709262326411,7
592,92032,2012,22866.0,0.9541812719078618,8
593,92032,2017,24564.0,1.0742587247441617,9
594,91339,1962,1833.0,1.5481418918918919,1
595,91339,1968,2156.0,1.176213857064921,2
596,91339,1975,2830.0,1.3126159554730983,3
597,91339,1982,4042.0,1.428268551236749,4
598,91339,1990,4767.0,1.1793666501731817,5
599,91339,1999,4982.0,1.0451017411369834,6
600,91339,2006,6249.0,1.2543155359293456,7
601,91339,2012,6647.0,1.063690190430469,8
602,91339,2017,6785.0,1.0207612456747406,9
603,91665,1962,2052.0,1.7243697478991598,1
604,91665,1968,2594.0,1.2641325536062378,2
605,91665,1975,3334.0,1.2852737085582113,3
606,91665,1982,4067.0,1.219856028794241,4
607,91665,1990,5404.0,1.3287435456110155,5
608,91665,1999,5892.0,1.0903034789045152,6
609,91665,2006,6825.0,1.1583503054989817,7
610,91665,2012,7187.0,1.0530402930402931,8
611,91665,2017,7753.0,1.0787533045777098,9
612,91333,1962,1198.0,1.4574209245742094,1
613,91333,1968,1519.0,1.2679465776293823,2
614,91333,1975,1934.0,1.273206056616195,3
615,91333,1982,1969.0,1.0180972078593589,4
616,91333,1990,2463.0,1.2508887760284408,5
617,91333,1999,3757.0,1.5253755582622817,6
618,91333,2006,4147.0,1.1038062283737025,7
619,91333,2012,4074.0,0.9823969134313962,8
620,91333,2017,4471.0,1.0974472263132058,9
621,91044,1962,890.0,1.3088235294117647,1
622,91044,1968,935.0,1.050561797752809,2
623,91044,1975,1589.0,1.6994652406417112,3
624,91044,1982,2218.0,1.3958464443045941,4
625,91044,1990,2531.0,1.1411181244364292,5
626,91044,1999,2750.0,1.0865270644014224,6
627,91044,2006,3589.0,1.305090909090909,7
628,91044,2012,3914.0,1.090554471997771,8
629,91044,2017,4581.0,1.1704138988247317,9
630,91587,1962,1693.0,1.4445392491467577,1
631,91587,1968,1934.0,1.1423508564678087,2
632,91587,1975,2437.0,1.2600827300930713,3
633,91587,1982,3247.0,1.3323758719737382,4
634,91587,1990,4141.0,1.2753310748383122,5
635,91587,1999,4950.0,1.1953634387829026,6
636,91587,2006,4862.0,0.9822222222222222,7
637,91587,2012,5128.0,1.0547099958864665,8
638,91587,2017,5886.0,1.1478159126365055,9
639,78686,1962,16004.0,1.305170445278095,1
640,78686,1968,16352.0,1.0217445638590352,2
641,78686,1975,15696.0,0.9598825831702544,3
642,78686,1982,14074.0,0.8966615698267074,4
643,78686,1990,14689.0,1.0436975984084127,5
644,78686,1999,15205.0,1.0351283273197631,6
645,78686,2006,16064.0,1.056494574153239,7
646,78686,2012,15678.0,0.9759711155378487,8
647,78686,2017,16129.0,1.0287664242888124,9
648,91589,1962,24219.0,1.6755915317559154,1
649,91589,1968,31956.0,1.3194599281555803,2
650,91589,1975,34478.0,1.0789210163975467,3
651,91589,1982,32502.0,0.942688090956552,4
652,91589,1990,33295.0,1.0243984985539352,5
653,91589,1999,36219.0,1.0878209941432648,6
654,91589,2006,37259.0,1.028714210773351,7
655,91589,2012,37135.0,0.9966719450334147,8
656,91589,2017,36533.0,0.9837888784165881,9
657,91479,1962,6202.0,1.4728093089527428,1
658,91479,1968,7395.0,1.1923573040954532,2
659,91479,1975,7670.0,1.037187288708587,3
660,91479,1982,7122.0,0.9285528031290743,4
661,91479,1990,7214.0,1.0129177197416457,5
662,91479,1999,7195.0,0.9973662323260327,6
663,91479,2006,7198.0,1.000416956219597,7
664,91479,2012,7230.0,1.0044456793553764,8
665,91479,2017,7457.0,1.0313969571230983,9
666,94016,1962,23282.0,1.5364614267801755,1
667,94016,1968,26187.0,1.124774503908599,2
668,94016,1975,26442.0,1.009737656088899,3
669,94016,1982,23930.0,0.9049996218137811,4
670,94016,1990,24266.0,1.0140409527789385,5
671,94016,1999,24835.0,1.0234484463858897,6
672,94016,2006,27590.0,1.11093215220455,7
673,94016,2012,28365.0,1.0280898876404494,8
674,94016,2017,31069.0,1.095328750220342,9
675,92040,1962,51776.0,1.2197224905180335,1
676,92040,1968,50442.0,0.9742351668726823,2
677,92040,1975,47625.0,0.9441536814559296,3
678,92040,1982,45835.0,0.9624146981627296,4
679,92040,1990,46194.0,1.0078324424566378,5
680,92040,1999,52642.0,1.1395852275187255,6
681,92040,2006,61471.0,1.1677177918772084,7
682,92040,2012,65322.0,1.0626474272421143,8
683,92040,2017,68451.0,1.0479011665288878,9
684,94065,1962,1851.0,3.3654545454545453,1
685,94065,1968,2686.0,1.451107509454349,2
686,94065,1975,2986.0,1.1116902457185405,3
687,94065,1982,2649.0,0.8871399866041527,4
688,94065,1990,2939.0,1.1094752736881843,5
689,94065,1999,5418.0,1.843484178291936,6
690,94065,2006,5644.0,1.0417128091546697,7
691,94065,2012,5691.0,1.0083274273564848,8
692,94065,2017,5611.0,0.9859427165700229,9
693,92007,1962,38044.0,3.061891348088531,1
694,92007,1968,42006.0,1.1041425717590159,2
695,92007,1975,40674.0,0.9682902442508213,3
696,92007,1982,40385.0,0.9928947239022471,4
697,92007,1990,36364.0,0.9004333292063885,5
698,92007,1999,37215.0,1.0234022659773403,6
699,92007,2006,38936.0,1.0462447937659547,7
700,92007,2012,38398.0,0.9861824532566262,8
701,92007,2017,40918.0,1.0656284181467786,9
702,92049,1962,45260.0,1.3030084928746222,1
703,92049,1968,44922.0,0.9925320371188687,2
704,92049,1975,40304.0,0.8971995904011397,3
705,92049,1982,38517.0,0.9556619690353315,4
706,92049,1990,38106.0,0.9893293870239115,5
707,92049,1999,37716.0,0.9897653912769643,6
708,92049,2006,45178.0,1.1978470675575352,7
709,92049,2012,48909.0,1.0825844437558103,8
710,92049,2017,50260.0,1.0276227279232861,9
711,92075,1962,25585.0,1.2373053486797563,1
712,92075,1968,25138.0,0.9825288254836818,2
713,92075,1975,22464.0,0.8936271779775639,3
714,92075,1982,22805.0,1.0151798433048433,4
715,92075,1990,25900.0,1.1357158517868888,5
716,92075,1999,25416.0,0.9813127413127413,6
717,92075,2006,26878.0,1.0575228202706957,7
718,92075,2012,27367.0,1.018193317955205,8
719,92075,2017,27729.0,1.0132276098951292,9
720,92046,1962,33603.0,1.2237517753741942,1
721,92046,1968,36198.0,1.077225247745737,2
722,92046,1975,34121.0,0.9426211392894636,3
723,92046,1982,32553.0,0.9540458954895812,4
724,92046,1990,30959.0,0.9510336988910393,5
725,92046,1999,29419.0,0.9502567912400272,6
726,92046,2006,30509.0,1.0370508854821714,7
727,92046,2012,30420.0,0.9970828280179619,8
728,92046,2017,30720.0,1.009861932938856,9
729,91326,1962,11902.0,1.5253107779059336,1
730,91326,1968,12626.0,1.06083011258612,2
731,91326,1975,13671.0,1.0827657215270077,3
732,91326,1982,12305.0,0.9000804622924439,4
733,91326,1990,11818.0,0.9604225924420967,5
734,91326,1999,11954.0,1.0115078693518362,6
735,91326,2006,13954.0,1.1673080140538732,7
736,91326,2012,15188.0,1.0884334241077827,8
737,91326,2017,16667.0,1.0973795101395838,9
738,94021,1962,11458.0,3.693745970341715,1
739,94021,1968,16168.0,1.4110665037528365,2
740,94021,1975,17687.0,1.093951014349332,3
741,94021,1982,16026.0,0.9060892180697687,4
742,94021,1990,16223.0,1.012292524647448,5
743,94021,1999,18149.0,1.1187203353263884,6
744,94021,2006,18622.0,1.0260620419857844,7
745,94021,2012,18786.0,1.0088067876704974,8
746,94021,2017,19491.0,1.0375279463430214,9
747,94076,1962,46116.0,1.8185259671122678,1
748,94076,1968,51120.0,1.1085089773614363,2
749,94076,1975,55606.0,1.087754303599374,3
750,94076,1982,52448.0,0.943207567528684,4
751,94076,1990,48405.0,0.9229141244661379,5
752,94076,1999,47414.0,0.9795269083772338,6
753,94076,2006,50571.0,1.0665837094529043,7
754,94076,2012,56504.0,1.117320203278559,8
755,94076,2017,54753.0,0.9690110434659494,9
756,94073,1962,15116.0,1.8102994011976048,1
757,94073,1968,22481.0,1.4872320719767134,2
758,94073,1975,27298.0,1.2142698278546329,3
759,94073,1982,26637.0,0.9757857718514177,4
760,94073,1990,27515.0,1.0329616698577166,5
761,94073,1999,28242.0,1.0264219516627293,6
762,94073,2006,29315.0,1.0379930599815876,7
763,94073,2012,29422.0,1.0036500085280573,8
764,94073,2017,29017.0,0.986234790292978,9
765,91027,1962,24004.0,2.852864273829332,1
766,91027,1968,27640.0,1.151474754207632,2
767,91027,1975,30735.0,1.1119753979739508,3
768,91027,1982,28494.0,0.927086383601757,4
769,91027,1990,29121.0,1.022004632554222,5
770,91027,1999,29400.0,1.0095807149479756,6
771,91027,2006,30615.0,1.041326530612245,7
772,91027,2012,29482.0,0.9629919973869019,8
773,91027,2017,34347.0,1.1650159419306696,9
774,92012,1962,106641.0,1.3429165092557613,1
775,92012,1968,109008.0,1.0221959659042956,2
776,92012,1975,103578.0,0.9501871422280933,3
777,92012,1982,102582.0,0.9903840583907779,4
778,92012,1990,101743.0,0.9918211772045779,5
779,92012,1999,106316.0,1.044946581091574,6
780,92012,2006,110251.0,1.0370123029459348,7
781,92012,2012,117126.0,1.0623577110411697,8
782,92012,2017,120071.0,1.025143862165531,9
783,94037,1962,19211.0,1.1538831161030692,1
784,94037,1968,18812.0,0.9792306491072823,2
785,94037,1975,17026.0,0.9050605996172656,3
786,94037,1982,16732.0,0.9827322917890285,4
787,94037,1990,17093.0,1.0215754243366004,5
788,94037,1999,16124.0,0.9433101269525537,6
789,94037,2006,17034.0,1.0564376085338625,7
790,94037,2012,16623.0,0.9758717858400845,8
791,94037,2017,18605.0,1.11923238885881,9
792,94003,1962,20224.0,1.2376988984088126,1
793,94003,1968,21877.0,1.0817345727848102,2
794,94003,1975,20330.0,0.929286465237464,3
795,94003,1982,20064.0,0.9869158878504672,4
796,94003,1990,20334.0,1.013456937799043,5
797,94003,1999,18064.0,0.8883643159240681,6
798,94003,2006,19129.0,1.058957041629761,7
799,94003,2012,19526.0,1.0207538292644676,8
800,94003,2017,21501.0,1.1011471883642323,9
801,94043,1962,18834.0,1.3384025014212622,1
802,94043,1968,20798.0,1.1042794945311671,2
803,94043,1975,20061.0,0.964563900375036,3
804,94043,1982,17543.0,0.8744828273765016,4
805,94043,1990,19348.0,1.102890041612039,5
806,94043,1999,23709.0,1.2253979739507959,6
807,94043,2006,25567.0,1.078366864903623,7
808,94043,2012,26119.0,1.0215903312864238,8
809,94043,2017,25334.0,0.9699452505838662,9
810,94038,1962,17968.0,2.241516966067864,1
811,94038,1968,24352.0,1.3552983081032948,2
812,94038,1975,31412.0,1.2899145860709593,3
813,94038,1982,29568.0,0.9412963198777538,4
814,94038,1990,29746.0,1.0060200216450217,5
815,94038,1999,29703.0,0.9985544274860485,6
816,94038,2006,30428.0,1.0244083089250244,7
817,94038,2012,31168.0,1.0243197055343762,8
818,94038,2017,31204.0,1.0011550308008215,9
819,94081,1962,64409.0,1.4619138408461574,1
820,94081,1968,77846.0,1.2086199133661444,2
821,94081,1975,87316.0,1.121650438044344,3
822,94081,1982,85263.0,0.976487699848825,4
823,94081,1990,82400.0,0.9664215427559434,5
824,94081,1999,78908.0,0.9576213592233009,6
825,94081,2006,82902.0,1.0506159071323566,7
826,94081,2012,88102.0,1.0627246628549372,8
827,94081,2017,93557.0,1.0619168690835623,9
828,94041,1962,54731.0,1.2894569442808341,1
829,94041,1968,60455.0,1.1045842392793845,2
830,94041,1975,62856.0,1.039715490860971,3
831,94041,1982,55699.0,0.886136566119384,4
832,94041,1990,53619.0,0.9626564211206664,5
833,94041,1999,50951.0,0.9502415188645816,6
834,94041,2006,55608.0,1.0914015426586328,7
835,94041,2012,58579.0,1.053427564379226,8
836,94041,2017,62052.0,1.0592874579627511,9
837,75103,1962,62680.0,0.9733977295668784,1
838,75103,1968,56252.0,0.8974473516273134,2
839,75103,1975,41706.0,0.7414136386261821,3
840,75103,1982,36094.0,0.8654390255598715,4
841,75103,1990,35102.0,0.9725162076799468,5
842,75103,1999,34232.0,0.975215087459404,6
843,75103,2006,34721.0,1.0142848796447768,7
844,75103,2012,35991.0,1.0365772875205208,8
845,75103,2017,34115.0,0.9478758578533523,9
846,75101,1962,36543.0,1.0017818959372773,1
847,75101,1968,32332.0,0.8847658922365432,2
848,75101,1975,22793.0,0.7049672151428925,3
849,75101,1982,18509.0,0.812047558460931,4
850,75101,1990,18360.0,0.9919498622291858,5
851,75101,1999,16895.0,0.9202069716775599,6
852,75101,2006,17745.0,1.0503107428233205,7
853,75101,2012,17100.0,0.9636517328825022,8
854,75101,2017,16266.0,0.9512280701754386,9
855,75114,1962,178149.0,1.0146257282963418,1
856,75114,1968,167093.0,0.9379395898938528,2
857,75114,1975,149137.0,0.8925388855308122,3
858,75114,1982,138596.0,0.9293200211885716,4
859,75114,1990,136574.0,0.9854108343675142,5
860,75114,1999,132822.0,0.9725277139133364,6
861,75114,2006,134370.0,1.0116546957582329,7
862,75114,2012,141102.0,1.0501004688546551,8
863,75114,2017,135964.0,0.9635866252781675,9
864,75107,1962,99584.0,0.9709923068672667,1
865,75107,1968,87811.0,0.8817781973007712,2
866,75107,1975,74250.0,0.8455660452562891,3
867,75107,1982,67461.0,0.9085656565656566,4
868,75107,1990,62939.0,0.9329686781992559,5
869,75107,1999,56988.0,0.9054481323185942,6
870,75107,2006,56612.0,0.9934021197445077,7
871,75107,2012,57092.0,1.00847876775242,8
872,75107,2017,51367.0,0.8997232536957892,9
873,75113,1962,166709.0,1.0437447565144438,1
874,75113,1968,158280.0,0.9494388425339964,2
875,75113,1975,163313.0,1.0317980793530452,3
876,75113,1982,170818.0,1.0459547004831213,4
877,75113,1990,171098.0,1.0016391715158823,5
878,75113,1999,171577.0,1.0027995651614865,6
879,75113,2006,178716.0,1.041608140951293,7
880,75113,2012,182386.0,1.0205353745607557,8
881,75113,2017,182099.0,0.9984264143081157,9
882,75102,1962,40864.0,0.9866003524952317,1
883,75102,1968,35357.0,0.8652359044635866,2
884,75102,1975,26328.0,0.744633311649744,3
885,75102,1982,21203.0,0.80534032209055,4
886,75102,1990,20738.0,0.9780691411592699,5
887,75102,1999,19640.0,0.947053717812711,6
888,75102,2006,21259.0,1.0824338085539715,7
889,75102,2012,22390.0,1.0532009972247047,8
890,75102,2017,20900.0,0.9334524341223761,9
891,75105,1962,96031.0,0.9359016840792141,1
892,75105,1968,83721.0,0.8718122273016006,2
893,75105,1975,67668.0,0.8082559931200057,3
894,75105,1982,62173.0,0.9187947035526394,4
895,75105,1990,61222.0,0.9847039711771991,5
896,75105,1999,58841.0,0.9611087517559047,6
897,75105,2006,61475.0,1.0447647048826498,7
898,75105,2012,60179.0,0.9789182594550631,8
899,75105,2017,58850.0,0.9779158842785689,9
900,75106,1962,80262.0,0.9559210604671106,1
901,75106,1968,70891.0,0.8832448730407914,2
902,75106,1975,56331.0,0.7946142669732406,3
903,75106,1982,48905.0,0.8681720544637943,4
904,75106,1990,47891.0,0.97926592372968,5
905,75106,1999,44903.0,0.9376083188908145,6
906,75106,2006,45278.0,1.0083513351001048,7
907,75106,2012,43224.0,0.9546358054684394,8
908,75106,2017,41100.0,0.9508606329816769,9
909,75115,1962,250551.0,1.0227364571130007,1
910,75115,1968,244080.0,0.974172922877977,2
911,75115,1975,231301.0,0.9476442150114717,3
912,75115,1982,225596.0,0.9753351693248192,4
913,75115,1990,223940.0,0.9926594443163886,5
914,75115,1999,225467.0,1.0068187907475217,6
915,75115,2006,232949.0,1.0331844571489397,7
916,75115,2012,238190.0,1.0224984867932465,8
917,75115,2017,233392.0,0.9798564171459759,9
918,75109,1962,94094.0,0.973392919951172,1
919,75109,1968,84969.0,0.9030225094054881,2
920,75109,1975,70270.0,0.827007496851793,3
921,75109,1982,64134.0,0.9126796641525544,4
922,75109,1990,58019.0,0.9046527582873359,5
923,75109,1999,55783.0,0.9614609007394129,6
924,75109,2006,58497.0,1.0486528153738595,7
925,75109,2012,59474.0,1.016701711198865,8
926,75109,2017,59555.0,1.0013619396711169,9
927,75104,1962,61670.0,1.02643054492194,1
928,75104,1968,54029.0,0.8760985892654451,2
929,75104,1975,40466.0,0.7489681467360122,3
930,75104,1982,33990.0,0.8399644145702565,4
931,75104,1990,32226.0,0.9481023830538393,5
932,75104,1999,30671.0,0.951747036554335,6
933,75104,2006,29138.0,0.950017932248704,7
934,75104,2012,27769.0,0.9530166792504633,8
935,75104,2017,28088.0,1.0114876300911089,9
936,75108,1962,74577.0,1.0295287004058644,1
937,75108,1968,67897.0,0.9104281480885528,2
938,75108,1975,52999.0,0.7805794070430211,3
939,75108,1982,46403.0,0.8755448216004076,4
940,75108,1990,40814.0,0.879555201172338,5
941,75108,1999,39303.0,0.9629783897682168,6
942,75108,2006,39088.0,0.9945296796682187,7
943,75108,2012,38749.0,0.9913272615636513,8
944,75108,2017,36808.0,0.9499083847325093,9
945,94018,1962,22530.0,1.0500069907256373,1
946,94018,1968,22300.0,0.9897913892587661,2
947,94018,1975,20468.0,0.917847533632287,3
948,94018,1982,20500.0,1.0015634160641,4
949,94018,1990,21872.0,1.0669268292682927,5
950,94018,1999,26576.0,1.2150694952450622,6
951,94018,2006,28395.0,1.0684452137266707,7
952,94018,2012,30148.0,1.0617362211656982,8
953,94018,2017,30374.0,1.0074963513334219,9
954,75111,1962,193349.0,1.0254684508371918,1
955,75111,1968,179727.0,0.9295470884255931,2
956,75111,1975,159317.0,0.8864388767408347,3
957,75111,1982,146931.0,0.9222556287150775,4
958,75111,1990,154165.0,1.049233994187748,5
959,75111,1999,149166.0,0.9675737034994973,6
960,75111,2006,152436.0,1.0219218856844052,7
961,75111,2012,155006.0,1.0168595344931644,8
962,75111,2017,146643.0,0.9460472497838793,9
963,75110,1962,124497.0,1.0045022147992158,1
964,75110,1968,113372.0,0.9106404170381616,2
965,75110,1975,94046.0,0.8295346293617472,3
966,75110,1982,86970.0,0.9247602237203071,4
967,75110,1990,90083.0,1.0357939519374497,5
968,75110,1999,89685.0,0.9955818522917753,6
969,75110,2006,92082.0,1.0267268774042482,7
970,75110,2012,94474.0,1.0259768467235724,8
971,75110,2017,90372.0,0.9565806465270869,9
972,91434,1962,8604.0,2.382719468291332,1
973,91434,1968,15258.0,1.7733612273361228,2
974,91434,1975,20156.0,1.3210119281688295,3
975,91434,1982,20332.0,1.0087318912482635,4
976,91434,1990,19401.0,0.9542101121385009,5
977,91434,1999,19326.0,0.9961342198855729,6
978,91434,2006,21717.0,1.1237193418193108,7
979,91434,2012,21428.0,0.9866924529170695,8
980,91434,2017,20909.0,0.9757793541161097,9
981,75116,1962,227418.0,1.1501325025792486,1
982,75116,1968,214120.0,0.9415261764680016,2
983,75116,1975,193590.0,0.904119185503456,3
984,75116,1982,179446.0,0.9269383749160597,4
985,75116,1990,169863.0,0.9465967477681309,5
986,75116,1999,161817.0,0.9526324155348722,6
987,75116,2006,153920.0,0.9511979581873351,7
988,75116,2012,167613.0,1.0889617983367983,8
989,75116,2017,166361.0,0.9925304123188535,9
990,92072,1962,20129.0,1.3206272142763418,1
991,92072,1968,20083.0,0.9977147399274678,2
992,92072,1975,21149.0,1.0530797191654633,3
993,92072,1982,20208.0,0.9555061705045156,4
994,92072,1990,21990.0,1.0881828978622328,5
995,92072,1999,22555.0,1.025693497044111,6
996,92072,2006,23726.0,1.051917534914653,7
997,92072,2012,23572.0,0.9935092303801737,8
998,92072,2017,23507.0,0.9972424910911251,9
999,92044,1962,61804.0,1.0019941310938538,1
1000,92044,1968,58941.0,0.9536761374668307,2
1001,92044,1975,52523.0,0.8911114504334844,3
1002,92044,1982,53500.0,1.0186013746358737,4
1003,92044,1990,47548.0,0.8887476635514019,5
1004,92044,1999,54750.0,1.1514679902414402,6
1005,92044,2006,62851.0,1.1479634703196346,7
1006,92044,2012,64654.0,1.0286868944010437,8
1007,92044,2017,64379.0,0.995746589538157,9
1008,92051,1962,72773.0,1.2094163398258326,1
1009,92051,1968,70995.0,0.9755678617069518,2
1010,92051,1975,65983.0,0.9294034791182477,3
1011,92051,1982,64170.0,0.9725232256793417,4
1012,92051,1990,61768.0,0.9625681782764531,5
1013,92051,1999,59874.0,0.9693368734619868,6
1014,92051,2006,61471.0,1.0266726792931824,7
1015,92051,2012,62021.0,1.0089473084869287,8
1016,92051,2017,60361.0,0.9732348720594637,9
1017,92064,1962,26472.0,1.5028954240944703,1
1018,92064,1968,28158.0,1.063689936536718,2
1019,92064,1975,28139.0,0.9993252361673415,3
1020,92064,1982,28561.0,1.0149969792814244,4
1021,92064,1990,28597.0,1.0012604600679247,5
1022,92064,1999,28164.0,0.9848585515963213,6
1023,92064,2006,29385.0,1.0433532168726034,7
1024,92064,2012,29436.0,1.0017355793772333,8
1025,92064,2017,29973.0,1.0182429677945373,9
1026,75117,1962,227687.0,1.0428046038078052,1
1027,75117,1968,210299.0,0.9236320035838673,2
1028,75117,1975,186293.0,0.8858482446421524,3
1029,75117,1982,169513.0,0.9099268356835737,4
1030,75117,1990,161935.0,0.955295464064703,5
1031,75117,1999,161138.0,0.9950782721462315,6
1032,75117,2006,161327.0,1.0011729076940263,7
1033,75117,2012,170156.0,1.0547273549994731,8
1034,75117,2017,167288.0,0.9831448788170855,9
1035,93061,1962,15258.0,1.0385950581988972,1
1036,93061,1968,14772.0,0.968147856861974,2
1037,93061,1975,13271.0,0.898388843758462,3
1038,93061,1982,13078.0,0.9854570115288976,4
1039,93061,1990,15373.0,1.1754855482489677,5
1040,93061,1999,16357.0,1.0640083262863462,6
1041,93061,2006,17240.0,1.0539830042183775,7
1042,93061,2012,18025.0,1.0455336426914152,8
1043,93061,2017,17950.0,0.9958391123439667,9
1044,93070,1962,51956.0,1.1427691630924888,1
1045,93070,1968,48886.0,0.9409115405342983,2
1046,93070,1975,43588.0,0.8916254142290226,3
1047,93070,1982,43606.0,1.0004129576947784,4
1048,93070,1990,42343.0,0.9710360959500987,5
1049,93070,1999,39719.0,0.9380298986845523,6
1050,93070,2006,42950.0,1.081346458873587,7
1051,93070,2012,47499.0,1.1059138533178114,8
1052,93070,2017,51108.0,1.0759805469588835,9
1053,94067,1962,24325.0,1.0548111530289233,1
1054,94067,1968,23044.0,0.9473381294964028,2
1055,94067,1975,20968.0,0.9099114737024822,3
1056,94067,1982,18673.0,0.8905475009538344,4
1057,94067,1990,18684.0,1.0005890858458737,5
1058,94067,1999,19677.0,1.0531470777135516,6
1059,94067,2006,22211.0,1.128779793667734,7
1060,94067,2012,21846.0,0.983566701184098,8
1061,94067,2017,22619.0,1.035384052000366,9
1062,92024,1962,56316.0,1.06198495163024,1
1063,92024,1968,52477.0,0.9318310959585198,2
1064,92024,1975,47764.0,0.9101892257560456,3
1065,92024,1982,46895.0,0.9818063813750942,4
1066,92024,1990,48030.0,1.024203006717134,5
1067,92024,1999,50237.0,1.0459504476368937,6
1068,92024,2006,57162.0,1.1378466070824294,7
1069,92024,2012,59240.0,1.0363528218046953,8
1070,92024,2017,61070.0,1.0308912896691425,9
1071,94002,1962,32332.0,1.157193987115247,1
1072,94002,1968,35023.0,1.083230236298404,2
1073,94002,1975,38057.0,1.0866287867972475,3
1074,94002,1982,36231.0,0.9520193394119347,4
1075,94002,1990,36119.0,0.9969087245728796,5
1076,94002,1999,36319.0,1.005537251861901,6
1077,94002,2006,42743.0,1.176877116660701,7
1078,94002,2012,44397.0,1.038696394731301,8
1079,94002,2017,43881.0,0.9883775930806136,9
1080,94022,1962,41522.0,1.519116086781546,1
1081,94022,1968,41440.0,0.998025143297529,2
1082,94022,1975,38705.0,0.9340009652509652,3
1083,94022,1982,35476.0,0.9165740860353959,4
1084,94022,1990,34068.0,0.9603111963017251,5
1085,94022,1999,34324.0,1.0075143829987085,6
1086,94022,2006,36198.0,1.054597366274327,7
1087,94022,2012,41507.0,1.1466655616332395,8
1088,94022,2017,45331.0,1.0921290384754379,9
1089,75120,1962,199310.0,1.030526457297085,1
1090,75120,1968,188921.0,0.947875169334203,2
1091,75120,1975,175795.0,0.9305212231567692,3
1092,75120,1982,171971.0,0.9782473904263489,4
1093,75120,1990,184478.0,1.072727378453344,5
1094,75120,1999,183093.0,0.9924923297086915,6
1095,75120,2006,193205.0,1.0552287635245476,7
1096,75120,2012,197311.0,1.0212520379907353,8
1097,75120,2017,195814.0,0.9924129926866723,9
1098,75119,1962,159568.0,1.0687957561103036,1
1099,75119,1968,148862.0,0.9329063471372706,2
1100,75119,1975,144357.0,0.9697370719189585,3
1101,75119,1982,162649.0,1.1267136335612404,4
1102,75119,1990,165062.0,1.014835627639887,5
1103,75119,1999,172587.0,1.0455889302201598,6
1104,75119,2006,186180.0,1.0787602774252985,7
1105,75119,2012,186116.0,0.9996562466430337,8
1106,75119,2017,187015.0,1.0048303208751532,9
1107,75118,1962,254974.0,0.9822218969216724,1
1108,75118,1968,236776.0,0.9286280169742798,2
1109,75118,1975,208970.0,0.8825641112274892,3
1110,75118,1982,186866.0,0.8942240512992295,4
1111,75118,1990,187657.0,1.004232979782304,5
1112,75118,1999,184581.0,0.9836083919065103,6
1113,75118,2006,190854.0,1.033985079721098,7
1114,75118,2012,201374.0,1.0551206681547152,8
1115,75118,2017,195233.0,0.9695045040571275,9
1116,92073,1962,39100.0,1.214964887204027,1
1117,92073,1968,40616.0,1.038772378516624,2
1118,92073,1975,37537.0,0.9241924364782351,3
1119,92073,1982,35187.0,0.9373951034978821,4
1120,92073,1990,35998.0,1.0230482848779379,5
1121,92073,1999,39697.0,1.1027557086504807,6
1122,92073,2006,44197.0,1.1133586920926015,7
1123,92073,2012,47263.0,1.0693712242912414,8
1124,92073,2017,48264.0,1.0211793580602162,9
1125,93013,1962,10106.0,1.3792821072744643,1
1126,93013,1968,9679.0,0.9577478725509598,2
1127,93013,1975,10534.0,1.0883355718565968,3
1128,93013,1982,11021.0,1.0462312511866338,4
1129,93013,1990,11699.0,1.0615189184284548,5
1130,93013,1999,12134.0,1.0371826651850586,6
1131,93013,2006,12720.0,1.0482940497774849,7
1132,93013,2012,15139.0,1.1901729559748428,8
1133,93013,2017,16594.0,1.0961093863531277,9
1134,93008,1962,37010.0,2.23665921315042,1
1135,93008,1968,39453.0,1.0660091867062955,2
1136,93008,1975,43125.0,1.093072770131549,3
1137,93008,1982,42723.0,0.9906782608695652,4
1138,93008,1990,44659.0,1.0453151698148537,5
1139,93008,1999,44118.0,0.9878859804294767,6
1140,93008,2006,47806.0,1.0835939979146834,7
1141,93008,2012,48496.0,1.0144333347278585,8
1142,93008,2017,53640.0,1.106070603761135,9
1143,93029,1962,65890.0,1.5626334013185978,1
1144,93029,1968,68467.0,1.039110638943694,2
1145,93029,1975,64430.0,0.9410372880365724,3
1146,93029,1982,60183.0,0.9340835014744684,4
1147,93029,1990,60707.0,1.0087067776614658,5
1148,93029,1999,62271.0,1.0257630915709885,6
1149,93029,2006,66063.0,1.0608951197186491,7
1150,93029,2012,67181.0,1.0169232399376353,8
1151,93029,2017,71318.0,1.0615799109867374,9
1152,93074,1962,4536.0,1.471771576898118,1
1153,93074,1968,4748.0,1.0467372134038802,2
1154,93074,1975,4726.0,0.9953664700926707,3
1155,93074,1982,4885.0,1.0336436732966567,4
1156,93074,1990,5214.0,1.0673490276356192,5
1157,93074,1999,5559.0,1.066168009205984,6
1158,93074,2006,6002.0,1.0796905918330635,7
1159,93074,2012,6834.0,1.1386204598467178,8
1160,93074,2017,7030.0,1.028680128767925,9
1161,77514,1962,10926.0,1.9475935828877005,1
1162,77514,1968,13470.0,1.2328390993959364,2
1163,77514,1975,14817.0,1.1,3
1164,77514,1982,16659.0,1.1243166632921644,4
1165,77514,1990,18790.0,1.1279188426676272,5
1166,77514,1999,21294.0,1.1332623736029803,6
1167,77514,2006,23302.0,1.0942988635296327,7
1168,77514,2012,25556.0,1.0967298944296626,8
1169,77514,2017,26322.0,1.0299733917670997,9
1170,93053,1962,31187.0,1.9086291309669523,1
1171,93053,1968,34079.0,1.092730945586302,2
1172,93053,1975,37734.0,1.1072507996126646,3
1173,93053,1982,36880.0,0.9773678910266603,4
1174,93053,1990,36309.0,0.9845173535791757,5
1175,93053,1999,37323.0,1.0279269602577874,6
1176,93053,2006,38587.0,1.0338665166251373,7
1177,93053,2012,40161.0,1.0407909399538704,8
1178,93053,2017,44136.0,1.0989766191080899,9
1179,93015,1962,1236.0,1.6702702702702703,1
1180,93015,1968,2179.0,1.7629449838187703,2
1181,93015,1975,3385.0,1.5534648921523635,3
1182,93015,1982,4296.0,1.2691285081240768,4
1183,93015,1990,4784.0,1.1135940409683427,5
1184,93015,1999,4620.0,0.9657190635451505,6
1185,93015,2006,4651.0,1.0067099567099567,7
1186,93015,2012,4668.0,1.0036551279294776,8
1187,93015,2017,4833.0,1.0353470437017995,9
1188,93047,1962,12019.0,2.123498233215548,1
1189,93047,1968,21063.0,1.7524752475247525,2
1190,93047,1975,23237.0,1.1032141670227413,3
1191,93047,1982,22926.0,0.9866161724835392,4
1192,93047,1990,25556.0,1.1147169152926808,5
1193,93047,1999,24102.0,0.9431053372984818,6
1194,93047,2006,26121.0,1.0837689818272342,7
1195,93047,2012,26051.0,0.9973201638528387,8
1196,93047,2017,26783.0,1.0280987294153776,9
1197,77139,1962,1808.0,3.2753623188405796,1
1198,77139,1968,2489.0,1.3766592920353982,2
1199,77139,1975,3249.0,1.3053435114503817,3
1200,77139,1982,4215.0,1.2973222530009234,4
1201,77139,1990,5503.0,1.3055753262158956,5
1202,77139,1999,6036.0,1.0968562602216974,6
1203,77139,2006,5983.0,0.9912193505632869,7
1204,77139,2012,6403.0,1.0701988968744778,8
1205,77139,2017,6492.0,1.0138997344994534,9
1206,93046,1962,29679.0,1.433906657648082,1
1207,93046,1968,32063.0,1.0803261565416624,2
1208,93046,1975,32917.0,1.026635062221252,3
1209,93046,1982,32778.0,0.9957772579518183,4
1210,93046,1990,35387.0,1.079596070535115,5
1211,93046,1999,37283.0,1.0535789979370955,6
1212,93046,2006,41556.0,1.1146098758147145,7
1213,93046,2012,42699.0,1.0275050534218886,8
1214,93046,2017,44437.0,1.0407035293566593,9
1215,93073,1962,13788.0,2.3731497418244407,1
1216,93073,1968,18482.0,1.3404409631563678,2
1217,93073,1975,26846.0,1.4525484254950762,3
1218,93073,1982,29644.0,1.1042240929747449,4
1219,93073,1990,31385.0,1.0587302658210769,5
1220,93073,1999,33852.0,1.0786044288672934,6
1221,93073,2006,35340.0,1.043956043956044,7
1222,93073,2012,34081.0,0.9643746462931523,8
1223,93073,2017,36180.0,1.0615885684105513,9
1224,95277,1962,8517.0,2.1260609086370446,1
1225,95277,1968,21187.0,2.4876130092755666,2
1226,95277,1975,21390.0,1.0095813470524377,3
1227,95277,1982,22896.0,1.0704067321178121,4
1228,95277,1990,23152.0,1.0111809923130677,5
1229,95277,1999,24701.0,1.0669056668970283,6
1230,95277,2006,26152.0,1.058742561029918,7
1231,95277,2012,26343.0,1.0073034567145915,8
1232,95277,2017,25999.0,0.986941502486429,9
1233,93007,1962,35708.0,1.953712316025606,1
1234,93007,1968,48487.0,1.3578749859975356,2
1235,93007,1975,49107.0,1.0127869325798668,3
1236,93007,1982,47037.0,0.9578471501008003,4
1237,93007,1990,46956.0,0.9982779513999618,5
1238,93007,1999,46838.0,0.9974870091149161,6
1239,93007,2006,51109.0,1.091186643323797,7
1240,93007,2012,52213.0,1.0216008922107653,8
1241,93007,2017,56783.0,1.087526095033804,9
1242,95088,1962,654.0,2.0061349693251533,1
1243,95088,1968,597.0,0.9128440366972477,2
1244,95088,1975,561.0,0.9396984924623115,3
1245,95088,1982,529.0,0.9429590017825312,4
1246,95088,1990,707.0,1.33648393194707,5
1247,95088,1999,774.0,1.0947666195190948,6
1248,95088,2006,730.0,0.9431524547803618,7
1249,95088,2012,723.0,0.9904109589041096,8
1250,95088,2017,1076.0,1.4882434301521439,9
1251,95527,1962,1243.0,1.2696629213483146,1
1252,95527,1968,1359.0,1.0933226065969428,2
1253,95527,1975,1362.0,1.0022075055187638,3
1254,95527,1982,1401.0,1.02863436123348,4
1255,95527,1990,2054.0,1.4660956459671663,5
1256,95527,1999,2366.0,1.1518987341772151,6
1257,95527,2006,2564.0,1.0836855452240068,7
1258,95527,2012,2816.0,1.0982839313572543,8
1259,95527,2017,2883.0,1.0237926136363635,9
1260,93030,1962,6185.0,4.446441409058232,1
1261,93030,1968,7860.0,1.270816491511722,2
1262,93030,1975,8094.0,1.0297709923664122,3
1263,93030,1982,8451.0,1.0441067457375834,4
1264,93030,1990,8361.0,0.9893503727369543,5
1265,93030,1999,8635.0,1.0327711996172706,6
1266,93030,2006,10603.0,1.2279096699478864,7
1267,93030,2012,10493.0,0.9896255776666981,8
1268,93030,2017,10732.0,1.0227770894882302,9
1269,93078,1962,7660.0,2.023778071334214,1
1270,93078,1968,12103.0,1.5800261096605743,2
1271,93078,1975,17565.0,1.4512930678344211,3
1272,93078,1982,23745.0,1.3518360375747225,4
1273,93078,1990,30303.0,1.276184459886292,5
1274,93078,1999,33795.0,1.1152361152361152,6
1275,93078,2006,35592.0,1.053173546382601,7
1276,93078,2012,35820.0,1.0064059339177343,8
1277,93078,2017,36830.0,1.0281965382467895,9
1278,95212,1962,101.0,0.9439252336448598,1
1279,95212,1968,108.0,1.0693069306930694,2
1280,95212,1975,151.0,1.3981481481481481,3
1281,95212,1982,84.0,0.5562913907284768,4
1282,95212,1990,80.0,0.9523809523809523,5
1283,95212,1999,60.0,0.75,6
1284,95212,2006,74.0,1.2333333333333334,7
1285,95212,2012,108.0,1.4594594594594594,8
1286,95212,2017,107.0,0.9907407407407407,9
1287,94058,1962,27900.0,1.2085246469721909,1
1288,94058,1968,29099.0,1.0429749103942652,2
1289,94058,1975,28333.0,0.9736760713426579,3
1290,94058,1982,27647.0,0.9757879504464758,4
1291,94058,1990,28477.0,1.030021340470937,5
1292,94058,1999,30076.0,1.0561505776591635,6
1293,94058,2006,32067.0,1.066198962628009,7
1294,94058,2012,33248.0,1.036829138990239,8
1295,94058,2017,33879.0,1.0189785851780557,9
1296,93049,1962,15526.0,1.311096098631988,1
1297,93049,1968,17613.0,1.1344196831121989,2
1298,93049,1975,18185.0,1.032476012036564,3
1299,93049,1982,16960.0,0.9326367885620016,4
1300,93049,1990,18195.0,1.072818396226415,5
1301,93049,1999,18244.0,1.0026930475405331,6
1302,93049,2006,19952.0,1.0936198202148653,7
1303,93049,2012,20755.0,1.040246591820369,8
1304,93049,2017,21150.0,1.0190315586605638,9
1305,93033,1962,3218.0,2.2614195361911453,1
1306,93033,1968,3922.0,1.218769422001243,2
1307,93033,1975,4285.0,1.0925548189699132,3
1308,93033,1982,4220.0,0.9848308051341891,4
1309,93033,1990,5486.0,1.3,5
1310,93033,1999,5921.0,1.0792927451695224,6
1311,93033,2006,6163.0,1.0408714744131058,7
1312,93033,2012,6574.0,1.0666883011520363,8
1313,93033,2017,6869.0,1.0448737450562824,9
1314,93032,1962,29004.0,2.1058592899150512,1
1315,93032,1968,35780.0,1.2336229485588195,2
1316,93032,1975,36772.0,1.0277249860257127,3
1317,93032,1982,34861.0,0.9480311106276514,4
1318,93032,1990,36059.0,1.0343650497690828,5
1319,93032,1999,36775.0,1.0198563465431654,6
1320,93032,2006,37729.0,1.0259415363698166,7
1321,93032,2012,39172.0,1.038246441729174,8
1322,93032,2017,39358.0,1.0047482895946085,9
1323,93064,1962,21001.0,1.4716888577435179,1
1324,93064,1968,30705.0,1.4620732346078757,2
1325,93064,1975,35784.0,1.1654127992183683,3
1326,93064,1982,36970.0,1.0331433042700648,4
1327,93064,1990,37489.0,1.0140384095212334,5
1328,93064,1999,39097.0,1.0428925818240018,6
1329,93064,2006,41174.0,1.053124280635343,7
1330,93064,2012,42080.0,1.0220041773935007,8
1331,93064,2017,46207.0,1.0980750950570342,9
1332,93062,1962,14908.0,1.2025490037912399,1
1333,93062,1968,14224.0,0.9541185940434666,2
1334,93062,1975,13767.0,0.96787120359955,3
1335,93062,1982,13187.0,0.9578702694850003,4
1336,93062,1990,13478.0,1.0220671873815121,5
1337,93062,1999,12964.0,0.9618637780086067,6
1338,93062,2006,14130.0,1.089941376118482,7
1339,93062,2012,13993.0,0.9903043170559094,8
1340,93062,2017,14648.0,1.046809118845137,9
1341,93077,1962,24540.0,1.316452979990344,1
1342,93077,1968,28756.0,1.171801140994295,2
1343,93077,1975,28727.0,0.9989915148142996,3
1344,93077,1982,27571.0,0.9597591116371358,4
1345,93077,1990,26863.0,0.9743208443654564,5
1346,93077,1999,26967.0,1.003871496109891,6
1347,93077,2006,28339.0,1.0508769978121408,7
1348,93077,2012,28664.0,1.0114682945763789,8
1349,93077,2017,29964.0,1.0453530560982418,9
1350,93050,1962,15082.0,1.4307940423109762,1
1351,93050,1968,22543.0,1.494695663705079,2
1352,93050,1975,30168.0,1.338242469946325,3
1353,93050,1982,31195.0,1.0340426942455583,4
1354,93050,1990,31461.0,1.0085270075332586,5
1355,93050,1999,32755.0,1.0411302882934428,6
1356,93050,2006,33352.0,1.0182262250038163,7
1357,93050,2012,34658.0,1.0391580714799713,8
1358,93050,2017,34993.0,1.0096658780079635,9
1359,93010,1962,38039.0,1.9520192949145585,1
1360,93010,1968,51652.0,1.357869554930466,2
1361,93010,1975,48333.0,0.9357430496398977,3
1362,93010,1982,44301.0,0.9165787350257588,4
1363,93010,1990,46676.0,1.0536105279790524,5
1364,93010,1999,46829.0,1.0032779158454024,6
1365,93010,2006,53311.0,1.1384185013559973,7
1366,93010,2012,52787.0,0.9901708840576992,8
1367,93010,2017,53353.0,1.010722336939019,9
1368,93057,1962,19022.0,1.2603193533426091,1
1369,93057,1968,19084.0,1.0032593838713069,2
1370,93057,1975,18638.0,0.9766296373925801,3
1371,93057,1982,17185.0,0.9220409915226956,4
1372,93057,1990,17375.0,1.011056153622345,5
1373,93057,1999,18411.0,1.0596258992805756,6
1374,93057,2006,20204.0,1.0973874314268643,7
1375,93057,2012,22331.0,1.1052761829340725,8
1376,93057,2017,23962.0,1.0730374815279209,9
1377,93063,1962,23494.0,1.3802138409117612,1
1378,93063,1968,24091.0,1.0254107431684685,2
1379,93063,1975,26260.0,1.090033622514632,3
1380,93063,1982,25363.0,0.9658415841584158,4
1381,93063,1990,23563.0,0.9290304774671766,5
1382,93063,1999,23774.0,1.008954717141281,6
1383,93063,2006,25199.0,1.0599394296290066,7
1384,93063,2012,25411.0,1.008413032263185,8
1385,93063,2017,27567.0,1.0848451458029986,9
1386,93071,1962,17969.0,1.8170694711295379,1
1387,93071,1968,20253.0,1.1271077967610885,2
1388,93071,1975,34221.0,1.6896756036142793,3
1389,93071,1982,41809.0,1.221735191841267,4
1390,93071,1990,48478.0,1.1595111100480757,5
1391,93071,1999,47029.0,0.9701101530591196,6
1392,93071,2006,51106.0,1.086691190542006,7
1393,93071,2012,49442.0,0.9674402222830979,8
1394,93071,2017,51016.0,1.031835281744266,9
1395,93005,1962,47507.0,1.468259364569168,1
1396,93005,1968,61521.0,1.2949881070158082,2
1397,93005,1975,78137.0,1.2700866370832724,3
1398,93005,1982,75996.0,0.972599408730819,4
1399,93005,1990,82314.0,1.0831359545239223,5
1400,93005,1999,80030.0,0.9722525937264621,6
1401,93005,2006,81600.0,1.0196176433837312,7
1402,93005,2012,81899.0,1.0036642156862745,8
1403,93005,2017,85740.0,1.0468992295388222,9
1404,95612,1962,2186.0,2.046816479400749,1
1405,95612,1968,2836.0,1.2973467520585544,2
1406,95612,1975,2762.0,0.9739069111424542,3
1407,95612,1982,2804.0,1.0152063721940623,4
1408,95612,1990,3419.0,1.2193295292439372,5
1409,95612,1999,3668.0,1.0728283123720386,6
1410,95612,2006,3969.0,1.08206106870229,7
1411,95612,2012,4130.0,1.0405643738977073,8
1412,95612,2017,4557.0,1.1033898305084746,9
1413,95280,1962,13109.0,1.9354791082238298,1
1414,95280,1968,16197.0,1.2355633534213135,2
1415,95280,1975,25182.0,1.5547323578440453,3
1416,95280,1982,23543.0,0.9349138273369867,4
1417,95280,1990,24812.0,1.0539013719576944,5
1418,95280,1999,27350.0,1.1022892148960182,6
1419,95280,2006,30142.0,1.1020840950639854,7
1420,95280,2012,31255.0,1.0369252206223873,8
1421,95280,2017,30637.0,0.9802271636538153,9
1422,95019,1962,10227.0,1.560897435897436,1
1423,95019,1968,11114.0,1.0867312017209347,2
1424,95019,1975,11085.0,0.9973906784236098,3
1425,95019,1982,10530.0,0.9499323410013532,4
1426,95019,1990,12223.0,1.160778727445394,5
1427,95019,1999,12262.0,1.0031907060459788,6
1428,95019,2006,12833.0,1.0465666286087099,7
1429,95019,2012,13979.0,1.0893010208057352,8
1430,95019,2017,14227.0,1.0177408970598756,9
1431,95351,1962,2311.0,1.2011434511434511,1
1432,95351,1968,3355.0,1.4517524881003894,2
1433,95351,1975,7961.0,2.372876304023845,3
1434,95351,1982,7385.0,0.9276472804924004,4
1435,95351,1990,7508.0,1.0166553825321598,5
1436,95351,1999,8792.0,1.1710175812466703,6
1437,95351,2006,8896.0,1.0118289353958143,7
1438,95351,2012,9767.0,1.0979091726618706,8
1439,95351,2017,10337.0,1.0583597829425617,9
1440,95154,1962,172.0,1.1390728476821192,1
1441,95154,1968,176.0,1.0232558139534884,2
1442,95154,1975,170.0,0.9659090909090909,3
1443,95154,1982,156.0,0.9176470588235294,4
1444,95154,1990,197.0,1.2628205128205128,5
1445,95154,1999,218.0,1.1065989847715736,6
1446,95154,2006,306.0,1.4036697247706422,7
1447,95154,2012,329.0,1.0751633986928104,8
1448,95154,2017,306.0,0.9300911854103343,9
1449,95633,1962,102.0,1.7586206896551724,1
1450,95633,1968,91.0,0.8921568627450981,2
1451,95633,1975,105.0,1.1538461538461537,3
1452,95633,1982,89.0,0.8476190476190476,4
1453,95633,1990,93.0,1.0449438202247192,5
1454,95633,1999,88.0,0.946236559139785,6
1455,95633,2006,92.0,1.0454545454545454,7
1456,95633,2012,79.0,0.8586956521739131,8
1457,95633,2017,92.0,1.1645569620253164,9
1458,95675,1962,263.0,1.0076628352490422,1
1459,95675,1968,294.0,1.11787072243346,2
1460,95675,1975,311.0,1.0578231292517006,3
1461,95675,1982,271.0,0.8713826366559485,4
1462,95675,1990,361.0,1.3321033210332103,5
1463,95675,1999,700.0,1.9390581717451523,6
1464,95675,2006,709.0,1.012857142857143,7
1465,95675,2012,815.0,1.14950634696756,8
1466,95675,2017,1001.0,1.2282208588957055,9
1467,95094,1962,148.0,0.9487179487179487,1
1468,95094,1968,194.0,1.3108108108108107,2
1469,95094,1975,260.0,1.3402061855670102,3
1470,95094,1982,292.0,1.123076923076923,4
1471,95094,1990,289.0,0.9897260273972602,5
1472,95094,1999,293.0,1.013840830449827,6
1473,95094,2006,303.0,1.0341296928327646,7
1474,95094,2012,332.0,1.0957095709570956,8
1475,95094,2017,306.0,0.9216867469879518,9
1476,93014,1962,11606.0,3.2391850404688807,1
1477,93014,1968,16357.0,1.4093572290194727,2
1478,93014,1975,22422.0,1.3707892645350614,3
1479,93014,1982,24654.0,1.0995450896440995,4
1480,93014,1990,28180.0,1.14301938833455,5
1481,93014,1999,28274.0,1.0033356990773599,6
1482,93014,2006,29412.0,1.0402489920067908,7
1483,93014,2012,30720.0,1.0444716442268462,8
1484,93014,2017,29348.0,0.9553385416666667,9
1485,77282,1962,171.0,1.1712328767123288,1
1486,77282,1968,163.0,0.9532163742690059,2
1487,77282,1975,198.0,1.2147239263803682,3
1488,77282,1982,208.0,1.0505050505050506,4
1489,77282,1990,226.0,1.0865384615384615,5
1490,77282,1999,237.0,1.0486725663716814,6
1491,77282,2006,256.0,1.080168776371308,7
1492,77282,2012,332.0,1.296875,8
1493,77282,2017,353.0,1.0632530120481927,9
1494,95509,1962,921.0,1.627208480565371,1
1495,95509,1968,1020.0,1.1074918566775245,2
1496,95509,1975,2966.0,2.907843137254902,3
1497,95509,1982,3098.0,1.0445043830074174,4
1498,95509,1990,3121.0,1.0074241446094254,5
1499,95509,1999,2931.0,0.9391220762576098,6
1500,95509,2006,3414.0,1.164790174002047,7
1501,95509,2012,3262.0,0.955477445811365,8
1502,95509,2017,3523.0,1.0800122624156958,9
1503,77294,1962,11352.0,1.620094191522763,1
1504,77294,1968,13122.0,1.1559196617336152,2
1505,77294,1975,13741.0,1.0471726870903826,3
1506,77294,1982,12731.0,0.9264973437158868,4
1507,77294,1990,15205.0,1.1943288037074857,5
1508,77294,1999,16863.0,1.1090430779348899,6
1509,77294,2006,17903.0,1.0616734863310207,7
1510,77294,2012,19147.0,1.0694855610791487,8
1511,77294,2017,19931.0,1.0409463623544157,9
1512,77291,1962,572.0,1.0232558139534884,1
1513,77291,1968,559.0,0.9772727272727273,2
1514,77291,1975,1458.0,2.6082289803220036,3
1515,77291,1982,823.0,0.5644718792866941,4
1516,77291,1990,705.0,0.8566221142162819,5
1517,77291,1999,565.0,0.8014184397163121,6
1518,77291,2006,682.0,1.2070796460176991,7
1519,77291,2012,852.0,1.249266862170088,8
1520,77291,2017,1014.0,1.1901408450704225,9
1521,95250,1962,1773.0,1.4689312344656171,1
1522,95250,1968,2209.0,1.2459108855047942,2
1523,95250,1975,6453.0,2.9212313263920326,3
1524,95250,1982,8832.0,1.3686657368665738,4
1525,95250,1990,9620.0,1.0892210144927537,5
1526,95250,1999,9994.0,1.038877338877339,6
1527,95250,2006,9738.0,0.974384630778467,7
1528,95250,2012,9582.0,0.9839802834257547,8
1529,95250,2017,9679.0,1.0101231475683574,9
1530,95604,1962,1300.0,1.241642788920726,1
1531,95604,1968,1533.0,1.1792307692307693,2
1532,95604,1975,2727.0,1.7788649706457926,3
1533,95604,1982,3701.0,1.357169050238357,4
1534,95604,1990,3661.0,0.9891921102404756,5
1535,95604,1999,3657.0,0.9989074023490849,6
1536,95604,2006,3703.0,1.0125786163522013,7
1537,95604,2012,4053.0,1.0945179584120983,8
1538,95604,2017,4171.0,1.0291142363681223,9
1539,95580,1962,161.0,0.5420875420875421,1
1540,95580,1968,163.0,1.0124223602484472,2
1541,95580,1975,355.0,2.1779141104294477,3
1542,95580,1982,2027.0,5.709859154929577,4
1543,95580,1990,2074.0,1.0231869758263443,5
1544,95580,1999,1925.0,0.9281581485053038,6
1545,95580,2006,2565.0,1.3324675324675326,7
1546,95580,2012,2552.0,0.9949317738791423,8
1547,95580,2017,2383.0,0.9337774294670846,9
1548,95641,1962,551.0,1.1199186991869918,1
1549,95641,1968,553.0,1.0036297640653358,2
1550,95641,1975,844.0,1.5262206148282098,3
1551,95641,1982,842.0,0.9976303317535545,4
1552,95641,1990,2099.0,2.492874109263658,5
1553,95641,1999,2058.0,0.9804668889947594,6
1554,95641,2006,2033.0,0.9878522837706512,7
1555,95641,2012,2198.0,1.0811608460403346,8
1556,95641,2017,2471.0,1.124203821656051,9
1557,77322,1962,519.0,1.2689486552567237,1
1558,77322,1968,586.0,1.1290944123314066,2
1559,77322,1975,1725.0,2.9436860068259385,3
1560,77322,1982,1740.0,1.008695652173913,4
1561,77322,1990,2218.0,1.2747126436781608,5
1562,77322,1999,2386.0,1.0757439134355276,6
1563,77322,2006,2370.0,0.9932942162615256,7
1564,77322,2012,2927.0,1.2350210970464135,8
1565,77322,2017,3054.0,1.0433891356337548,9
1566,95371,1962,1466.0,1.4587064676616917,1
1567,95371,1968,1987.0,1.355388813096862,2
1568,95371,1975,2419.0,1.2174131857070962,3
1569,95371,1982,5078.0,2.0992145514675484,4
1570,95371,1990,5128.0,1.0098463962189839,5
1571,95371,1999,5694.0,1.110374414976599,6
1572,95371,2006,5567.0,0.9776958201615736,7
1573,95371,2012,5531.0,0.9935333213580025,8
1574,95371,2017,5677.0,1.0263966732959682,9
1575,95144,1962,69.0,1.1311475409836065,1
1576,95144,1968,53.0,0.7681159420289855,2
1577,95144,1975,69.0,1.3018867924528301,3
1578,95144,1982,75.0,1.0869565217391304,4
1579,95144,1990,60.0,0.8,5
1580,95144,1999,61.0,1.0166666666666666,6
1581,95144,2006,64.0,1.0491803278688525,7
1582,95144,2012,73.0,1.140625,8
1583,95144,2017,74.0,1.0136986301369864,9
1584,77323,1962,324.0,1.2908366533864541,1
1585,77323,1968,295.0,0.9104938271604939,2
1586,77323,1975,389.0,1.3186440677966103,3
1587,77323,1982,657.0,1.6889460154241644,4
1588,77323,1990,836.0,1.2724505327245053,5
1589,77323,1999,1012.0,1.2105263157894737,6
1590,77323,2006,1080.0,1.0671936758893281,7
1591,77323,2012,984.0,0.9111111111111111,8
1592,77323,2017,1428.0,1.451219512195122,9
1593,77259,1962,341.0,0.9827089337175793,1
1594,77259,1968,417.0,1.2228739002932552,2
1595,77259,1975,494.0,1.184652278177458,3
1596,77259,1982,696.0,1.408906882591093,4
1597,77259,1990,1089.0,1.5646551724137931,5
1598,77259,1999,2068.0,1.898989898989899,6
1599,77259,2006,2273.0,1.0991295938104448,7
1600,77259,2012,2474.0,1.088429388473383,8
1601,77259,2017,2368.0,0.9571544058205336,9
1602,77511,1962,310.0,1.0726643598615917,1
1603,77511,1968,299.0,0.964516129032258,2
1604,77511,1975,298.0,0.9966555183946488,3
1605,77511,1982,277.0,0.9295302013422819,4
1606,77511,1990,413.0,1.4909747292418774,5
1607,77511,1999,533.0,1.2905569007263922,6
1608,77511,2006,600.0,1.125703564727955,7
1609,77511,2012,646.0,1.0766666666666667,8
1610,77511,2017,641.0,0.9922600619195047,9
1611,77123,1962,311.0,1.2540322580645162,1
1612,77123,1968,340.0,1.0932475884244373,2
1613,77123,1975,325.0,0.9558823529411765,3
1614,77123,1982,345.0,1.0615384615384615,4
1615,77123,1990,507.0,1.4695652173913043,5
1616,77123,1999,723.0,1.4260355029585798,6
1617,77123,2006,781.0,1.0802213001383125,7
1618,77123,2012,795.0,1.0179257362355953,8
1619,77123,2017,808.0,1.0163522012578616,9
1620,93027,1962,25792.0,1.5528930098139564,1
1621,93027,1968,43318.0,1.6795130272952854,2
1622,93027,1975,37958.0,0.8762639087677178,3
1623,93027,1982,33537.0,0.883529163812635,4
1624,93027,1990,34139.0,1.0179503235232727,5
1625,93027,1999,35301.0,1.034037318023375,6
1626,93027,2006,37034.0,1.0490920937083936,7
1627,93027,2012,39859.0,1.076281255062915,8
1628,93027,2017,43054.0,1.080157555382724,9
1629,93001,1962,70632.0,1.3324278438030561,1
1630,93001,1968,73695.0,1.0433656133197418,2
1631,93001,1975,72976.0,0.9902435714770337,3
1632,93001,1982,67719.0,0.9279626178469634,4
1633,93001,1990,67557.0,0.9976077614849599,5
1634,93001,1999,63130.0,0.934470151131637,6
1635,93001,2006,73506.0,1.1643592586725804,7
1636,93001,2012,77032.0,1.0479688732892554,8
1637,93001,2017,86375.0,1.121287257243743,9
1638,95210,1962,12504.0,1.1073326248671627,1
1639,95210,1968,12152.0,0.9718490083173384,2
1640,95210,1975,10712.0,0.8815009874917709,3
1641,95210,1982,9739.0,0.909167289021658,4
1642,95210,1990,10077.0,1.0347058219529726,5
1643,95210,1999,10367.0,1.0287784062717078,6
1644,95210,2006,12121.0,1.169190701263625,7
1645,95210,2012,11410.0,0.9413414734757858,8
1646,95210,2017,11228.0,0.9840490797546012,9
1647,93066,1962,94264.0,1.3478030855459757,1
1648,93066,1968,99268.0,1.0530849528982433,2
1649,93066,1975,96132.0,0.9684087520651167,3
1650,93066,1982,90829.0,0.9448362667998169,4
1651,93066,1990,89988.0,0.9907408426824031,5
1652,93066,1999,85994.0,0.9556163043961418,6
1653,93066,2006,97875.0,1.1381608019164127,7
1654,93066,2012,108274.0,1.1062477650063858,8
1655,93066,2017,111135.0,1.0264237028280103,9
1656,92078,1962,13780.0,3.8448660714285716,1
1657,92078,1968,22715.0,1.6484034833091437,2
1658,92078,1975,23691.0,1.0429672022892362,3
1659,92078,1982,23906.0,1.0090751762272594,4
1660,92078,1990,23824.0,0.9965698987701832,5
1661,92078,1999,22308.0,0.9363666890530558,6
1662,92078,2006,24568.0,1.1013089474627935,7
1663,92078,2012,25725.0,1.0470937805275156,8
1664,92078,2017,23771.0,0.9240427599611273,9
1665,95197,1962,13681.0,1.4572858968896463,1
1666,95197,1968,15613.0,1.1412177472406988,2
1667,95197,1975,15689.0,1.004867738423109,3
1668,95197,1982,16387.0,1.0444897699024795,4
1669,95197,1990,19062.0,1.163239152987124,5
1670,95197,1999,20150.0,1.057076906935264,6
1671,95197,2006,21230.0,1.0535980148883375,7
1672,95197,2012,21983.0,1.0354686764013188,8
1673,95197,2017,22306.0,1.0146931719965429,9
1674,95555,1962,9248.0,1.5160655737704918,1
1675,95555,1968,14947.0,1.6162413494809689,2
1676,95555,1975,20338.0,1.3606743828192949,3
1677,95555,1982,20470.0,1.0064903136984955,4
1678,95555,1990,19338.0,0.9446995603321935,5
1679,95555,1999,19219.0,0.993846312958941,6
1680,95555,2006,21436.0,1.1153545970133723,7
1681,95555,2012,20937.0,0.9767214032468744,8
1682,95555,2017,20682.0,0.9878206046711563,9
1683,93072,1962,27503.0,1.4961919268849961,1
1684,93072,1968,32169.0,1.1696542195396866,2
1685,93072,1975,35545.0,1.1049457552301905,3
1686,93072,1982,36079.0,1.0150232100154732,4
1687,93072,1990,34879.0,0.9667396546467474,5
1688,93072,1999,32826.0,0.9411393675277387,6
1689,93072,2006,34670.0,1.0561749832449887,7
1690,93072,2012,36155.0,1.0428324199596193,8
1691,93072,2017,38720.0,1.0709445443230534,9
1692,93031,1962,34167.0,2.100129079845104,1
1693,93031,1968,41774.0,1.2226417303245822,2
1694,93031,1975,46578.0,1.1149997606166515,3
1695,93031,1982,50314.0,1.0802095409850143,4
1696,93031,1990,48762.0,0.9691537146718607,5
1697,93031,1999,46558.0,0.9548008695295517,6
1698,93031,2006,51598.0,1.1082520726835345,7
1699,93031,2012,55140.0,1.068646071553161,8
1700,93031,2017,55084.0,0.9989844033369605,9
1701,93059,1962,14770.0,1.2206611570247934,1
1702,93059,1968,19017.0,1.2875423155044008,2
1703,93059,1975,20819.0,1.0947573223957512,3
1704,93059,1982,22366.0,1.074307123300831,4
1705,93059,1990,23822.0,1.0650988106948047,5
1706,93059,1999,25789.0,1.0825707329359415,6
1707,93059,2006,27532.0,1.0675869556787778,7
1708,93059,2012,27925.0,1.0142742989975302,8
1709,93059,2017,30306.0,1.0852641002685766,9
1710,93039,1962,3946.0,1.290385873119686,1
1711,93039,1968,5522.0,1.3993917891535732,2
1712,93039,1975,7004.0,1.2683810213690692,3
1713,93039,1982,7435.0,1.0615362649914335,4
1714,93039,1990,7413.0,0.9970410221923336,5
1715,93039,1999,6822.0,0.9202751922298664,6
1716,93039,2006,7212.0,1.0571679859278804,7
1717,93039,2012,6981.0,0.9679700499168054,8
1718,93039,2017,7981.0,1.1432459533018193,9
1719,92036,1962,42595.0,1.6923596487742858,1
1720,92036,1968,46074.0,1.0816762530813475,2
1721,92036,1975,50290.0,1.0915049702652255,3
1722,92036,1982,45396.0,0.9026844303042354,4
1723,92036,1990,44818.0,0.9872676006696626,5
1724,92036,1999,42344.0,0.9447989647016823,6
1725,92036,2006,43054.0,1.016767428679388,7
1726,92036,2012,42919.0,0.9968644028429414,8
1727,92036,2017,46907.0,1.092919219925907,9
1728,95427,1962,5493.0,1.504931506849315,1
1729,95427,1968,6584.0,1.1986164208993264,2
1730,95427,1975,7382.0,1.121202916160389,3
1731,95427,1982,8977.0,1.2160661067461394,4
1732,95427,1990,11505.0,1.2816085551966137,5
1733,95427,1999,13085.0,1.1373315949587135,6
1734,95427,2006,13956.0,1.0665647688192588,7
1735,95427,2012,13814.0,0.9898251648036687,8
1736,95427,2017,14173.0,1.025988127986101,9
1737,95268,1962,10483.0,2.9646493212669682,1
1738,95268,1968,27312.0,2.6053610607650484,2
1739,95268,1975,37927.0,1.388657000585823,3
1740,95268,1982,40182.0,1.0594563239908246,4
1741,95268,1990,42144.0,1.0488278333582202,5
1742,95268,1999,40060.0,0.9505504935459378,6
1743,95268,2006,39672.0,0.9903145282076885,7
1744,95268,2012,41001.0,1.0334996975196613,8
1745,95268,2017,42728.0,1.0421209238799054,9
1746,93045,1962,17721.0,1.0020356234096692,1
1747,93045,1968,15817.0,0.8925568534507082,2
1748,93045,1975,20054.0,1.2678763355882912,3
1749,93045,1982,20354.0,1.01495960905555,4
1750,93045,1990,20118.0,0.9884052274737153,5
1751,93045,1999,20207.0,1.004423898995924,6
1752,93045,2006,22071.0,1.0922452615430296,7
1753,93045,2012,22920.0,1.0384667663449776,8
1754,93045,2017,23045.0,1.0054537521815008,9
1755,93079,1962,4892.0,1.5955642530984997,1
1756,93079,1968,7405.0,1.5136958299264105,2
1757,93079,1975,8909.0,1.2031060094530723,3
1758,93079,1982,10080.0,1.131440116735885,4
1759,93079,1990,11177.0,1.108829365079365,5
1760,93079,1999,11354.0,1.0158360919745906,6
1761,93079,2006,11887.0,1.0469438083494804,7
1762,93079,2012,12502.0,1.0517371918903002,8
1763,93079,2017,13646.0,1.0915053591425372,9
1764,95585,1962,35800.0,5.3737616331432,1
1765,95585,1968,51674.0,1.4434078212290502,2
1766,95585,1975,55007.0,1.064500522506483,3
1767,95585,1982,53630.0,0.9749668224044212,4
1768,95585,1990,56833.0,1.0597240350550066,5
1769,95585,1999,57851.0,1.0179121285168828,6
1770,95585,2006,58654.0,1.0138804860762995,7
1771,95585,2012,57499.0,0.9803082483718075,8
1772,95585,2017,58587.0,1.0189220682098818,9
1773,95598,1962,11803.0,2.0868104667609617,1
1774,95598,1968,14552.0,1.232906888079302,2
1775,95598,1975,16260.0,1.1173721825178669,3
1776,95598,1982,15894.0,0.977490774907749,4
1777,95598,1990,16597.0,1.0442305272429848,5
1778,95598,1999,16807.0,1.012652889076339,6
1779,95598,2006,17483.0,1.0402213363479502,7
1780,95598,2012,17534.0,1.0029171194875022,8
1781,95598,2017,18155.0,1.0354169043002168,9
1782,95428,1962,16369.0,1.4516672578928698,1
1783,95428,1968,18691.0,1.1418535035738286,2
1784,95428,1975,20860.0,1.1160451554223958,3
1785,95428,1982,20798.0,0.9970278044103548,4
1786,95428,1990,20920.0,1.0058659486489085,5
1787,95428,1999,20576.0,0.9835564053537285,6
1788,95428,2006,21416.0,1.040824261275272,7
1789,95428,2012,20842.0,0.9731976092641016,8
1790,95428,2017,21461.0,1.0296996449477018,9
1791,93006,1962,31591.0,1.2606648309988426,1
1792,93006,1968,34054.0,1.077965243265487,2
1793,93006,1975,35906.0,1.054384213308275,3
1794,93006,1982,32557.0,0.90672868044338,4
1795,93006,1990,32600.0,1.0013207605123322,5
1796,93006,1999,32424.0,0.994601226993865,6
1797,93006,2006,34069.0,1.0507340241796201,7
1798,93006,2012,34920.0,1.0249787196571662,8
1799,93006,2017,35674.0,1.0215922107674684,9
1800,94080,1962,50436.0,1.0245805062365416,1
1801,94080,1968,49143.0,0.9743635498453486,2
1802,94080,1975,44261.0,0.9006572655312048,3
1803,94080,1982,42870.0,0.9685727841666478,4
1804,94080,1990,42267.0,0.9859342197340798,5
1805,94080,1999,43580.0,1.031064423782147,6
1806,94080,2006,47488.0,1.089674162459844,7
1807,94080,2012,49831.0,1.0493387803234502,8
1808,94080,2017,49891.0,1.0012040697557745,9
1809,92004,1962,81768.0,1.1313768627288199,1
1810,92004,1968,80113.0,0.9797598082379415,2
1811,92004,1975,75431.0,0.9415575499606805,3
1812,92004,1982,71077.0,0.9422783736129708,4
1813,92004,1990,71850.0,1.0108755293554876,5
1814,92004,1999,75832.0,1.0554210160055673,6
1815,92004,2006,82351.0,1.0859663466610403,7
1816,92004,2012,83845.0,1.0181418562008961,8
1817,92004,2017,85191.0,1.0160534319279624,9
1818,92009,1962,29938.0,1.162460200357226,1
1819,92009,1968,28934.0,0.9664640256530163,2
1820,92009,1975,26657.0,0.9213036565977742,3
1821,92009,1982,23780.0,0.8920733765990172,4
1822,92009,1990,24415.0,1.0267031118587049,5
1823,92009,1999,23902.0,0.978988326848249,6
1824,92009,2006,27151.0,1.1359300476947536,7
1825,92009,2012,28709.0,1.0573827851644506,8
1826,92009,2017,28239.0,0.9836288271970463,9
1827,93048,1962,92207.0,1.320298404879865,1
1828,93048,1968,95698.0,1.0378604661251314,2
1829,93048,1975,96587.0,1.0092896403268616,3
1830,93048,1982,93368.0,0.9666725335707704,4
1831,93048,1990,94754.0,1.0148444863336474,5
1832,93048,1999,90735.0,0.9575849040673745,6
1833,93048,2006,101587.0,1.1196010359839093,7
1834,93048,2012,103520.0,1.01902802523945,8
1835,93048,2017,109897.0,1.0616016228748069,9
1836,93055,1962,46292.0,1.277302577120468,1
1837,93055,1968,47607.0,1.0284066361358335,2
1838,93055,1975,42739.0,0.897746129770832,3
1839,93055,1982,43553.0,1.0190458363555535,4
1840,93055,1990,47303.0,1.0861019906780245,5
1841,93055,1999,49919.0,1.0553030463184154,6
1842,93055,2006,53577.0,1.0732787115126505,7
1843,93055,2012,53060.0,0.9903503368982959,8
1844,93055,2017,57482.0,1.0833396155295891,9
1845,95369,1962,612.0,1.0425894378194207,1
1846,95369,1968,860.0,1.4052287581699345,2
1847,95369,1975,1468.0,1.7069767441860466,3
1848,95369,1982,2451.0,1.6696185286103542,4
1849,95369,1990,2745.0,1.1199510403916768,5
1850,95369,1999,2585.0,0.941712204007286,6
1851,95369,2006,2824.0,1.0924564796905223,7
1852,95369,2012,2893.0,1.0244334277620397,8
1853,95369,2017,2887.0,0.9979260283442793,9
1854,95680,1962,12797.0,3.040389641244951,1
1855,95680,1968,19119.0,1.4940220364147847,2
1856,95680,1975,21876.0,1.1442021026204299,3
1857,95680,1982,24808.0,1.1340281587127445,4
1858,95680,1990,26110.0,1.0524830699774266,5
1859,95680,1999,26143.0,1.0012638835695136,6
1860,95680,2006,27130.0,1.0377538920552347,7
1861,95680,2012,27496.0,1.0134906008109104,8
1862,95680,2017,27676.0,1.0065464067500727,9
1863,95205,1962,3024.0,1.2322738386308068,1
1864,95205,1968,3887.0,1.285383597883598,2
1865,95205,1975,4494.0,1.15616156418832,3
1866,95205,1982,4338.0,0.965287049399199,4
1867,95205,1990,4846.0,1.1171046565237437,5
1868,95205,1999,7117.0,1.4686339248865043,6
1869,95205,2006,7347.0,1.0323169874947309,7
1870,95205,2012,7253.0,0.9872056621750375,8
1871,95205,2017,7188.0,0.9910381910933407,9
1872,95489,1962,474.0,1.1074766355140186,1
1873,95489,1968,497.0,1.0485232067510548,2
1874,95489,1975,522.0,1.0503018108651911,3
1875,95489,1982,466.0,0.89272030651341,4
1876,95489,1990,664.0,1.4248927038626609,5
1877,95489,1999,634.0,0.9548192771084337,6
1878,95489,2006,682.0,1.0757097791798107,7
1879,95489,2012,736.0,1.0791788856304985,8
1880,95489,2017,676.0,0.9184782608695652,9
1881,95539,1962,3364.0,1.2993433758207802,1
1882,95539,1968,4804.0,1.4280618311533888,2
1883,95539,1975,7491.0,1.5593255620316402,3
1884,95539,1982,9528.0,1.2719263115738886,4
1885,95539,1990,11662.0,1.2239714525608731,5
1886,95539,1999,12535.0,1.0748585148345053,6
1887,95539,2006,13696.0,1.0926206621459913,7
1888,95539,2012,14333.0,1.0465099299065421,8
1889,95539,2017,14883.0,1.0383729854182655,9
1890,95288,1962,4744.0,1.3115841857893282,1
1891,95288,1968,5442.0,1.147133220910624,2
1892,95288,1975,5196.0,0.9547960308710033,3
1893,95288,1982,4914.0,0.9457274826789839,4
1894,95288,1990,5910.0,1.2026862026862026,5
1895,95288,1999,7347.0,1.2431472081218273,6
1896,95288,2006,8011.0,1.090377024635906,7
1897,95288,2012,8676.0,1.0830108600674073,8
1898,95288,2017,8778.0,1.0117565698478561,9
1899,94052,1962,24501.0,1.1370956513667796,1
1900,94052,1968,26238.0,1.0708950655075302,2
1901,94052,1975,25634.0,0.9769799527403004,3
1902,94052,1982,24630.0,0.9608332683155184,4
1903,94052,1990,25248.0,1.0250913520097442,5
1904,94052,1999,28194.0,1.1166825095057034,6
1905,94052,2006,30632.0,1.0864722990707243,7
1906,94052,2012,30884.0,1.0082266910420474,8
1907,94052,2017,32851.0,1.063689936536718,9
1908,94033,1962,37484.0,1.2146467919637072,1
1909,94033,1968,38962.0,1.03943015686693,2
1910,94033,1975,46475.0,1.1928289102202145,3
1911,94033,1982,52627.0,1.132372243141474,4
1912,94033,1990,51868.0,0.9855777452638379,5
1913,94033,1999,50865.0,0.9806624508367394,6
1914,94033,2006,51727.0,1.016946820013762,7
1915,94033,2012,52998.0,1.024571307054343,8
1916,94033,2017,52939.0,0.9988867504434129,9
1917,95492,1962,132.0,1.168141592920354,1
1918,95492,1968,94.0,0.7121212121212122,2
1919,95492,1975,89.0,0.9468085106382979,3
1920,95492,1982,67.0,0.7528089887640449,4
1921,95492,1990,79.0,1.1791044776119404,5
1922,95492,1999,75.0,0.9493670886075949,6
1923,95492,2006,77.0,1.0266666666666666,7
1924,95492,2012,71.0,0.922077922077922,8
1925,95492,2017,71.0,1.0,9
1926,75112,1962,161574.0,1.0516881138817833,1
1927,75112,1968,155982.0,0.9653904712391845,2
1928,75112,1975,140900.0,0.9033093562077675,3
1929,75112,1982,138015.0,0.9795244854506743,4
1930,75112,1990,130257.0,0.9437887186175415,5
1931,75112,1999,136662.0,1.0491720214652571,6
1932,75112,2006,141519.0,1.035540237959345,7
1933,75112,2012,144925.0,1.0240674397077425,8
1934,75112,2017,140296.0,0.9680593410384681,9
1935,94015,1962,9046.0,1.7737254901960784,1
1936,94015,1968,11672.0,1.2902940526199425,2
1937,94015,1975,12270.0,1.0512337217272105,3
1938,94015,1982,12168.0,0.9916870415647921,4
1939,94015,1990,13826.0,1.136259040105194,5
1940,94015,1999,15021.0,1.0864313612035297,6
1941,94015,2006,14985.0,0.9976033553025764,7
1942,94015,2012,16319.0,1.0890223556890224,8
1943,94015,2017,16624.0,1.0186898707028618,9
1944,77108,1962,28382.0,1.987813419246393,1
1945,77108,1968,33281.0,1.1726094003241492,2
1946,77108,1975,36516.0,1.0972026080947086,3
1947,77108,1982,41838.0,1.1457443312520539,4
1948,77108,1990,45365.0,1.0843013528371337,5
1949,77108,1999,45371.0,1.00013226055329,6
1950,77108,2006,48616.0,1.071521456436931,7
1951,77108,2012,53247.0,1.0952567056113214,8
1952,77108,2017,54917.0,1.0313632692921666,9
1953,77363,1962,613.0,1.4987775061124695,1
1954,77363,1968,628.0,1.0244698205546492,2
1955,77363,1975,609.0,0.9697452229299363,3
1956,77363,1982,770.0,1.264367816091954,4
1957,77363,1990,952.0,1.2363636363636363,5
1958,77363,1999,1067.0,1.120798319327731,6
1959,77363,2006,1187.0,1.112464854732896,7
1960,77363,2012,1325.0,1.1162594776748105,8
1961,77363,2017,1467.0,1.1071698113207546,9
1962,92026,1962,59491.0,1.0800835148874364,1
1963,92026,1968,58118.0,0.9769208787883882,2
1964,92026,1975,54488.0,0.9375408651364465,3
1965,92026,1982,59830.0,1.0980399353986199,4
1966,92026,1990,65389.0,1.0929132542202908,5
1967,92026,1999,69665.0,1.0653932618636162,6
1968,92026,2006,84415.0,1.2117275532907485,7
1969,92026,2012,86854.0,1.0288929692590179,8
1970,92026,2017,81719.0,0.940877794920211,9
1971,94054,1962,17637.0,2.9311949476483297,1
1972,94054,1968,30197.0,1.7121392527073764,2
1973,94054,1975,26104.0,0.8644567341126602,3
1974,94054,1982,23766.0,0.910435182347533,4
1975,94054,1990,21646.0,0.9107969368004712,5
1976,94054,1999,20497.0,0.9469185992793125,6
1977,94054,2006,21197.0,1.0341513392203736,7
1978,94054,2012,21628.0,1.0203330659999057,8
1979,94054,2017,23801.0,1.1004716108747918,9
1980,77479,1962,6908.0,1.3048734416320362,1
1981,77479,1968,8455.0,1.2239432541980313,2
1982,77479,1975,10019.0,1.1849793021880544,3
1983,77479,1982,10812.0,1.0791496157301128,4
1984,77479,1990,11194.0,1.0353311135775065,5
1985,77479,1999,11757.0,1.0502948007861355,6
1986,77479,2006,11577.0,0.9846899719316152,7
1987,77479,2012,13273.0,1.1464973654660102,8
1988,77479,2017,13327.0,1.0040684095532284,9
1989,77055,1962,3015.0,2.5464527027027026,1
1990,77055,1968,3269.0,1.0842454394693202,2
1991,77055,1975,4664.0,1.426736004894463,3
1992,77055,1982,4429.0,0.9496140651801029,4
1993,77055,1990,4469.0,1.0090313840596072,5
1994,77055,1999,4282.0,0.9581561870664578,6
1995,77055,2006,4258.0,0.9943951424567959,7
1996,77055,2012,4393.0,1.0317050258337248,8
1997,77055,2017,4382.0,0.9974960163897109,9
1998,77517,1962,668.0,1.250936329588015,1
1999,77517,1968,897.0,1.342814371257485,2
2000,77517,1975,936.0,1.0434782608695652,3
2001,77517,1982,1076.0,1.1495726495726495,4
2002,77517,1990,1348.0,1.2527881040892193,5
2003,77517,1999,1602.0,1.188427299703264,6
2004,77517,2006,1651.0,1.0305867665418227,7
2005,77517,2012,2040.0,1.2356147789218654,8
2006,77517,2017,2122.0,1.0401960784313726,9
2007,77214,1962,57.0,0.5480769230769231,1
2008,77214,1968,100.0,1.7543859649122806,2
2009,77214,1975,461.0,4.61,3
2010,77214,1982,800.0,1.735357917570499,4
2011,77214,1990,868.0,1.085,5
2012,77214,1999,815.0,0.9389400921658986,6
2013,77214,2006,896.0,1.0993865030674848,7
2014,77214,2012,893.0,0.9966517857142857,8
2015,77214,2017,840.0,0.9406494960806271,9
2016,77462,1962,464.0,0.9768421052631578,1
2017,77462,1968,425.0,0.915948275862069,2
2018,77462,1975,366.0,0.8611764705882353,3
2019,77462,1982,469.0,1.2814207650273224,4
2020,77462,1990,581.0,1.2388059701492538,5
2021,77462,1999,681.0,1.1721170395869192,6
2022,77462,2006,785.0,1.1527165932452277,7
2023,77462,2012,811.0,1.0331210191082802,8
2024,77462,2017,913.0,1.12577065351418,9
2025,77153,1962,1678.0,1.319182389937107,1
2026,77153,1968,2049.0,1.2210965435041716,2
2027,77153,1975,3476.0,1.6964372864812103,3
2028,77153,1982,4528.0,1.3026467203682393,4
2029,77153,1990,6620.0,1.4620141342756183,5
2030,77153,1999,7802.0,1.1785498489425983,6
2031,77153,2006,7948.0,1.0187131504742373,7
2032,77153,2012,8464.0,1.0649219929542024,8
2033,77153,2017,9920.0,1.172022684310019,9
2034,77118,1962,3220.0,1.576113558492413,1
2035,77118,1968,4363.0,1.3549689440993788,2
2036,77118,1975,5735.0,1.3144625257850102,3
2037,77118,1982,8152.0,1.4214472537053182,4
2038,77118,1990,9740.0,1.1947988223748773,5
2039,77118,1999,10118.0,1.0388090349075976,6
2040,77118,2006,11086.0,1.0956710812413522,7
2041,77118,2012,11299.0,1.019213422334476,8
2042,77118,2017,12486.0,1.1050535445614655,9
2043,77420,1962,1073.0,1.2361751152073732,1
2044,77420,1968,1090.0,1.015843429636533,2
2045,77420,1975,2021.0,1.8541284403669724,3
2046,77420,1982,2375.0,1.1751608114794656,4
2047,77420,1990,2959.0,1.2458947368421052,5
2048,77420,1999,3441.0,1.1628928692125717,6
2049,77420,2006,3625.0,1.053472827666376,7
2050,77420,2012,3849.0,1.061793103448276,8
2051,77420,2017,3857.0,1.0020784619381657,9
2052,77427,1962,234.0,0.8897338403041825,1
2053,77427,1968,205.0,0.8760683760683761,2
2054,77427,1975,214.0,1.0439024390243903,3
2055,77427,1982,211.0,0.985981308411215,4
2056,77427,1990,296.0,1.4028436018957346,5
2057,77427,1999,462.0,1.5608108108108107,6
2058,77427,2006,519.0,1.1233766233766234,7
2059,77427,2012,587.0,1.1310211946050097,8
2060,77427,2017,613.0,1.0442930153321976,9
2061,77372,1962,1181.0,1.263101604278075,1
2062,77372,1968,1304.0,1.1041490262489415,2
2063,77372,1975,1397.0,1.071319018404908,3
2064,77372,1982,2826.0,2.022906227630637,4
2065,77372,1990,3044.0,1.0771408351026186,5
2066,77372,1999,3263.0,1.0719448094612352,6
2067,77372,2006,3309.0,1.014097456328532,7
2068,77372,2012,3579.0,1.0815956482320943,8
2069,77372,2017,4034.0,1.1271304833752445,9
2070,77005,1962,1176.0,1.302325581395349,1
2071,77005,1968,1201.0,1.0212585034013606,2
2072,77005,1975,1715.0,1.4279766860949208,3
2073,77005,1982,1714.0,0.9994169096209913,4
2074,77005,1990,2128.0,1.2415402567094516,5
2075,77005,1999,2482.0,1.1663533834586466,6
2076,77005,2006,3198.0,1.2884770346494763,7
2077,77005,2012,3209.0,1.003439649781113,8
2078,77005,2017,3278.0,1.0215020255531317,9
2079,77062,1962,217.0,1.0187793427230047,1
2080,77062,1968,207.0,0.9539170506912442,2
2081,77062,1975,311.0,1.502415458937198,3
2082,77062,1982,376.0,1.2090032154340835,4
2083,77062,1990,411.0,1.0930851063829787,5
2084,77062,1999,435.0,1.0583941605839415,6
2085,77062,2006,427.0,0.9816091954022989,7
2086,77062,2012,475.0,1.1124121779859484,8
2087,77062,2017,454.0,0.9557894736842105,9
2088,77332,1962,284.0,1.2085106382978723,1
2089,77332,1968,294.0,1.0352112676056338,2
2090,77332,1975,208.0,0.7074829931972789,3
2091,77332,1982,179.0,0.8605769230769231,4
2092,77332,1990,181.0,1.011173184357542,5
2093,77332,1999,265.0,1.4640883977900552,6
2094,77332,2006,267.0,1.0075471698113208,7
2095,77332,2012,273.0,1.0224719101123596,8
2096,77332,2017,277.0,1.0146520146520146,9
2097,77292,1962,513.0,1.0219123505976095,1
2098,77292,1968,475.0,0.9259259259259259,2
2099,77292,1975,608.0,1.28,3
2100,77292,1982,720.0,1.1842105263157894,4
2101,77292,1990,787.0,1.0930555555555554,5
2102,77292,1999,843.0,1.071156289707751,6
2103,77292,2006,1058.0,1.255041518386714,7
2104,77292,2012,1105.0,1.0444234404536863,8
2105,77292,2017,1161.0,1.0506787330316743,9
2106,77241,1962,823.0,0.6696501220504475,1
2107,77241,1968,798.0,0.9696233292831106,2
2108,77241,1975,802.0,1.005012531328321,3
2109,77241,1982,1130.0,1.4089775561097257,4
2110,77241,1990,1288.0,1.1398230088495576,5
2111,77241,1999,1447.0,1.1234472049689441,6
2112,77241,2006,1699.0,1.1741534208707671,7
2113,77241,2012,2205.0,1.2978222483814008,8
2114,77241,2017,1963.0,0.890249433106576,9
2115,77525,1962,181.0,0.8153153153153153,1
2116,77525,1968,201.0,1.1104972375690607,2
2117,77525,1975,179.0,0.8905472636815921,3
2118,77525,1982,194.0,1.0837988826815643,4
2119,77525,1990,247.0,1.2731958762886597,5
2120,77525,1999,287.0,1.1619433198380567,6
2121,77525,2006,328.0,1.1428571428571428,7
2122,77525,2012,363.0,1.1067073170731707,8
2123,77525,2017,379.0,1.044077134986226,9
