,Unnamed: 0,LIBELLE_ARRET,TRNC_HORR_60,pourc_validations,NB_VALD,NB_VALD_HOUR
0,0,AEROPORT CHARLES DE GAULLE 1,0H-1H,0.05,4751.359550561798,237.5679775280899
1,1,AEROPORT CHARLES DE GAULLE 1,10H-11H,3.66,4751.359550561798,17389.975955056183
2,2,AEROPORT CHARLES DE GAULLE 1,11H-12H,4.15,4751.359550561798,19718.14213483146
3,3,AEROPORT CHARLES DE GAULLE 1,12H-13H,5.25,4751.359550561798,24944.637640449437
4,4,AEROPORT CHARLES DE GAULLE 1,13H-14H,5.67,4751.359550561798,26940.208651685392
5,5,AEROPORT CHARLES DE GAULLE 1,14H-15H,8.44,4751.359550561798,40101.47460674157
6,6,AEROPORT CHARLES DE GAULLE 1,15H-16H,11.19,4751.359550561798,53167.713370786514
7,7,AEROPORT CHARLES DE GAULLE 1,16H-17H,11.35,4751.359550561798,53927.930898876395
8,8,AEROPORT CHARLES DE GAULLE 1,17H-18H,11.34,4751.359550561798,53880.41730337079
9,9,AEROPORT CHARLES DE GAULLE 1,18H-19H,8.79,4751.359550561798,41764.4504494382
10,10,AEROPORT CHARLES DE GAULLE 1,19H-20H,5.19,4751.359550561798,24659.55606741573
11,11,AEROPORT CHARLES DE GAULLE 1,1H-2H,0.01,4751.359550561798,47.51359550561798
12,12,AEROPORT CHARLES DE GAULLE 1,20H-21H,3.71,4751.359550561798,17627.543932584267
13,13,AEROPORT CHARLES DE GAULLE 1,21H-22H,1.95,4751.359550561798,9265.151123595506
14,14,AEROPORT CHARLES DE GAULLE 1,22H-23H,1.51,4751.359550561798,7174.552921348315
15,15,AEROPORT CHARLES DE GAULLE 1,23H-0H,1.03,4751.359550561798,4893.900337078651
16,16,AEROPORT CHARLES DE GAULLE 1,2H-3H,0.18,4751.359550561798,855.2447191011237
17,17,AEROPORT CHARLES DE GAULLE 1,3H-4H,0.55,4751.359550561798,2613.247752808989
18,18,AEROPORT CHARLES DE GAULLE 1,4H-5H,1.11,4751.359550561798,5274.009101123596
19,19,AEROPORT CHARLES DE GAULLE 1,5H-6H,2.12,4751.359550561798,10072.882247191012
20,20,AEROPORT CHARLES DE GAULLE 1,6H-7H,2.58,4751.359550561798,12258.507640449441
21,21,AEROPORT CHARLES DE GAULLE 1,7H-8H,3.28,4751.359550561798,15584.459325842696
22,22,AEROPORT CHARLES DE GAULLE 1,8H-9H,3.46,4751.359550561798,16439.704044943817
23,23,AEROPORT CHARLES DE GAULLE 1,9H-10H,3.43,4751.359550561798,16297.163258426965
24,24,AEROPORT CHARLES DE GAULLE 2-TGV,0H-1H,0.06,6158.989071038252,369.5393442622952
25,25,AEROPORT CHARLES DE GAULLE 2-TGV,10H-11H,4.79,6158.989071038252,29501.557650273222
26,26,AEROPORT CHARLES DE GAULLE 2-TGV,11H-12H,5.64,6158.989071038252,34736.69836065573
27,27,AEROPORT CHARLES DE GAULLE 2-TGV,12H-13H,6.6,6158.989071038252,40649.32786885246
28,28,AEROPORT CHARLES DE GAULLE 2-TGV,13H-14H,7.22,6158.989071038252,44467.90109289617
29,29,AEROPORT CHARLES DE GAULLE 2-TGV,14H-15H,7.58,6158.989071038252,46685.137158469945
30,30,AEROPORT CHARLES DE GAULLE 2-TGV,15H-16H,7.81,6158.989071038252,48101.70464480874
31,31,AEROPORT CHARLES DE GAULLE 2-TGV,16H-17H,7.0,6158.989071038252,43112.923497267766
32,32,AEROPORT CHARLES DE GAULLE 2-TGV,17H-18H,6.56,6158.989071038252,40402.96830601093
33,33,AEROPORT CHARLES DE GAULLE 2-TGV,18H-19H,6.88,6158.989071038252,42373.84480874317
34,34,AEROPORT CHARLES DE GAULLE 2-TGV,19H-20H,5.86,6158.989071038252,36091.67595628416
35,35,AEROPORT CHARLES DE GAULLE 2-TGV,1H-2H,0.01,6158.989071038252,61.58989071038252
36,36,AEROPORT CHARLES DE GAULLE 2-TGV,20H-21H,6.15,6158.989071038252,37877.78278688525
37,37,AEROPORT CHARLES DE GAULLE 2-TGV,21H-22H,3.93,6158.989071038252,24204.82704918033
38,38,AEROPORT CHARLES DE GAULLE 2-TGV,22H-23H,2.84,6158.989071038252,17491.528961748634
39,39,AEROPORT CHARLES DE GAULLE 2-TGV,23H-0H,1.61,6158.989071038252,9915.972404371585
40,40,AEROPORT CHARLES DE GAULLE 2-TGV,2H-3H,0.25,6158.989071038252,1539.7472677595626
41,41,AEROPORT CHARLES DE GAULLE 2-TGV,3H-4H,0.53,6158.989071038252,3264.264207650273
42,42,AEROPORT CHARLES DE GAULLE 2-TGV,4H-5H,1.18,6158.989071038252,7267.607103825137
43,43,AEROPORT CHARLES DE GAULLE 2-TGV,5H-6H,2.03,6158.989071038252,12502.747814207649
44,44,AEROPORT CHARLES DE GAULLE 2-TGV,6H-7H,3.01,6158.989071038252,18538.557103825136
45,45,AEROPORT CHARLES DE GAULLE 2-TGV,7H-8H,3.57,6158.989071038252,21987.59098360656
46,46,AEROPORT CHARLES DE GAULLE 2-TGV,8H-9H,4.15,6158.989071038252,25559.804644808744
47,47,AEROPORT CHARLES DE GAULLE 2-TGV,9H-10H,4.77,6158.989071038252,29378.377868852454
48,48,ANTONY,0H-1H,0.16,11292.179347826086,1806.7486956521734
49,49,ANTONY,10H-11H,3.46,11292.179347826086,39070.94054347826
50,50,ANTONY,11H-12H,3.25,11292.179347826086,36699.582880434784
51,51,ANTONY,12H-13H,4.42,11292.179347826086,49911.4327173913
52,52,ANTONY,13H-14H,3.65,11292.179347826086,41216.454619565215
53,53,ANTONY,14H-15H,3.23,11292.179347826086,36473.739293478255
54,54,ANTONY,15H-16H,4.03,11292.179347826086,45507.48277173913
55,55,ANTONY,16H-17H,6.46,11292.179347826086,72947.47858695651
56,56,ANTONY,17H-18H,9.31,11292.179347826086,105130.18972826088
57,57,ANTONY,18H-19H,6.76,11292.179347826086,76335.13239130435
58,58,ANTONY,19H-20H,4.51,11292.179347826086,50927.72885869566
59,59,ANTONY,1H-2H,0.04,11292.179347826086,451.68717391304347
60,60,ANTONY,20H-21H,2.51,11292.179347826086,28343.370163043477
61,61,ANTONY,21H-22H,1.17,11292.179347826086,13211.84983695652
62,62,ANTONY,22H-23H,0.98,11292.179347826086,11066.335760869562
63,63,ANTONY,23H-0H,0.62,11292.179347826086,7001.1511956521745
64,64,ANTONY,2H-3H,0.0,11292.179347826086,0.0
65,65,ANTONY,3H-4H,0.0,11292.179347826086,0.0
66,66,ANTONY,4H-5H,0.08,11292.179347826086,903.3743478260867
67,67,ANTONY,5H-6H,0.97,11292.179347826086,10953.413967391303
68,68,ANTONY,6H-7H,4.19,11292.179347826086,47314.231467391306
69,69,ANTONY,7H-8H,13.99,11292.179347826086,157977.58907608697
70,70,ANTONY,8H-9H,18.8,11292.179347826086,212292.9717391304
71,71,ANTONY,9H-10H,7.42,11292.179347826086,83787.97076086956
72,72,ARCUEIL-CACHAN,0H-1H,0.17,8561.91847826087,1455.5261413043481
73,73,ARCUEIL-CACHAN,10H-11H,3.74,8561.91847826087,32021.575108695655
74,74,ARCUEIL-CACHAN,11H-12H,3.68,8561.91847826087,31507.860000000004
75,75,ARCUEIL-CACHAN,12H-13H,4.57,8561.91847826087,39127.967445652175
76,76,ARCUEIL-CACHAN,13H-14H,3.63,8561.91847826087,31079.764076086958
77,77,ARCUEIL-CACHAN,14H-15H,3.28,8561.91847826087,28083.092608695653
78,78,ARCUEIL-CACHAN,15H-16H,4.23,8561.91847826087,36216.915163043486
79,79,ARCUEIL-CACHAN,16H-17H,7.12,8561.91847826087,60960.859565217404
80,80,ARCUEIL-CACHAN,17H-18H,10.53,8561.91847826087,90157.00157608696
81,81,ARCUEIL-CACHAN,18H-19H,9.12,8561.91847826087,78084.69652173913
82,82,ARCUEIL-CACHAN,19H-20H,4.88,8561.91847826087,41782.162173913035
83,83,ARCUEIL-CACHAN,1H-2H,0.03,8561.91847826087,256.85755434782607
84,84,ARCUEIL-CACHAN,20H-21H,2.41,8561.91847826087,20634.223532608703
85,85,ARCUEIL-CACHAN,21H-22H,1.24,8561.91847826087,10616.77891304348
86,86,ARCUEIL-CACHAN,22H-23H,0.92,8561.91847826087,7876.965000000001
87,87,ARCUEIL-CACHAN,23H-0H,0.62,8561.91847826087,5308.38945652174
88,88,ARCUEIL-CACHAN,2H-3H,0.0,8561.91847826087,0.0
89,89,ARCUEIL-CACHAN,3H-4H,0.0,8561.91847826087,0.0
90,90,ARCUEIL-CACHAN,4H-5H,0.04,8561.91847826087,342.4767391304348
91,91,ARCUEIL-CACHAN,5H-6H,1.48,8561.91847826087,12671.639347826089
92,92,ARCUEIL-CACHAN,6H-7H,3.66,8561.91847826087,31336.621630434784
93,93,ARCUEIL-CACHAN,7H-8H,10.89,8561.91847826087,93239.29222826088
94,94,ARCUEIL-CACHAN,8H-9H,16.19,8561.91847826087,138617.4601630435
95,95,ARCUEIL-CACHAN,9H-10H,7.57,8561.91847826087,64813.72288043478
96,96,AULNAY-SOUS-BOIS,0H-1H,0.14,15838.554347826086,2217.3976086956523
97,97,AULNAY-SOUS-BOIS,10H-11H,3.99,15838.554347826086,63195.831847826084
98,98,AULNAY-SOUS-BOIS,11H-12H,3.57,15838.554347826086,56543.63902173912
99,99,AULNAY-SOUS-BOIS,12H-13H,4.06,15838.554347826086,64304.530652173904
100,100,AULNAY-SOUS-BOIS,13H-14H,3.71,15838.554347826086,58761.03663043478
101,101,AULNAY-SOUS-BOIS,14H-15H,4.08,15838.554347826086,64621.30173913043
102,102,AULNAY-SOUS-BOIS,15H-16H,5.1,15838.554347826086,80776.62717391303
103,103,AULNAY-SOUS-BOIS,16H-17H,5.69,15838.554347826086,90121.37423913043
104,104,AULNAY-SOUS-BOIS,17H-18H,6.77,15838.554347826086,107227.0129347826
105,105,AULNAY-SOUS-BOIS,18H-19H,4.64,15838.554347826086,73490.89217391303
106,106,AULNAY-SOUS-BOIS,19H-20H,2.71,15838.554347826086,42922.48228260869
107,107,AULNAY-SOUS-BOIS,1H-2H,0.01,15838.554347826086,158.38554347826087
108,108,AULNAY-SOUS-BOIS,20H-21H,1.72,15838.554347826086,27242.31347826087
109,109,AULNAY-SOUS-BOIS,21H-22H,1.18,15838.554347826086,18689.49413043478
110,110,AULNAY-SOUS-BOIS,22H-23H,0.75,15838.554347826086,11878.915760869562
111,111,AULNAY-SOUS-BOIS,23H-0H,0.42,15838.554347826086,6652.192826086955
112,112,AULNAY-SOUS-BOIS,2H-3H,0.26,15838.554347826086,4118.024130434783
113,113,AULNAY-SOUS-BOIS,3H-4H,0.75,15838.554347826086,11878.915760869562
114,114,AULNAY-SOUS-BOIS,4H-5H,2.93,15838.554347826086,46406.96423913044
115,115,AULNAY-SOUS-BOIS,5H-6H,6.4,15838.554347826086,101366.74782608695
116,116,AULNAY-SOUS-BOIS,6H-7H,11.09,15838.554347826086,175649.5677173913
117,117,AULNAY-SOUS-BOIS,7H-8H,13.26,15838.554347826086,210019.2306521739
118,118,AULNAY-SOUS-BOIS,8H-9H,11.58,15838.554347826086,183410.45934782608
119,119,AULNAY-SOUS-BOIS,9H-10H,5.17,15838.554347826086,81885.32597826088
120,120,BAGNEUX,0H-1H,0.18,5624.396739130435,1012.3914130434782
121,121,BAGNEUX,10H-11H,3.75,5624.396739130435,21091.48777173913
122,122,BAGNEUX,11H-12H,3.44,5624.396739130435,19347.924782608698
123,123,BAGNEUX,12H-13H,5.04,5624.396739130435,28346.959565217392
124,124,BAGNEUX,13H-14H,4.51,5624.396739130435,25366.029293478263
125,125,BAGNEUX,14H-15H,3.51,5624.396739130435,19741.632554347827
126,126,BAGNEUX,15H-16H,4.51,5624.396739130435,25366.029293478263
127,127,BAGNEUX,16H-17H,6.4,5624.396739130435,35996.139130434785
128,128,BAGNEUX,17H-18H,10.18,5624.396739130435,57256.35880434782
129,129,BAGNEUX,18H-19H,7.71,5624.396739130435,43364.09885869565
130,130,BAGNEUX,19H-20H,4.47,5624.396739130435,25141.053423913043
131,131,BAGNEUX,1H-2H,0.02,5624.396739130435,112.4879347826087
132,132,BAGNEUX,20H-21H,2.4,5624.396739130435,13498.552173913044
133,133,BAGNEUX,21H-22H,1.31,5624.396739130435,7367.95972826087
134,134,BAGNEUX,22H-23H,1.03,5624.396739130435,5793.128641304348
135,135,BAGNEUX,23H-0H,0.65,5624.396739130435,3655.8578804347826
136,136,BAGNEUX,2H-3H,0.0,5624.396739130435,0.0
137,137,BAGNEUX,3H-4H,0.0,5624.396739130435,0.0
138,138,BAGNEUX,4H-5H,0.03,5624.396739130435,168.73190217391306
139,139,BAGNEUX,5H-6H,1.69,5624.396739130435,9505.230489130436
140,140,BAGNEUX,6H-7H,3.87,5624.396739130435,21766.415380434784
141,141,BAGNEUX,7H-8H,11.27,5624.396739130435,63386.95125
142,142,BAGNEUX,8H-9H,16.14,5624.396739130435,90777.76336956523
143,143,BAGNEUX,9H-10H,7.88,5624.396739130435,44320.246304347835
144,144,BLANC-MESNIL,0H-1H,0.05,3551.989010989011,177.5994505494506
145,145,BLANC-MESNIL,10H-11H,3.79,3551.989010989011,13462.038351648353
146,146,BLANC-MESNIL,11H-12H,3.26,3551.989010989011,11579.484175824175
147,147,BLANC-MESNIL,12H-13H,3.59,3551.989010989011,12751.640549450547
148,148,BLANC-MESNIL,13H-14H,3.28,3551.989010989011,11650.523956043955
149,149,BLANC-MESNIL,14H-15H,3.61,3551.989010989011,12822.68032967033
150,150,BLANC-MESNIL,15H-16H,4.22,3551.989010989011,14989.393626373629
151,151,BLANC-MESNIL,16H-17H,6.02,3551.989010989011,21382.973846153847
152,152,BLANC-MESNIL,17H-18H,6.61,3551.989010989011,23478.64736263737
153,153,BLANC-MESNIL,18H-19H,4.18,3551.989010989011,14847.314065934064
154,154,BLANC-MESNIL,19H-20H,2.65,3551.989010989011,9412.77087912088
155,155,BLANC-MESNIL,1H-2H,0.0,3551.989010989011,0.0
156,156,BLANC-MESNIL,20H-21H,2.08,3551.989010989011,7388.137142857144
157,157,BLANC-MESNIL,21H-22H,1.8,3551.989010989011,6393.5802197802195
158,158,BLANC-MESNIL,22H-23H,1.8,3551.989010989011,6393.5802197802195
159,159,BLANC-MESNIL,23H-0H,0.42,3551.989010989011,1491.8353846153846
160,160,BLANC-MESNIL,2H-3H,0.0,3551.989010989011,0.0
161,161,BLANC-MESNIL,3H-4H,0.0,3551.989010989011,0.0
162,162,BLANC-MESNIL,4H-5H,1.6,3551.989010989011,5683.1824175824195
163,163,BLANC-MESNIL,5H-6H,5.11,3551.989010989011,18150.66384615385
164,164,BLANC-MESNIL,6H-7H,13.72,3551.989010989011,48733.28923076924
165,165,BLANC-MESNIL,7H-8H,14.8,3551.989010989011,52569.43736263737
166,166,BLANC-MESNIL,8H-9H,11.9,3551.989010989011,42268.669230769236
167,167,BLANC-MESNIL,9H-10H,5.5,3551.989010989011,19535.93956043956
168,168,BOURG-LA-REINE,0H-1H,0.25,10464.875,2616.21875
169,169,BOURG-LA-REINE,10H-11H,3.9,10464.875,40813.0125
170,170,BOURG-LA-REINE,11H-12H,3.48,10464.875,36417.765
171,171,BOURG-LA-REINE,12H-13H,4.33,10464.875,45312.90875
172,172,BOURG-LA-REINE,13H-14H,3.91,10464.875,40917.66125000001
173,173,BOURG-LA-REINE,14H-15H,3.39,10464.875,35475.926250000004
174,174,BOURG-LA-REINE,15H-16H,4.1,10464.875,42905.9875
175,175,BOURG-LA-REINE,16H-17H,5.3,10464.875,55463.8375
176,176,BOURG-LA-REINE,17H-18H,7.5,10464.875,78486.5625
177,177,BOURG-LA-REINE,18H-19H,6.22,10464.875,65091.5225
178,178,BOURG-LA-REINE,19H-20H,4.32,10464.875,45208.26
179,179,BOURG-LA-REINE,1H-2H,0.1,10464.875,1046.4875
180,180,BOURG-LA-REINE,20H-21H,2.46,10464.875,25743.5925
181,181,BOURG-LA-REINE,21H-22H,1.47,10464.875,15383.36625
182,182,BOURG-LA-REINE,22H-23H,1.15,10464.875,12034.60625
183,183,BOURG-LA-REINE,23H-0H,0.74,10464.875,7744.0075
184,184,BOURG-LA-REINE,2H-3H,0.0,10464.875,0.0
185,185,BOURG-LA-REINE,3H-4H,0.0,10464.875,0.0
186,186,BOURG-LA-REINE,4H-5H,0.11,10464.875,1151.13625
187,187,BOURG-LA-REINE,5H-6H,1.07,10464.875,11197.41625
188,188,BOURG-LA-REINE,6H-7H,3.66,10464.875,38301.44250000001
189,189,BOURG-LA-REINE,7H-8H,13.08,10464.875,136880.565
190,190,BOURG-LA-REINE,8H-9H,20.26,10464.875,212018.3675
191,191,BOURG-LA-REINE,9H-10H,9.19,10464.875,96172.20125
192,192,BURES-SUR-YVETTE,0H-1H,0.01,1350.4565217391305,13.504565217391304
193,193,BURES-SUR-YVETTE,10H-11H,3.67,1350.4565217391305,4956.175434782609
194,194,BURES-SUR-YVETTE,11H-12H,3.78,1350.4565217391305,5104.725652173913
195,195,BURES-SUR-YVETTE,12H-13H,8.57,1350.4565217391305,11573.412391304351
196,196,BURES-SUR-YVETTE,13H-14H,3.89,1350.4565217391305,5253.275869565217
197,197,BURES-SUR-YVETTE,14H-15H,3.47,1350.4565217391305,4686.084130434782
198,198,BURES-SUR-YVETTE,15H-16H,9.85,1350.4565217391305,13301.996739130434
199,199,BURES-SUR-YVETTE,16H-17H,9.72,1350.4565217391305,13126.437391304351
200,200,BURES-SUR-YVETTE,17H-18H,16.34,1350.4565217391305,22066.459565217392
201,201,BURES-SUR-YVETTE,18H-19H,8.5,1350.4565217391305,11478.88043478261
202,202,BURES-SUR-YVETTE,19H-20H,4.22,1350.4565217391305,5698.926521739129
203,203,BURES-SUR-YVETTE,1H-2H,0.0,1350.4565217391305,0.0
204,204,BURES-SUR-YVETTE,20H-21H,1.82,1350.4565217391305,2457.8308695652177
205,205,BURES-SUR-YVETTE,21H-22H,0.92,1350.4565217391305,1242.42
206,206,BURES-SUR-YVETTE,22H-23H,0.65,1350.4565217391305,877.7967391304347
207,207,BURES-SUR-YVETTE,23H-0H,0.28,1350.4565217391305,378.12782608695665
208,208,BURES-SUR-YVETTE,4H-5H,0.2,1350.4565217391305,270.09130434782605
209,209,BURES-SUR-YVETTE,5H-6H,0.86,1350.4565217391305,1161.392608695652
210,210,BURES-SUR-YVETTE,6H-7H,3.33,1350.4565217391305,4497.020217391305
211,211,BURES-SUR-YVETTE,7H-8H,8.63,1350.4565217391305,11654.439782608697
212,212,BURES-SUR-YVETTE,8H-9H,7.92,1350.4565217391305,10695.615652173914
213,213,BURES-SUR-YVETTE,9H-10H,3.36,1350.4565217391305,4537.533913043479
214,214,CHATELET-LES HALLES,0H-1H,1.65,54721.494565217385,90290.46603260867
215,215,CHATELET-LES HALLES,10H-11H,1.92,54721.494565217385,105065.2695652174
216,216,CHATELET-LES HALLES,11H-12H,2.41,54721.494565217385,131878.80190217393
217,217,CHATELET-LES HALLES,12H-13H,3.63,54721.494565217385,198639.02527173914
218,218,CHATELET-LES HALLES,13H-14H,5.11,54721.494565217385,279626.8372282609
219,219,CHATELET-LES HALLES,14H-15H,4.9,54721.494565217385,268135.32336956525
220,220,CHATELET-LES HALLES,15H-16H,5.99,54721.494565217385,327781.7524456522
221,221,CHATELET-LES HALLES,16H-17H,7.93,54721.494565217385,433941.4519021739
222,222,CHATELET-LES HALLES,17H-18H,11.67,54721.494565217385,638599.8415760868
223,223,CHATELET-LES HALLES,18H-19H,13.65,54721.494565217385,746948.4008152173
224,224,CHATELET-LES HALLES,19H-20H,11.69,54721.494565217385,639694.2714673913
225,225,CHATELET-LES HALLES,1H-2H,0.05,54721.494565217385,2736.07472826087
226,226,CHATELET-LES HALLES,20H-21H,7.72,54721.494565217385,422449.9380434783
227,227,CHATELET-LES HALLES,21H-22H,4.84,54721.494565217385,264852.0336956521
228,228,CHATELET-LES HALLES,22H-23H,4.55,54721.494565217385,248982.80027173914
229,229,CHATELET-LES HALLES,23H-0H,3.22,54721.494565217385,176203.21250000005
230,230,CHATELET-LES HALLES,2H-3H,0.0,54721.494565217385,0.0
231,231,CHATELET-LES HALLES,3H-4H,0.0,54721.494565217385,0.0
232,232,CHATELET-LES HALLES,4H-5H,0.02,54721.494565217385,1094.4298913043476
233,233,CHATELET-LES HALLES,5H-6H,0.3,54721.494565217385,16416.448369565216
234,234,CHATELET-LES HALLES,6H-7H,0.58,54721.494565217385,31738.46684782609
235,235,CHATELET-LES HALLES,7H-8H,1.75,54721.494565217385,95762.61548913043
236,236,CHATELET-LES HALLES,8H-9H,3.62,54721.494565217385,198091.81032608694
237,237,CHATELET-LES HALLES,9H-10H,2.79,54721.494565217385,152672.96983695653
238,238,CHATOU-CROISSY,0H-1H,0.14,5186.755434782609,726.1457608695654
239,239,CHATOU-CROISSY,10H-11H,3.59,5186.755434782609,18620.45201086956
240,240,CHATOU-CROISSY,11H-12H,3.11,5186.755434782609,16130.80940217391
241,241,CHATOU-CROISSY,12H-13H,3.55,5186.755434782609,18412.981793478266
242,242,CHATOU-CROISSY,13H-14H,3.38,5186.755434782609,17531.233369565216
243,243,CHATOU-CROISSY,14H-15H,2.77,5186.755434782609,14367.312554347827
244,244,CHATOU-CROISSY,15H-16H,3.29,5186.755434782609,17064.425380434786
245,245,CHATOU-CROISSY,16H-17H,4.86,5186.755434782609,25207.63141304348
246,246,CHATOU-CROISSY,17H-18H,6.38,5186.755434782609,33091.499673913044
247,247,CHATOU-CROISSY,18H-19H,4.56,5186.755434782609,23651.60478260869
248,248,CHATOU-CROISSY,19H-20H,3.79,5186.755434782609,19657.80309782609
249,249,CHATOU-CROISSY,1H-2H,0.03,5186.755434782609,155.60266304347823
250,250,CHATOU-CROISSY,20H-21H,1.82,5186.755434782609,9439.894891304348
251,251,CHATOU-CROISSY,21H-22H,0.91,5186.755434782609,4719.947445652174
252,252,CHATOU-CROISSY,22H-23H,0.69,5186.755434782609,3578.86125
253,253,CHATOU-CROISSY,23H-0H,0.43,5186.755434782609,2230.3048369565217
254,254,CHATOU-CROISSY,2H-3H,0.0,5186.755434782609,0.0
255,255,CHATOU-CROISSY,3H-4H,0.0,5186.755434782609,0.0
256,256,CHATOU-CROISSY,4H-5H,0.09,5186.755434782609,466.8079891304348
257,257,CHATOU-CROISSY,5H-6H,0.82,5186.755434782609,4253.139456521739
258,258,CHATOU-CROISSY,6H-7H,2.67,5186.755434782609,13848.637010869565
259,259,CHATOU-CROISSY,7H-8H,15.14,5186.755434782609,78527.4772826087
260,260,CHATOU-CROISSY,8H-9H,28.18,5186.755434782609,146162.76815217393
261,261,CHATOU-CROISSY,9H-10H,9.8,5186.755434782609,50830.20326086957
262,262,CITE UNIVERSITAIRE,0H-1H,0.44,16885.853260869564,7429.775434782608
263,263,CITE UNIVERSITAIRE,10H-11H,3.81,16885.853260869564,64335.100923913036
264,264,CITE UNIVERSITAIRE,11H-12H,3.23,16885.853260869564,54541.30603260869
265,265,CITE UNIVERSITAIRE,12H-13H,4.3,16885.853260869564,72609.16902173912
266,266,CITE UNIVERSITAIRE,13H-14H,4.21,16885.853260869564,71089.44222826086
267,267,CITE UNIVERSITAIRE,14H-15H,3.88,16885.853260869564,65517.11065217391
268,268,CITE UNIVERSITAIRE,15H-16H,5.27,16885.853260869564,88988.4466847826
269,269,CITE UNIVERSITAIRE,16H-17H,7.7,16885.853260869564,130021.07010869564
270,270,CITE UNIVERSITAIRE,17H-18H,11.17,16885.853260869564,188614.98092391304
271,271,CITE UNIVERSITAIRE,18H-19H,10.68,16885.853260869564,180340.91282608692
272,272,CITE UNIVERSITAIRE,19H-20H,7.33,16885.853260869564,123773.3044021739
273,273,CITE UNIVERSITAIRE,1H-2H,0.01,16885.853260869564,168.8585326086956
274,274,CITE UNIVERSITAIRE,20H-21H,4.64,16885.853260869564,78350.35913043478
275,275,CITE UNIVERSITAIRE,21H-22H,2.74,16885.853260869564,46267.237934782606
276,276,CITE UNIVERSITAIRE,22H-23H,2.16,16885.853260869564,36473.44304347826
277,277,CITE UNIVERSITAIRE,23H-0H,1.26,16885.853260869564,21276.17510869565
278,278,CITE UNIVERSITAIRE,2H-3H,0.03,16885.853260869564,506.5755978260869
279,279,CITE UNIVERSITAIRE,3H-4H,0.05,16885.853260869564,844.2926630434782
280,280,CITE UNIVERSITAIRE,4H-5H,0.06,16885.853260869564,1013.1511956521738
281,281,CITE UNIVERSITAIRE,5H-6H,0.87,16885.853260869564,14690.692336956521
282,282,CITE UNIVERSITAIRE,6H-7H,2.04,16885.853260869564,34447.14065217391
283,283,CITE UNIVERSITAIRE,7H-8H,6.01,16885.853260869564,101483.97809782607
284,284,CITE UNIVERSITAIRE,8H-9H,10.77,16885.853260869564,181860.6396195652
285,285,CITE UNIVERSITAIRE,9H-10H,7.35,16885.853260869564,124111.02146739127
286,286,COURCELLE-SUR-YVETTE,0H-1H,0.01,567.2142857142858,5.672142857142857
287,287,COURCELLE-SUR-YVETTE,10H-11H,3.62,567.2142857142858,2053.315714285714
288,288,COURCELLE-SUR-YVETTE,11H-12H,4.07,567.2142857142858,2308.562142857143
289,289,COURCELLE-SUR-YVETTE,12H-13H,7.89,567.2142857142858,4475.3207142857145
290,290,COURCELLE-SUR-YVETTE,13H-14H,6.23,567.2142857142858,3533.745
291,291,COURCELLE-SUR-YVETTE,14H-15H,3.25,567.2142857142858,1843.4464285714284
292,292,COURCELLE-SUR-YVETTE,15H-16H,7.0,567.2142857142858,3970.5
293,293,COURCELLE-SUR-YVETTE,16H-17H,11.86,567.2142857142858,6727.161428571429
294,294,COURCELLE-SUR-YVETTE,17H-18H,13.02,567.2142857142858,7385.129999999999
295,295,COURCELLE-SUR-YVETTE,18H-19H,7.41,567.2142857142858,4203.057857142857
296,296,COURCELLE-SUR-YVETTE,19H-20H,1.88,567.2142857142858,1066.3628571428571
297,297,COURCELLE-SUR-YVETTE,1H-2H,0.01,567.2142857142858,5.672142857142857
298,298,COURCELLE-SUR-YVETTE,20H-21H,0.93,567.2142857142858,527.5092857142856
299,299,COURCELLE-SUR-YVETTE,21H-22H,0.64,567.2142857142858,363.01714285714286
300,300,COURCELLE-SUR-YVETTE,22H-23H,0.48,567.2142857142858,272.2628571428571
301,301,COURCELLE-SUR-YVETTE,23H-0H,0.19,567.2142857142858,107.77071428571428
302,302,COURCELLE-SUR-YVETTE,4H-5H,0.25,567.2142857142858,141.80357142857142
303,303,COURCELLE-SUR-YVETTE,5H-6H,1.07,567.2142857142858,606.9192857142857
304,304,COURCELLE-SUR-YVETTE,6H-7H,3.6,567.2142857142858,2041.9714285714285
305,305,COURCELLE-SUR-YVETTE,7H-8H,12.44,567.2142857142858,7056.1457142857125
306,306,COURCELLE-SUR-YVETTE,8H-9H,10.03,567.2142857142858,5689.159285714285
307,307,COURCELLE-SUR-YVETTE,9H-10H,4.11,567.2142857142858,2331.2507142857144
308,308,DENFERT-ROCHEREAU,0H-1H,1.2000000000000002,17593.385869565216,21112.063043478258
309,309,DENFERT-ROCHEREAU,10H-11H,3.375,17593.385869565216,59377.677309782615
310,310,DENFERT-ROCHEREAU,11H-12H,3.315,17593.385869565216,58322.074157608695
311,311,DENFERT-ROCHEREAU,12H-13H,4.535,17593.385869565216,79786.00491847825
312,312,DENFERT-ROCHEREAU,13H-14H,5.05,17593.385869565216,88846.59864130434
313,313,DENFERT-ROCHEREAU,14H-15H,4.525,17593.385869565216,79610.07105978261
314,314,DENFERT-ROCHEREAU,15H-16H,5.47,17593.385869565216,96235.82070652171
315,315,DENFERT-ROCHEREAU,16H-17H,7.485,17593.385869565216,131686.49323369566
316,316,DENFERT-ROCHEREAU,17H-18H,9.82,17593.385869565216,172767.04923913046
317,317,DENFERT-ROCHEREAU,18H-19H,9.875,17593.385869565216,173734.6854619565
318,318,DENFERT-ROCHEREAU,19H-20H,7.689999999999999,17593.385869565216,135293.1373369565
319,319,DENFERT-ROCHEREAU,1H-2H,0.135,17593.385869565216,2375.107092391305
320,320,DENFERT-ROCHEREAU,20H-21H,4.615,17593.385869565216,81193.47578804348
321,321,DENFERT-ROCHEREAU,21H-22H,3.015,17593.385869565216,53044.05839673912
322,322,DENFERT-ROCHEREAU,22H-23H,2.875,17593.385869565216,50580.984375
323,323,DENFERT-ROCHEREAU,23H-0H,2.5700000000000003,17593.385869565216,45215.00168478262
324,324,DENFERT-ROCHEREAU,2H-3H,0.015,17593.385869565216,263.90078804347826
325,325,DENFERT-ROCHEREAU,3H-4H,0.0,17593.385869565216,0.0
326,326,DENFERT-ROCHEREAU,4H-5H,0.01,17593.385869565216,175.93385869565216
327,327,DENFERT-ROCHEREAU,5H-6H,0.525,17593.385869565216,9236.527581521741
328,328,DENFERT-ROCHEREAU,6H-7H,1.255,17593.385869565216,22079.69926630435
329,329,DENFERT-ROCHEREAU,7H-8H,4.835,17593.385869565216,85064.02067934781
330,330,DENFERT-ROCHEREAU,8H-9H,11.155,17593.385869565216,196254.219375
331,331,DENFERT-ROCHEREAU,9H-10H,6.66,17593.385869565216,117171.94989130435
332,332,DRANCY,0H-1H,0.09,7047.91304347826,634.3121739130435
333,333,DRANCY,10H-11H,4.44,7047.91304347826,31292.73391304348
334,334,DRANCY,11H-12H,3.5,7047.91304347826,24667.695652173912
335,335,DRANCY,12H-13H,3.67,7047.91304347826,25865.840869565214
336,336,DRANCY,13H-14H,3.27,7047.91304347826,23046.675652173915
337,337,DRANCY,14H-15H,3.28,7047.91304347826,23117.15478260869
338,338,DRANCY,15H-16H,4.36,7047.91304347826,30728.90086956522
339,339,DRANCY,16H-17H,5.34,7047.91304347826,37635.85565217392
340,340,DRANCY,17H-18H,4.85,7047.91304347826,34182.37826086956
341,341,DRANCY,18H-19H,3.03,7047.91304347826,21355.17652173913
342,342,DRANCY,19H-20H,1.95,7047.91304347826,13743.43043478261
343,343,DRANCY,1H-2H,0.0,7047.91304347826,0.0
344,344,DRANCY,20H-21H,1.33,7047.91304347826,9373.724347826088
345,345,DRANCY,21H-22H,0.76,7047.91304347826,5356.413913043479
346,346,DRANCY,22H-23H,0.48,7047.91304347826,3382.998260869565
347,347,DRANCY,23H-0H,0.26,7047.91304347826,1832.4573913043482
348,348,DRANCY,2H-3H,0.04,7047.91304347826,281.91652173913053
349,349,DRANCY,3H-4H,0.54,7047.91304347826,3805.873043478261
350,350,DRANCY,4H-5H,4.05,7047.91304347826,28544.047826086957
351,351,DRANCY,5H-6H,9.98,7047.91304347826,70338.17217391303
352,352,DRANCY,6H-7H,12.76,7047.91304347826,89931.37043478261
353,353,DRANCY,7H-8H,13.84,7047.91304347826,97543.11652173912
354,354,DRANCY,8H-9H,11.75,7047.91304347826,82812.97826086957
355,355,DRANCY,9H-10H,6.41,7047.91304347826,45177.12260869565
356,356,FONTAINE-MICHALON,0H-1H,0.11,1617.5489130434785,177.93038043478265
357,357,FONTAINE-MICHALON,10H-11H,3.8,1617.5489130434785,6146.685869565217
358,358,FONTAINE-MICHALON,11H-12H,2.97,1617.5489130434785,4804.120271739131
359,359,FONTAINE-MICHALON,12H-13H,3.51,1617.5489130434785,5677.5966847826085
360,360,FONTAINE-MICHALON,13H-14H,3.2,1617.5489130434785,5176.156521739131
361,361,FONTAINE-MICHALON,14H-15H,2.55,1617.5489130434785,4124.749728260869
362,362,FONTAINE-MICHALON,15H-16H,3.04,1617.5489130434785,4917.348695652174
363,363,FONTAINE-MICHALON,16H-17H,4.06,1617.5489130434785,6567.248586956521
364,364,FONTAINE-MICHALON,17H-18H,4.58,1617.5489130434785,7408.37402173913
365,365,FONTAINE-MICHALON,18H-19H,3.34,1617.5489130434785,5402.613369565217
366,366,FONTAINE-MICHALON,19H-20H,2.19,1617.5489130434785,3542.4321195652174
367,367,FONTAINE-MICHALON,1H-2H,0.01,1617.5489130434785,16.175489130434784
368,368,FONTAINE-MICHALON,20H-21H,1.1,1617.5489130434785,1779.303804347826
369,369,FONTAINE-MICHALON,21H-22H,0.7,1617.5489130434785,1132.2842391304348
370,370,FONTAINE-MICHALON,22H-23H,0.93,1617.5489130434785,1504.320489130435
371,371,FONTAINE-MICHALON,23H-0H,0.51,1617.5489130434785,824.9499456521739
372,372,FONTAINE-MICHALON,2H-3H,0.0,1617.5489130434785,0.0
373,373,FONTAINE-MICHALON,4H-5H,0.31,1617.5489130434785,501.4401630434783
374,374,FONTAINE-MICHALON,5H-6H,2.2,1617.5489130434785,3558.6076086956523
375,375,FONTAINE-MICHALON,6H-7H,5.74,1617.5489130434785,9284.730760869565
376,376,FONTAINE-MICHALON,7H-8H,20.85,1617.5489130434785,33725.894836956526
377,377,FONTAINE-MICHALON,8H-9H,26.13,1617.5489130434785,42266.55309782609
378,378,FONTAINE-MICHALON,9H-10H,8.15,1617.5489130434785,13183.023641304348
379,379,FONTENAY-AUX-ROSES,0H-1H,0.14,2661.1521739130435,372.5613043478261
380,380,FONTENAY-AUX-ROSES,10H-11H,3.74,2661.1521739130435,9952.709130434783
381,381,FONTENAY-AUX-ROSES,11H-12H,3.3,2661.1521739130435,8781.802173913044
382,382,FONTENAY-AUX-ROSES,12H-13H,3.92,2661.1521739130435,10431.71652173913
383,383,FONTENAY-AUX-ROSES,13H-14H,3.67,2661.1521739130435,9766.42847826087
384,384,FONTENAY-AUX-ROSES,14H-15H,3.07,2661.1521739130435,8169.737173913043
385,385,FONTENAY-AUX-ROSES,15H-16H,3.58,2661.1521739130435,9526.924782608696
386,386,FONTENAY-AUX-ROSES,16H-17H,4.7,2661.1521739130435,12507.415217391304
387,387,FONTENAY-AUX-ROSES,17H-18H,6.84,2661.1521739130435,18202.280869565217
388,388,FONTENAY-AUX-ROSES,18H-19H,5.02,2661.1521739130435,13358.98391304348
389,389,FONTENAY-AUX-ROSES,19H-20H,3.57,2661.1521739130435,9500.313260869565
390,390,FONTENAY-AUX-ROSES,1H-2H,0.04,2661.1521739130435,106.44608695652174
391,391,FONTENAY-AUX-ROSES,20H-21H,2.23,2661.1521739130435,5934.369347826087
392,392,FONTENAY-AUX-ROSES,21H-22H,1.12,2661.1521739130435,2980.490434782609
393,393,FONTENAY-AUX-ROSES,22H-23H,0.9,2661.1521739130435,2395.0369565217393
394,394,FONTENAY-AUX-ROSES,23H-0H,0.62,2661.1521739130435,1649.9143478260871
395,395,FONTENAY-AUX-ROSES,2H-3H,0.0,2661.1521739130435,0.0
396,396,FONTENAY-AUX-ROSES,3H-4H,0.0,2661.1521739130435,0.0
397,397,FONTENAY-AUX-ROSES,4H-5H,0.38,2661.1521739130435,1011.2378260869564
398,398,FONTENAY-AUX-ROSES,5H-6H,1.93,2661.1521739130435,5136.023695652174
399,399,FONTENAY-AUX-ROSES,6H-7H,4.45,2661.1521739130435,11842.127173913044
400,400,FONTENAY-AUX-ROSES,7H-8H,17.02,2661.1521739130435,45292.81
401,401,FONTENAY-AUX-ROSES,8H-9H,21.6,2661.1521739130435,57480.88695652175
402,402,FONTENAY-AUX-ROSES,9H-10H,8.15,2661.1521739130435,21688.390217391305
403,403,GARE DU NORD,0H-1H,0.35000000000000003,76449.32608695653,26757.264130434785
404,404,GARE DU NORD,10H-11H,3.5700000000000003,76449.32608695653,272924.09413043485
405,405,GARE DU NORD,11H-12H,3.605,76449.32608695653,275599.8205434783
406,406,GARE DU NORD,12H-13H,4.04,76449.32608695653,308855.27739130444
407,407,GARE DU NORD,13H-14H,4.525,76449.32608695653,345933.2005434783
408,408,GARE DU NORD,14H-15H,5.415,76449.32608695653,413973.1007608696
409,409,GARE DU NORD,15H-16H,7.084999999999999,76449.32608695653,541643.475326087
410,410,GARE DU NORD,16H-17H,7.94,76449.32608695653,607007.6491304347
411,411,GARE DU NORD,17H-18H,8.27,76449.32608695653,632235.9267391304
412,412,GARE DU NORD,18H-19H,7.41,76449.32608695653,566489.5063043479
413,413,GARE DU NORD,19H-20H,5.33,76449.32608695653,407474.90804347827
414,414,GARE DU NORD,1H-2H,0.06,76449.32608695653,4586.959565217391
415,415,GARE DU NORD,20H-21H,3.415,76449.32608695653,261074.44858695648
416,416,GARE DU NORD,21H-22H,2.105,76449.32608695653,160925.8314130435
417,417,GARE DU NORD,22H-23H,1.45,76449.32608695653,110851.52282608695
418,418,GARE DU NORD,23H-0H,0.8400000000000001,76449.32608695653,64217.43391304349
419,419,GARE DU NORD,2H-3H,0.055,76449.32608695653,4204.712934782609
420,420,GARE DU NORD,3H-4H,0.28,76449.32608695653,21405.811304347833
421,421,GARE DU NORD,4H-5H,1.09,76449.32608695653,83329.7654347826
422,422,GARE DU NORD,5H-6H,3.135,76449.32608695653,239668.63728260872
423,423,GARE DU NORD,6H-7H,5.33,76449.32608695653,407474.90804347827
424,424,GARE DU NORD,7H-8H,8.21,76449.32608695653,627648.9671739131
425,425,GARE DU NORD,8H-9H,10.5,76449.32608695653,802717.9239130436
426,426,GARE DU NORD,9H-10H,6.0,76449.32608695653,458695.9565217392
427,427,GENTILLY,0H-1H,0.2,5464.619565217391,1092.9239130434785
428,428,GENTILLY,10H-11H,3.18,5464.619565217391,17377.490217391303
429,429,GENTILLY,11H-12H,2.8,5464.619565217391,15300.934782608694
430,430,GENTILLY,12H-13H,3.39,5464.619565217391,18525.06032608696
431,431,GENTILLY,13H-14H,3.38,5464.619565217391,18470.41413043478
432,432,GENTILLY,14H-15H,3.16,5464.619565217391,17268.197826086962
433,433,GENTILLY,15H-16H,3.86,5464.619565217391,21093.43152173913
434,434,GENTILLY,16H-17H,7.02,5464.619565217391,38361.62934782609
435,435,GENTILLY,17H-18H,12.71,5464.619565217391,69455.31467391305
436,436,GENTILLY,18H-19H,13.89,5464.619565217391,75903.56576086956
437,437,GENTILLY,19H-20H,7.36,5464.619565217391,40219.6
438,438,GENTILLY,1H-2H,0.04,5464.619565217391,218.58478260869563
439,439,GENTILLY,20H-21H,3.02,5464.619565217391,16503.151086956517
440,440,GENTILLY,21H-22H,1.36,5464.619565217391,7431.8826086956515
441,441,GENTILLY,22H-23H,0.84,5464.619565217391,4590.2804347826095
442,442,GENTILLY,23H-0H,0.5,5464.619565217391,2732.3097826086955
443,443,GENTILLY,2H-3H,0.01,5464.619565217391,54.64619565217391
444,444,GENTILLY,3H-4H,0.0,5464.619565217391,0.0
445,445,GENTILLY,4H-5H,0.02,5464.619565217391,109.29239130434782
446,446,GENTILLY,5H-6H,1.05,5464.619565217391,5737.85054347826
447,447,GENTILLY,6H-7H,2.44,5464.619565217391,13333.671739130434
448,448,GENTILLY,7H-8H,9.01,5464.619565217391,49236.222282608695
449,449,GENTILLY,8H-9H,13.74,5464.619565217391,75083.87282608695
450,450,GENTILLY,9H-10H,7.01,5464.619565217391,38306.98315217391
451,451,GIF-SUR-YVETTE,0H-1H,0.01,1359.266304347826,13.59266304347826
452,452,GIF-SUR-YVETTE,10H-11H,3.39,1359.266304347826,4607.912771739129
453,453,GIF-SUR-YVETTE,11H-12H,3.29,1359.266304347826,4471.986141304347
454,454,GIF-SUR-YVETTE,12H-13H,3.73,1359.266304347826,5070.0633152173905
455,455,GIF-SUR-YVETTE,13H-14H,3.41,1359.266304347826,4635.098097826087
456,456,GIF-SUR-YVETTE,14H-15H,3.07,1359.266304347826,4172.947554347826
457,457,GIF-SUR-YVETTE,15H-16H,3.17,1359.266304347826,4308.8741847826095
458,458,GIF-SUR-YVETTE,16H-17H,4.49,1359.266304347826,6103.105706521739
459,459,GIF-SUR-YVETTE,17H-18H,7.33,1359.266304347826,9963.422010869564
460,460,GIF-SUR-YVETTE,18H-19H,6.59,1359.266304347826,8957.564945652173
461,461,GIF-SUR-YVETTE,19H-20H,3.55,1359.266304347826,4825.395380434782
462,462,GIF-SUR-YVETTE,1H-2H,0.0,1359.266304347826,0.0
463,463,GIF-SUR-YVETTE,20H-21H,1.54,1359.266304347826,2093.2701086956517
464,464,GIF-SUR-YVETTE,21H-22H,0.61,1359.266304347826,829.1524456521738
465,465,GIF-SUR-YVETTE,22H-23H,0.7,1359.266304347826,951.4864130434779
466,466,GIF-SUR-YVETTE,23H-0H,0.26,1359.266304347826,353.4092391304348
467,467,GIF-SUR-YVETTE,4H-5H,0.37,1359.266304347826,502.9285326086956
468,468,GIF-SUR-YVETTE,5H-6H,1.03,1359.266304347826,1400.0442934782611
469,469,GIF-SUR-YVETTE,6H-7H,5.84,1359.266304347826,7938.115217391302
470,470,GIF-SUR-YVETTE,7H-8H,23.75,1359.266304347826,32282.574728260868
471,471,GIF-SUR-YVETTE,8H-9H,17.52,1359.266304347826,23814.34565217391
472,472,GIF-SUR-YVETTE,9H-10H,6.34,1359.266304347826,8617.748369565217
473,473,LA COURNEUVE-AUBERVILLIERS,0H-1H,0.15,11722.66847826087,1758.4002717391306
474,474,LA COURNEUVE-AUBERVILLIERS,10H-11H,4.23,11722.66847826087,49586.887663043475
475,475,LA COURNEUVE-AUBERVILLIERS,11H-12H,3.49,11722.66847826087,40912.11298913044
476,476,LA COURNEUVE-AUBERVILLIERS,12H-13H,3.99,11722.66847826087,46773.44722826088
477,477,LA COURNEUVE-AUBERVILLIERS,13H-14H,3.82,11722.66847826087,44780.59358695652
478,478,LA COURNEUVE-AUBERVILLIERS,14H-15H,3.89,11722.66847826087,45601.18038043479
479,479,LA COURNEUVE-AUBERVILLIERS,15H-16H,4.77,11722.66847826087,55917.128641304334
480,480,LA COURNEUVE-AUBERVILLIERS,16H-17H,7.01,11722.66847826087,82175.90603260869
481,481,LA COURNEUVE-AUBERVILLIERS,17H-18H,8.49,11722.66847826087,99525.45538043477
482,482,LA COURNEUVE-AUBERVILLIERS,18H-19H,5.98,11722.66847826087,70101.55750000001
483,483,LA COURNEUVE-AUBERVILLIERS,19H-20H,4.01,11722.66847826087,47007.90059782608
484,484,LA COURNEUVE-AUBERVILLIERS,1H-2H,0.0,11722.66847826087,0.0
485,485,LA COURNEUVE-AUBERVILLIERS,20H-21H,2.47,11722.66847826087,28954.991141304352
486,486,LA COURNEUVE-AUBERVILLIERS,21H-22H,1.7,11722.66847826087,19928.536413043483
487,487,LA COURNEUVE-AUBERVILLIERS,22H-23H,1.03,11722.66847826087,12074.348532608696
488,488,LA COURNEUVE-AUBERVILLIERS,23H-0H,0.47,11722.66847826087,5509.654184782607
489,489,LA COURNEUVE-AUBERVILLIERS,2H-3H,0.0,11722.66847826087,0.0
490,490,LA COURNEUVE-AUBERVILLIERS,3H-4H,0.01,11722.66847826087,117.2266847826087
491,491,LA COURNEUVE-AUBERVILLIERS,4H-5H,0.45,11722.66847826087,5275.20081521739
492,492,LA COURNEUVE-AUBERVILLIERS,5H-6H,4.84,11722.66847826087,56737.715434782614
493,493,LA COURNEUVE-AUBERVILLIERS,6H-7H,9.15,11722.66847826087,107262.41657608695
494,494,LA COURNEUVE-AUBERVILLIERS,7H-8H,12.73,11722.66847826087,149229.5697282609
495,495,LA COURNEUVE-AUBERVILLIERS,8H-9H,10.79,11722.66847826087,126487.59288043476
496,496,LA COURNEUVE-AUBERVILLIERS,9H-10H,6.54,11722.66847826087,76666.25184782609
497,497,LA CROIX-DE-BERNY-FRESNES,0H-1H,0.17,7856.554347826086,1335.614239130435
498,498,LA CROIX-DE-BERNY-FRESNES,10H-11H,3.75,7856.554347826086,29462.078804347828
499,499,LA CROIX-DE-BERNY-FRESNES,11H-12H,3.41,7856.554347826086,26790.85032608696
500,500,LA CROIX-DE-BERNY-FRESNES,12H-13H,4.02,7856.554347826086,31583.348478260865
501,501,LA CROIX-DE-BERNY-FRESNES,13H-14H,3.7,7856.554347826086,29069.251086956523
502,502,LA CROIX-DE-BERNY-FRESNES,14H-15H,3.59,7856.554347826086,28205.03010869565
503,503,LA CROIX-DE-BERNY-FRESNES,15H-16H,4.45,7856.554347826086,34961.66684782609
504,504,LA CROIX-DE-BERNY-FRESNES,16H-17H,6.88,7856.554347826086,54053.09391304348
505,505,LA CROIX-DE-BERNY-FRESNES,17H-18H,10.12,7856.554347826086,79508.32999999999
506,506,LA CROIX-DE-BERNY-FRESNES,18H-19H,9.99,7856.554347826086,78486.97793478261
507,507,LA CROIX-DE-BERNY-FRESNES,19H-20H,5.22,7856.554347826086,41011.213695652164
508,508,LA CROIX-DE-BERNY-FRESNES,1H-2H,0.02,7856.554347826086,157.13108695652176
509,509,LA CROIX-DE-BERNY-FRESNES,20H-21H,2.96,7856.554347826086,23255.400869565216
510,510,LA CROIX-DE-BERNY-FRESNES,21H-22H,1.69,7856.554347826086,13277.576847826089
511,511,LA CROIX-DE-BERNY-FRESNES,22H-23H,1.26,7856.554347826086,9899.25847826087
512,512,LA CROIX-DE-BERNY-FRESNES,23H-0H,0.66,7856.554347826086,5185.3258695652175
513,513,LA CROIX-DE-BERNY-FRESNES,2H-3H,0.0,7856.554347826086,0.0
514,514,LA CROIX-DE-BERNY-FRESNES,3H-4H,0.0,7856.554347826086,0.0
515,515,LA CROIX-DE-BERNY-FRESNES,4H-5H,0.13,7856.554347826086,1021.3520652173912
516,516,LA CROIX-DE-BERNY-FRESNES,5H-6H,1.65,7856.554347826086,12963.314673913042
517,517,LA CROIX-DE-BERNY-FRESNES,6H-7H,4.35,7856.554347826086,34176.011413043474
518,518,LA CROIX-DE-BERNY-FRESNES,7H-8H,11.01,7856.554347826086,86500.66336956521
519,519,LA CROIX-DE-BERNY-FRESNES,8H-9H,14.21,7856.554347826086,111641.63728260869
520,520,LA CROIX-DE-BERNY-FRESNES,9H-10H,6.77,7856.554347826086,53188.872934782616
521,521,LA HACQUINIERE,0H-1H,0.0,572.6358695652174,0.0
522,522,LA HACQUINIERE,10H-11H,3.36,572.6358695652174,1924.0565217391306
523,523,LA HACQUINIERE,11H-12H,3.0,572.6358695652174,1717.9076086956518
524,524,LA HACQUINIERE,12H-13H,3.23,572.6358695652174,1849.6138586956517
525,525,LA HACQUINIERE,13H-14H,3.26,572.6358695652174,1866.7929347826087
526,526,LA HACQUINIERE,14H-15H,2.31,572.6358695652174,1322.7888586956524
527,527,LA HACQUINIERE,15H-16H,2.14,572.6358695652174,1225.4407608695653
528,528,LA HACQUINIERE,16H-17H,2.6,572.6358695652174,1488.853260869565
529,529,LA HACQUINIERE,17H-18H,3.48,572.6358695652174,1992.7728260869565
530,530,LA HACQUINIERE,18H-19H,3.05,572.6358695652174,1746.539402173913
531,531,LA HACQUINIERE,19H-20H,2.27,572.6358695652174,1299.8834239130435
532,532,LA HACQUINIERE,1H-2H,0.01,572.6358695652174,5.7263586956521735
533,533,LA HACQUINIERE,20H-21H,1.34,572.6358695652174,767.3320652173912
534,534,LA HACQUINIERE,21H-22H,0.55,572.6358695652174,314.9497282608696
535,535,LA HACQUINIERE,22H-23H,0.36,572.6358695652174,206.14891304347825
536,536,LA HACQUINIERE,23H-0H,0.17,572.6358695652174,97.34809782608696
537,537,LA HACQUINIERE,4H-5H,0.39,572.6358695652174,223.3279891304348
538,538,LA HACQUINIERE,5H-6H,1.48,572.6358695652174,847.5010869565217
539,539,LA HACQUINIERE,6H-7H,6.62,572.6358695652174,3790.849456521739
540,540,LA HACQUINIERE,7H-8H,28.85,572.6358695652174,16520.544836956524
541,541,LA HACQUINIERE,8H-9H,23.84,572.6358695652174,13651.639130434784
542,542,LA HACQUINIERE,9H-10H,7.69,572.6358695652174,4403.5698369565225
543,543,LA PLAINE-STADE DE FRANCE,0H-1H,0.12,14532.70652173913,1743.9247826086953
544,544,LA PLAINE-STADE DE FRANCE,10H-11H,3.03,14532.70652173913,44034.10076086956
545,545,LA PLAINE-STADE DE FRANCE,11H-12H,2.87,14532.70652173913,41708.8677173913
546,546,LA PLAINE-STADE DE FRANCE,12H-13H,3.37,14532.70652173913,48975.22097826087
547,547,LA PLAINE-STADE DE FRANCE,13H-14H,3.98,14532.70652173913,57840.171956521735
548,548,LA PLAINE-STADE DE FRANCE,14H-15H,6.36,14532.70652173913,92428.01347826088
549,549,LA PLAINE-STADE DE FRANCE,15H-16H,11.0,14532.70652173913,159859.77173913046
550,550,LA PLAINE-STADE DE FRANCE,16H-17H,13.1,14532.70652173913,190378.4554347826
551,551,LA PLAINE-STADE DE FRANCE,17H-18H,12.74,14532.70652173913,185146.6810869565
552,552,LA PLAINE-STADE DE FRANCE,18H-19H,9.76,14532.70652173913,141839.2156521739
553,553,LA PLAINE-STADE DE FRANCE,19H-20H,4.49,14532.70652173913,65251.8522826087
554,554,LA PLAINE-STADE DE FRANCE,1H-2H,0.0,14532.70652173913,0.0
555,555,LA PLAINE-STADE DE FRANCE,20H-21H,2.15,14532.70652173913,31245.319021739127
556,556,LA PLAINE-STADE DE FRANCE,21H-22H,1.17,14532.70652173913,17003.26663043478
557,557,LA PLAINE-STADE DE FRANCE,22H-23H,0.65,14532.70652173913,9446.259239130435
558,558,LA PLAINE-STADE DE FRANCE,23H-0H,0.46,14532.70652173913,6685.045
559,559,LA PLAINE-STADE DE FRANCE,2H-3H,0.04,14532.70652173913,581.3082608695653
560,560,LA PLAINE-STADE DE FRANCE,3H-4H,0.82,14532.70652173913,11916.819347826087
561,561,LA PLAINE-STADE DE FRANCE,4H-5H,1.86,14532.70652173913,27030.834130434785
562,562,LA PLAINE-STADE DE FRANCE,5H-6H,4.01,14532.70652173913,58276.153152173916
563,563,LA PLAINE-STADE DE FRANCE,6H-7H,5.0,14532.70652173913,72663.53260869565
564,564,LA PLAINE-STADE DE FRANCE,7H-8H,5.13,14532.70652173913,74552.78445652174
565,565,LA PLAINE-STADE DE FRANCE,8H-9H,4.48,14532.70652173913,65106.52521739131
566,566,LA PLAINE-STADE DE FRANCE,9H-10H,3.41,14532.70652173913,49556.52923913043
567,567,LAPLACE,0H-1H,0.14,8434.119565217392,1180.776739130435
568,568,LAPLACE,10H-11H,3.01,8434.119565217392,25386.699891304346
569,569,LAPLACE,11H-12H,2.84,8434.119565217392,23952.89956521739
570,570,LAPLACE,12H-13H,3.57,8434.119565217392,30109.80684782609
571,571,LAPLACE,13H-14H,3.39,8434.119565217392,28591.665326086964
572,572,LAPLACE,14H-15H,3.07,8434.119565217392,25892.747065217394
573,573,LAPLACE,15H-16H,4.63,8434.119565217392,39049.973586956534
574,574,LAPLACE,16H-17H,8.82,8434.119565217392,74388.93456521741
575,575,LAPLACE,17H-18H,14.95,8434.119565217392,126090.0875
576,576,LAPLACE,18H-19H,13.83,8434.119565217392,116643.87358695653
577,577,LAPLACE,19H-20H,6.49,8434.119565217392,54737.435978260866
578,578,LAPLACE,1H-2H,0.01,8434.119565217392,84.34119565217392
579,579,LAPLACE,20H-21H,2.93,8434.119565217392,24711.970326086957
580,580,LAPLACE,21H-22H,1.33,8434.119565217392,11217.37902173913
581,581,LAPLACE,22H-23H,0.74,8434.119565217392,6241.248478260871
582,582,LAPLACE,23H-0H,0.54,8434.119565217392,4554.424565217392
583,583,LAPLACE,2H-3H,0.0,8434.119565217392,0.0
584,584,LAPLACE,3H-4H,0.0,8434.119565217392,0.0
585,585,LAPLACE,4H-5H,0.03,8434.119565217392,253.0235869565217
586,586,LAPLACE,5H-6H,1.13,8434.119565217392,9530.555108695651
587,587,LAPLACE,6H-7H,2.36,8434.119565217392,19904.522173913043
588,588,LAPLACE,7H-8H,8.02,8434.119565217392,67641.63891304348
589,589,LAPLACE,8H-9H,11.97,8434.119565217392,100956.41119565217
590,590,LAPLACE,9H-10H,6.2,8434.119565217392,52291.54130434783
591,591,LE BOURGET,0H-1H,0.23,10666.902173913044,2453.3875000000007
592,592,LE BOURGET,10H-11H,3.98,10666.902173913044,42454.270652173924
593,593,LE BOURGET,11H-12H,3.46,10666.902173913044,36907.48152173913
594,594,LE BOURGET,12H-13H,3.86,10666.902173913044,41174.242391304346
595,595,LE BOURGET,13H-14H,4.07,10666.902173913044,43414.29184782609
596,596,LE BOURGET,14H-15H,5.0,10666.902173913044,53334.510869565216
597,597,LE BOURGET,15H-16H,6.29,10666.902173913044,67094.81467391305
598,598,LE BOURGET,16H-17H,6.54,10666.902173913044,69761.5402173913
599,599,LE BOURGET,17H-18H,6.46,10666.902173913044,68908.18804347827
600,600,LE BOURGET,18H-19H,4.65,10666.902173913044,49601.095108695656
601,601,LE BOURGET,19H-20H,3.0,10666.902173913044,32000.706521739125
602,602,LE BOURGET,1H-2H,0.0,10666.902173913044,0.0
603,603,LE BOURGET,20H-21H,2.04,10666.902173913044,21760.48043478261
604,604,LE BOURGET,21H-22H,1.26,10666.902173913044,13440.296739130437
605,605,LE BOURGET,22H-23H,0.74,10666.902173913044,7893.5076086956515
606,606,LE BOURGET,23H-0H,0.42,10666.902173913044,4480.098913043478
607,607,LE BOURGET,2H-3H,0.04,10666.902173913044,426.67608695652183
608,608,LE BOURGET,3H-4H,1.01,10666.902173913044,10773.571195652174
609,609,LE BOURGET,4H-5H,3.73,10666.902173913044,39787.54510869565
610,610,LE BOURGET,5H-6H,9.09,10666.902173913044,96962.14076086957
611,611,LE BOURGET,6H-7H,10.84,10666.902173913044,115629.2195652174
612,612,LE BOURGET,7H-8H,10.16,10666.902173913044,108375.72608695652
613,613,LE BOURGET,8H-9H,8.03,10666.902173913044,85655.22445652174
614,614,LE BOURGET,9H-10H,5.1,10666.902173913044,54401.20108695652
615,615,LE GUICHET,0H-1H,0.02,1695.7065217391305,33.91413043478261
616,616,LE GUICHET,10H-11H,1.93,1695.7065217391305,3272.7135869565222
617,617,LE GUICHET,11H-12H,1.91,1695.7065217391305,3238.799456521739
618,618,LE GUICHET,12H-13H,3.72,1695.7065217391305,6308.028260869565
619,619,LE GUICHET,13H-14H,3.32,1695.7065217391305,5629.745652173913
620,620,LE GUICHET,14H-15H,2.71,1695.7065217391305,4595.364673913044
621,621,LE GUICHET,15H-16H,4.79,1695.7065217391305,8122.434239130434
622,622,LE GUICHET,16H-17H,12.15,1695.7065217391305,20602.83423913044
623,623,LE GUICHET,17H-18H,19.53,1695.7065217391305,33117.14836956522
624,624,LE GUICHET,18H-19H,14.44,1695.7065217391305,24486.002173913042
625,625,LE GUICHET,19H-20H,7.64,1695.7065217391305,12955.197826086956
626,626,LE GUICHET,1H-2H,0.0,1695.7065217391305,0.0
627,627,LE GUICHET,20H-21H,2.58,1695.7065217391305,4374.922826086957
628,628,LE GUICHET,21H-22H,0.75,1695.7065217391305,1271.779891304348
629,629,LE GUICHET,22H-23H,0.54,1695.7065217391305,915.6815217391304
630,630,LE GUICHET,23H-0H,0.32,1695.7065217391305,542.6260869565218
631,631,LE GUICHET,4H-5H,0.09,1695.7065217391305,152.61358695652177
632,632,LE GUICHET,5H-6H,0.62,1695.7065217391305,1051.338043478261
633,633,LE GUICHET,6H-7H,2.37,1695.7065217391305,4018.82445652174
634,634,LE GUICHET,7H-8H,8.75,1695.7065217391305,14837.432065217392
635,635,LE GUICHET,8H-9H,8.81,1695.7065217391305,14939.174456521741
636,636,LE GUICHET,9H-10H,3.0,1695.7065217391305,5087.119565217392
637,637,LES BACONNETS,0H-1H,0.16,4432.175824175824,709.1481318681318
638,638,LES BACONNETS,10H-11H,4.11,4432.175824175824,18216.24263736264
639,639,LES BACONNETS,11H-12H,3.42,4432.175824175824,15158.041318681318
640,640,LES BACONNETS,12H-13H,3.92,4432.175824175824,17374.12923076923
641,641,LES BACONNETS,13H-14H,3.64,4432.175824175824,16133.12
642,642,LES BACONNETS,14H-15H,3.32,4432.175824175824,14714.823736263736
643,643,LES BACONNETS,15H-16H,3.84,4432.175824175824,17019.555164835165
644,644,LES BACONNETS,16H-17H,4.82,4432.175824175824,21363.087472527477
645,645,LES BACONNETS,17H-18H,6.21,4432.175824175824,27523.81186813187
646,646,LES BACONNETS,18H-19H,3.78,4432.175824175824,16753.624615384615
647,647,LES BACONNETS,19H-20H,2.76,4432.175824175824,12232.805274725275
648,648,LES BACONNETS,1H-2H,0.03,4432.175824175824,132.96527472527472
649,649,LES BACONNETS,20H-21H,1.91,4432.175824175824,8465.455824175824
650,650,LES BACONNETS,21H-22H,1.08,4432.175824175824,4786.749890109891
651,651,LES BACONNETS,22H-23H,1.08,4432.175824175824,4786.749890109891
652,652,LES BACONNETS,23H-0H,0.56,4432.175824175824,2482.018461538462
653,653,LES BACONNETS,2H-3H,0.0,4432.175824175824,0.0
654,654,LES BACONNETS,3H-4H,0.0,4432.175824175824,0.0
655,655,LES BACONNETS,4H-5H,0.26,4432.175824175824,1152.3657142857146
656,656,LES BACONNETS,5H-6H,2.68,4432.175824175824,11878.231208791209
657,657,LES BACONNETS,6H-7H,5.68,4432.175824175824,25174.758681318683
658,658,LES BACONNETS,7H-8H,17.17,4432.175824175824,76100.45890109891
659,659,LES BACONNETS,8H-9H,21.52,4432.175824175824,95380.42373626374
660,660,LES BACONNETS,9H-10H,8.03,4432.175824175824,35590.371868131864
661,661,LOZERE,0H-1H,0.07,1151.9673913043478,80.63771739130434
662,662,LOZERE,10H-11H,3.3,1151.9673913043478,3801.492391304348
663,663,LOZERE,11H-12H,2.64,1151.9673913043478,3041.193913043478
664,664,LOZERE,12H-13H,3.69,1151.9673913043478,4250.759673913043
665,665,LOZERE,13H-14H,3.32,1151.9673913043478,3824.5317391304334
666,666,LOZERE,14H-15H,2.77,1151.9673913043478,3190.949673913043
667,667,LOZERE,15H-16H,3.31,1151.9673913043478,3813.012065217391
668,668,LOZERE,16H-17H,5.36,1151.9673913043478,6174.5452173913045
669,669,LOZERE,17H-18H,8.3,1151.9673913043478,9561.329347826088
670,670,LOZERE,18H-19H,7.92,1151.9673913043478,9123.581739130435
671,671,LOZERE,19H-20H,4.75,1151.9673913043478,5471.845108695652
672,672,LOZERE,1H-2H,0.01,1151.9673913043478,11.519673913043478
673,673,LOZERE,20H-21H,3.16,1151.9673913043478,3640.2169565217387
674,674,LOZERE,21H-22H,1.32,1151.9673913043478,1520.596956521739
675,675,LOZERE,22H-23H,0.89,1151.9673913043478,1025.2509782608695
676,676,LOZERE,23H-0H,0.66,1151.9673913043478,760.2984782608695
677,677,LOZERE,4H-5H,0.27,1151.9673913043478,311.0311956521739
678,678,LOZERE,5H-6H,1.13,1151.9673913043478,1301.723152173913
679,679,LOZERE,6H-7H,4.75,1151.9673913043478,5471.845108695652
680,680,LOZERE,7H-8H,20.07,1151.9673913043478,23119.985543478262
681,681,LOZERE,8H-9H,16.58,1151.9673913043478,19099.619347826083
682,682,LOZERE,9H-10H,5.74,1151.9673913043478,6612.292826086957
683,683,LUXEMBOURG,0H-1H,0.79,12565.005434782608,9926.35429347826
684,684,LUXEMBOURG,10H-11H,2.24,12565.005434782608,28145.612173913043
685,685,LUXEMBOURG,11H-12H,3.29,12565.005434782608,41338.86788043478
686,686,LUXEMBOURG,12H-13H,4.8,12565.005434782608,60312.026086956525
687,687,LUXEMBOURG,13H-14H,4.74,12565.005434782608,59558.12576086957
688,688,LUXEMBOURG,14H-15H,4.58,12565.005434782608,57547.72489130434
689,689,LUXEMBOURG,15H-16H,6.74,12565.005434782608,84688.13663043478
690,690,LUXEMBOURG,16H-17H,10.51,12565.005434782608,132058.2071195652
691,691,LUXEMBOURG,17H-18H,15.16,12565.005434782608,190485.48239130434
692,692,LUXEMBOURG,18H-19H,13.23,12565.005434782608,166235.0219021739
693,693,LUXEMBOURG,19H-20H,9.47,12565.005434782608,118990.6014673913
694,694,LUXEMBOURG,1H-2H,0.01,12565.005434782608,125.65005434782609
695,695,LUXEMBOURG,20H-21H,6.12,12565.005434782608,76897.83326086956
696,696,LUXEMBOURG,21H-22H,3.49,12565.005434782608,43851.868967391296
697,697,LUXEMBOURG,22H-23H,2.47,12565.005434782608,31035.56342391304
698,698,LUXEMBOURG,23H-0H,1.89,12565.005434782608,23747.86027173913
699,699,LUXEMBOURG,2H-3H,0.0,12565.005434782608,0.0
700,700,LUXEMBOURG,3H-4H,0.0,12565.005434782608,0.0
701,701,LUXEMBOURG,4H-5H,0.0,12565.005434782608,0.0
702,702,LUXEMBOURG,5H-6H,0.15,12565.005434782608,1884.7508152173914
703,703,LUXEMBOURG,6H-7H,0.45,12565.005434782608,5654.252445652174
704,704,LUXEMBOURG,7H-8H,2.03,12565.005434782608,25506.96103260869
705,705,LUXEMBOURG,8H-9H,4.63,12565.005434782608,58175.97516304348
706,706,LUXEMBOURG,9H-10H,3.2,12565.005434782608,40208.01739130435
707,707,MASSY-PALAISEAU,0H-1H,0.11,22462.82608695652,2470.910869565217
708,708,MASSY-PALAISEAU,10H-11H,2.915,22462.82608695652,65479.138043478255
709,709,MASSY-PALAISEAU,11H-12H,2.8200000000000003,22462.82608695652,63345.1695652174
710,710,MASSY-PALAISEAU,12H-13H,3.39,22462.82608695652,76148.9804347826
711,711,MASSY-PALAISEAU,13H-14H,3.595,22462.82608695652,80753.85978260869
712,712,MASSY-PALAISEAU,14H-15H,4.335,22462.82608695652,97376.3510869565
713,713,MASSY-PALAISEAU,15H-16H,7.26,22462.82608695652,163080.11739130435
714,714,MASSY-PALAISEAU,16H-17H,8.875,22462.82608695652,199357.5815217391
715,715,MASSY-PALAISEAU,17H-18H,11.65,22462.82608695652,261691.92391304343
716,716,MASSY-PALAISEAU,18H-19H,9.885000000000002,22462.82608695652,222045.03586956524
717,717,MASSY-PALAISEAU,19H-20H,4.77,22462.82608695652,107147.6804347826
718,718,MASSY-PALAISEAU,1H-2H,0.02,22462.82608695652,449.2565217391304
719,719,MASSY-PALAISEAU,20H-21H,2.305,22462.82608695652,51776.81413043479
720,720,MASSY-PALAISEAU,21H-22H,1.02,22462.82608695652,22912.082608695648
721,721,MASSY-PALAISEAU,22H-23H,0.64,22462.82608695652,14376.208695652173
722,722,MASSY-PALAISEAU,23H-0H,0.345,22462.82608695652,7749.674999999998
723,723,MASSY-PALAISEAU,2H-3H,0.015,22462.82608695652,336.9423913043478
724,724,MASSY-PALAISEAU,3H-4H,0.13,22462.82608695652,2920.1673913043483
725,725,MASSY-PALAISEAU,4H-5H,0.915,22462.82608695652,20553.48586956522
726,726,MASSY-PALAISEAU,5H-6H,3.43,22462.82608695652,77047.49347826086
727,727,MASSY-PALAISEAU,6H-7H,5.744999999999999,22462.82608695652,129048.93586956519
728,728,MASSY-PALAISEAU,7H-8H,10.52,22462.82608695652,236308.93043478255
729,729,MASSY-PALAISEAU,8H-9H,10.795,22462.82608695652,242486.20760869567
730,730,MASSY-PALAISEAU,9H-10H,4.58,22462.82608695652,102879.74347826086
731,731,MASSY-VERRIERES,0H-1H,0.05,1234.0489130434785,61.70244565217392
732,732,MASSY-VERRIERES,10H-11H,2.99,1234.0489130434785,3689.80625
733,733,MASSY-VERRIERES,11H-12H,2.88,1234.0489130434785,3554.060869565217
734,734,MASSY-VERRIERES,12H-13H,3.29,1234.0489130434785,4060.020923913044
735,735,MASSY-VERRIERES,13H-14H,2.77,1234.0489130434785,3418.3154891304353
736,736,MASSY-VERRIERES,14H-15H,2.48,1234.0489130434785,3060.4413043478257
737,737,MASSY-VERRIERES,15H-16H,2.395,1234.0489130434785,2955.5471467391303
738,738,MASSY-VERRIERES,16H-17H,3.295,1234.0489130434785,4066.1911684782613
739,739,MASSY-VERRIERES,17H-18H,5.3599999999999985,1234.0489130434785,6614.502173913042
740,740,MASSY-VERRIERES,18H-19H,3.675,1234.0489130434785,4535.129755434782
741,741,MASSY-VERRIERES,19H-20H,2.125,1234.0489130434785,2622.3539402173915
742,742,MASSY-VERRIERES,1H-2H,0.0,1234.0489130434785,0.0
743,743,MASSY-VERRIERES,20H-21H,1.025,1234.0489130434785,1264.900135869565
744,744,MASSY-VERRIERES,21H-22H,0.395,1234.0489130434785,487.44932065217387
745,745,MASSY-VERRIERES,22H-23H,0.365,1234.0489130434785,450.4278532608696
746,746,MASSY-VERRIERES,23H-0H,0.14500000000000002,1234.0489130434785,178.93709239130436
747,747,MASSY-VERRIERES,4H-5H,0.265,1234.0489130434785,327.02296195652167
748,748,MASSY-VERRIERES,5H-6H,1.68,1234.0489130434785,2073.2021739130428
749,749,MASSY-VERRIERES,6H-7H,5.92,1234.0489130434785,7305.569565217392
750,750,MASSY-VERRIERES,7H-8H,23.515,1234.0489130434785,29018.660190217397
751,751,MASSY-VERRIERES,8H-9H,28.26,1234.0489130434785,34874.222282608695
752,752,MASSY-VERRIERES,9H-10H,7.145,1234.0489130434785,8817.279483695651
753,753,MITRY-CLAYE,0H-1H,0.01,2424.3478260869565,24.24347826086957
754,754,MITRY-CLAYE,10H-11H,3.08,2424.3478260869565,7466.991304347826
755,755,MITRY-CLAYE,11H-12H,3.04,2424.3478260869565,7370.017391304348
756,756,MITRY-CLAYE,12H-13H,3.75,2424.3478260869565,9091.304347826086
757,757,MITRY-CLAYE,13H-14H,4.38,2424.3478260869565,10618.643478260869
758,758,MITRY-CLAYE,14H-15H,3.5,2424.3478260869565,8485.217391304348
759,759,MITRY-CLAYE,15H-16H,5.36,2424.3478260869565,12994.504347826089
760,760,MITRY-CLAYE,16H-17H,9.12,2424.3478260869565,22110.05217391304
761,761,MITRY-CLAYE,17H-18H,12.3,2424.3478260869565,29819.47826086957
762,762,MITRY-CLAYE,18H-19H,6.51,2424.3478260869565,15782.504347826089
763,763,MITRY-CLAYE,19H-20H,2.72,2424.3478260869565,6594.2260869565225
764,764,MITRY-CLAYE,1H-2H,0.01,2424.3478260869565,24.24347826086957
765,765,MITRY-CLAYE,20H-21H,1.65,2424.3478260869565,4000.1739130434776
766,766,MITRY-CLAYE,21H-22H,0.76,2424.3478260869565,1842.504347826087
767,767,MITRY-CLAYE,22H-23H,0.47,2424.3478260869565,1139.4434782608694
768,768,MITRY-CLAYE,23H-0H,0.12,2424.3478260869565,290.9217391304348
769,769,MITRY-CLAYE,4H-5H,0.37,2424.3478260869565,897.008695652174
770,770,MITRY-CLAYE,5H-6H,1.22,2424.3478260869565,2957.704347826087
771,771,MITRY-CLAYE,6H-7H,6.78,2424.3478260869565,16437.078260869566
772,772,MITRY-CLAYE,7H-8H,17.84,2424.3478260869565,43250.365217391314
773,773,MITRY-CLAYE,8H-9H,12.88,2424.3478260869565,31225.6
774,774,MITRY-CLAYE,9H-10H,4.13,2424.3478260869565,10012.55652173913
775,775,ORSAY-VILLE,0H-1H,0.02,3428.8695652173915,68.57739130434783
776,776,ORSAY-VILLE,10H-11H,2.96,3428.8695652173915,10149.45391304348
777,777,ORSAY-VILLE,11H-12H,3.03,3428.8695652173915,10389.474782608697
778,778,ORSAY-VILLE,12H-13H,5.12,3428.8695652173915,17555.812173913044
779,779,ORSAY-VILLE,13H-14H,4.15,3428.8695652173915,14229.808695652175
780,780,ORSAY-VILLE,14H-15H,3.62,3428.8695652173915,12412.507826086958
781,781,ORSAY-VILLE,15H-16H,5.9,3428.8695652173915,20230.33043478261
782,782,ORSAY-VILLE,16H-17H,9.04,3428.8695652173915,30996.980869565214
783,783,ORSAY-VILLE,17H-18H,14.93,3428.8695652173915,51193.02260869565
784,784,ORSAY-VILLE,18H-19H,10.87,3428.8695652173915,37271.812173913044
785,785,ORSAY-VILLE,19H-20H,5.38,3428.8695652173915,18447.318260869564
786,786,ORSAY-VILLE,1H-2H,0.01,3428.8695652173915,34.288695652173914
787,787,ORSAY-VILLE,20H-21H,2.49,3428.8695652173915,8537.885217391306
788,788,ORSAY-VILLE,21H-22H,1.08,3428.8695652173915,3703.1791304347826
789,789,ORSAY-VILLE,22H-23H,1.02,3428.8695652173915,3497.44695652174
790,790,ORSAY-VILLE,23H-0H,0.47,3428.8695652173915,1611.5686956521738
791,791,ORSAY-VILLE,4H-5H,0.08,3428.8695652173915,274.3095652173913
792,792,ORSAY-VILLE,5H-6H,0.85,3428.8695652173915,2914.5391304347827
793,793,ORSAY-VILLE,6H-7H,3.72,3428.8695652173915,12755.394782608697
794,794,ORSAY-VILLE,7H-8H,11.24,3428.8695652173915,38540.49391304348
795,795,ORSAY-VILLE,8H-9H,10.12,3428.8695652173915,34700.16
796,796,ORSAY-VILLE,9H-10H,3.87,3428.8695652173915,13269.725217391306
797,797,PALAISEAU,0H-1H,0.07,1579.603260869565,110.57222826086958
798,798,PALAISEAU,10H-11H,4.44,1579.603260869565,7013.43847826087
799,799,PALAISEAU,11H-12H,4.14,1579.603260869565,6539.5575
800,800,PALAISEAU,12H-13H,4.43,1579.603260869565,6997.6424456521745
801,801,PALAISEAU,13H-14H,4.16,1579.603260869565,6571.149565217393
802,802,PALAISEAU,14H-15H,3.47,1579.603260869565,5481.223315217392
803,803,PALAISEAU,15H-16H,4.61,1579.603260869565,7281.971032608696
804,804,PALAISEAU,16H-17H,5.24,1579.603260869565,8277.121086956522
805,805,PALAISEAU,17H-18H,5.46,1579.603260869565,8624.633804347826
806,806,PALAISEAU,18H-19H,3.72,1579.603260869565,5876.124130434782
807,807,PALAISEAU,19H-20H,2.54,1579.603260869565,4012.192282608696
808,808,PALAISEAU,20H-21H,1.58,1579.603260869565,2495.773152173913
809,809,PALAISEAU,21H-22H,0.89,1579.603260869565,1405.8469021739133
810,810,PALAISEAU,22H-23H,0.97,1579.603260869565,1532.2151630434785
811,811,PALAISEAU,23H-0H,0.37,1579.603260869565,584.4532065217393
812,812,PALAISEAU,4H-5H,0.13,1579.603260869565,205.34842391304352
813,813,PALAISEAU,5H-6H,2.54,1579.603260869565,4012.192282608696
814,814,PALAISEAU,6H-7H,6.32,1579.603260869565,9983.092608695652
815,815,PALAISEAU,7H-8H,17.77,1579.603260869565,28069.54994565217
816,816,PALAISEAU,8H-9H,19.22,1579.603260869565,30359.974673913042
817,817,PALAISEAU,9H-10H,7.93,1579.603260869565,12526.253858695653
818,818,PALAISEAU-VILLEBON,0H-1H,0.04,1441.521739130435,57.66086956521739
819,819,PALAISEAU-VILLEBON,10H-11H,2.96,1441.521739130435,4266.9043478260855
820,820,PALAISEAU-VILLEBON,11H-12H,2.94,1441.521739130435,4238.073913043478
821,821,PALAISEAU-VILLEBON,12H-13H,4.08,1441.521739130435,5881.408695652174
822,822,PALAISEAU-VILLEBON,13H-14H,3.46,1441.521739130435,4987.6652173913035
823,823,PALAISEAU-VILLEBON,14H-15H,2.96,1441.521739130435,4266.9043478260855
824,824,PALAISEAU-VILLEBON,15H-16H,5.69,1441.521739130435,8202.258695652174
825,825,PALAISEAU-VILLEBON,16H-17H,7.89,1441.521739130435,11373.606521739131
826,826,PALAISEAU-VILLEBON,17H-18H,9.99,1441.521739130435,14400.802173913044
827,827,PALAISEAU-VILLEBON,18H-19H,3.31,1441.521739130435,4771.4369565217385
828,828,PALAISEAU-VILLEBON,19H-20H,1.89,1441.521739130435,2724.4760869565216
829,829,PALAISEAU-VILLEBON,20H-21H,1.09,1441.521739130435,1571.258695652174
830,830,PALAISEAU-VILLEBON,21H-22H,0.64,1441.521739130435,922.5739130434782
831,831,PALAISEAU-VILLEBON,22H-23H,0.51,1441.521739130435,735.1760869565218
832,832,PALAISEAU-VILLEBON,23H-0H,0.36,1441.521739130435,518.9478260869565
833,833,PALAISEAU-VILLEBON,3H-4H,0.0,1441.521739130435,0.0
834,834,PALAISEAU-VILLEBON,4H-5H,0.19,1441.521739130435,273.8891304347826
835,835,PALAISEAU-VILLEBON,5H-6H,1.56,1441.521739130435,2248.7739130434784
836,836,PALAISEAU-VILLEBON,6H-7H,6.01,1441.521739130435,8663.545652173912
837,837,PALAISEAU-VILLEBON,7H-8H,19.78,1441.521739130435,28513.3
838,838,PALAISEAU-VILLEBON,8H-9H,18.74,1441.521739130435,27014.117391304346
839,839,PALAISEAU-VILLEBON,9H-10H,5.9,1441.521739130435,8504.978260869566
840,840,PARC DES EXPOSITIONS,0H-1H,0.03,3891.5494505494507,116.74648351648352
841,841,PARC DES EXPOSITIONS,10H-11H,2.38,3891.5494505494507,9261.887692307691
842,842,PARC DES EXPOSITIONS,11H-12H,3.0,3891.5494505494507,11674.648351648351
843,843,PARC DES EXPOSITIONS,12H-13H,3.54,3891.5494505494507,13776.085054945057
844,844,PARC DES EXPOSITIONS,13H-14H,3.71,3891.5494505494507,14437.648461538462
845,845,PARC DES EXPOSITIONS,14H-15H,5.21,3891.5494505494507,20274.97263736264
846,846,PARC DES EXPOSITIONS,15H-16H,7.73,3891.5494505494507,30081.677252747257
847,847,PARC DES EXPOSITIONS,16H-17H,13.49,3891.5494505494507,52497.00208791209
848,848,PARC DES EXPOSITIONS,17H-18H,19.67,3891.5494505494507,76546.77769230769
849,849,PARC DES EXPOSITIONS,18H-19H,17.32,3891.5494505494507,67401.63648351649
850,850,PARC DES EXPOSITIONS,19H-20H,8.55,3891.5494505494507,33272.74780219781
851,851,PARC DES EXPOSITIONS,1H-2H,0.0,3891.5494505494507,0.0
852,852,PARC DES EXPOSITIONS,20H-21H,3.27,3891.5494505494507,12725.366703296704
853,853,PARC DES EXPOSITIONS,21H-22H,1.23,3891.5494505494507,4786.605824175826
854,854,PARC DES EXPOSITIONS,22H-23H,0.99,3891.5494505494507,3852.6339560439565
855,855,PARC DES EXPOSITIONS,23H-0H,0.36,3891.5494505494507,1400.9578021978025
856,856,PARC DES EXPOSITIONS,2H-3H,0.0,3891.5494505494507,0.0
857,857,PARC DES EXPOSITIONS,3H-4H,0.01,3891.5494505494507,38.91549450549451
858,858,PARC DES EXPOSITIONS,4H-5H,0.08,3891.5494505494507,311.32395604395606
859,859,PARC DES EXPOSITIONS,5H-6H,0.55,3891.5494505494507,2140.3521978021977
860,860,PARC DES EXPOSITIONS,6H-7H,1.39,3891.5494505494507,5409.253736263736
861,861,PARC DES EXPOSITIONS,7H-8H,2.69,3891.5494505494507,10468.268021978023
862,862,PARC DES EXPOSITIONS,8H-9H,2.57,3891.5494505494507,10001.282087912088
863,863,PARC DES EXPOSITIONS,9H-10H,2.24,3891.5494505494507,8717.07076923077
864,864,PARC-DE-SCEAUX,0H-1H,0.12,1289.2391304347825,154.7086956521739
865,865,PARC-DE-SCEAUX,10H-11H,3.05,1289.2391304347825,3932.179347826087
866,866,PARC-DE-SCEAUX,11H-12H,2.77,1289.2391304347825,3571.1923913043474
867,867,PARC-DE-SCEAUX,12H-13H,3.67,1289.2391304347825,4731.5076086956515
868,868,PARC-DE-SCEAUX,13H-14H,3.45,1289.2391304347825,4447.875
869,869,PARC-DE-SCEAUX,14H-15H,2.69,1289.2391304347825,3468.053260869565
870,870,PARC-DE-SCEAUX,15H-16H,3.63,1289.2391304347825,4679.9380434782615
871,871,PARC-DE-SCEAUX,16H-17H,6.31,1289.2391304347825,8135.098913043476
872,872,PARC-DE-SCEAUX,17H-18H,11.41,1289.2391304347825,14710.21847826087
873,873,PARC-DE-SCEAUX,18H-19H,11.69,1289.2391304347825,15071.205434782607
874,874,PARC-DE-SCEAUX,19H-20H,6.07,1289.2391304347825,7825.6815217391295
875,875,PARC-DE-SCEAUX,1H-2H,0.04,1289.2391304347825,51.5695652173913
876,876,PARC-DE-SCEAUX,20H-21H,2.08,1289.2391304347825,2681.617391304348
877,877,PARC-DE-SCEAUX,21H-22H,0.84,1289.2391304347825,1082.9608695652173
878,878,PARC-DE-SCEAUX,22H-23H,0.73,1289.2391304347825,941.1445652173912
879,879,PARC-DE-SCEAUX,23H-0H,0.38,1289.2391304347825,489.91086956521735
880,880,PARC-DE-SCEAUX,2H-3H,0.0,1289.2391304347825,0.0
881,881,PARC-DE-SCEAUX,3H-4H,0.0,1289.2391304347825,0.0
882,882,PARC-DE-SCEAUX,4H-5H,0.12,1289.2391304347825,154.7086956521739
883,883,PARC-DE-SCEAUX,5H-6H,0.92,1289.2391304347825,1186.1
884,884,PARC-DE-SCEAUX,6H-7H,2.83,1289.2391304347825,3648.5467391304346
885,885,PARC-DE-SCEAUX,7H-8H,12.35,1289.2391304347825,15922.103260869562
886,886,PARC-DE-SCEAUX,8H-9H,17.62,1289.2391304347825,22716.39347826087
887,887,PARC-DE-SCEAUX,9H-10H,7.24,1289.2391304347825,9334.091304347823
888,888,PORT ROYAL,0H-1H,0.56,7467.16847826087,4181.614347826087
889,889,PORT ROYAL,10H-11H,3.41,7467.16847826087,25463.04451086957
890,890,PORT ROYAL,11H-12H,3.79,7467.16847826087,28300.568532608697
891,891,PORT ROYAL,12H-13H,4.92,7467.16847826087,36738.46891304348
892,892,PORT ROYAL,13H-14H,4.93,7467.16847826087,36813.14059782609
893,893,PORT ROYAL,14H-15H,5.63,7467.16847826087,42040.1585326087
894,894,PORT ROYAL,15H-16H,7.13,7467.16847826087,53240.91125000001
895,895,PORT ROYAL,16H-17H,11.31,7467.16847826087,84453.67548913044
896,896,PORT ROYAL,17H-18H,13.25,7467.16847826087,98939.98233695653
897,897,PORT ROYAL,18H-19H,10.28,7467.16847826087,76762.49195652174
898,898,PORT ROYAL,19H-20H,7.95,7467.16847826087,59363.989402173924
899,899,PORT ROYAL,1H-2H,0.01,7467.16847826087,74.6716847826087
900,900,PORT ROYAL,20H-21H,5.09,7467.16847826087,38007.887554347835
901,901,PORT ROYAL,21H-22H,2.96,7467.16847826087,22102.81869565217
902,902,PORT ROYAL,22H-23H,2.26,7467.16847826087,16875.800760869566
903,903,PORT ROYAL,23H-0H,1.42,7467.16847826087,10603.379239130434
904,904,PORT ROYAL,2H-3H,0.0,7467.16847826087,0.0
905,905,PORT ROYAL,3H-4H,0.0,7467.16847826087,0.0
906,906,PORT ROYAL,4H-5H,0.01,7467.16847826087,74.6716847826087
907,907,PORT ROYAL,5H-6H,0.33,7467.16847826087,2464.165597826088
908,908,PORT ROYAL,6H-7H,0.71,7467.16847826087,5301.689619565217
909,909,PORT ROYAL,7H-8H,3.26,7467.16847826087,24342.969239130434
910,910,PORT ROYAL,8H-9H,6.4,7467.16847826087,47789.87826086957
911,911,PORT ROYAL,9H-10H,4.38,7467.16847826087,32706.197934782613
912,912,ROBINSON,0H-1H,0.1,4981.239130434783,498.1239130434783
913,913,ROBINSON,10H-11H,2.97,4981.239130434783,14794.280217391306
914,914,ROBINSON,11H-12H,3.3,4981.239130434783,16438.089130434782
915,915,ROBINSON,12H-13H,4.6,4981.239130434783,22913.7
916,916,ROBINSON,13H-14H,3.66,4981.239130434783,18231.335217391308
917,917,ROBINSON,14H-15H,3.14,4981.239130434783,15641.09086956522
918,918,ROBINSON,15H-16H,4.56,4981.239130434783,22714.450434782608
919,919,ROBINSON,16H-17H,8.3,4981.239130434783,41344.2847826087
920,920,ROBINSON,17H-18H,9.58,4981.239130434783,47720.27086956522
921,921,ROBINSON,18H-19H,7.01,4981.239130434783,34918.486304347825
922,922,ROBINSON,19H-20H,3.92,4981.239130434783,19526.45739130435
923,923,ROBINSON,1H-2H,0.02,4981.239130434783,99.62478260869568
924,924,ROBINSON,20H-21H,2.66,4981.239130434783,13250.096086956524
925,925,ROBINSON,21H-22H,1.01,4981.239130434783,5031.051521739131
926,926,ROBINSON,22H-23H,0.73,4981.239130434783,3636.304565217392
927,927,ROBINSON,23H-0H,0.34,4981.239130434783,1693.6213043478265
928,928,ROBINSON,2H-3H,0.0,4981.239130434783,0.0
929,929,ROBINSON,3H-4H,0.0,4981.239130434783,0.0
930,930,ROBINSON,4H-5H,0.18,4981.239130434783,896.6230434782608
931,931,ROBINSON,5H-6H,1.3,4981.239130434783,6475.610869565218
932,932,ROBINSON,6H-7H,3.94,4981.239130434783,19626.082173913044
933,933,ROBINSON,7H-8H,14.84,4981.239130434783,73921.58869565217
934,934,ROBINSON,8H-9H,17.97,4981.239130434783,89512.86717391305
935,935,ROBINSON,9H-10H,5.86,4981.239130434783,29190.061304347833
936,936,SAINT-MICHEL,0H-1H,0.865,18866.54891304348,16319.56480978261
937,937,SAINT-MICHEL,10H-11H,2.35,18866.54891304348,44336.389945652176
938,938,SAINT-MICHEL,11H-12H,3.005,18866.54891304348,56693.979483695664
939,939,SAINT-MICHEL,12H-13H,4.255,18866.54891304348,80277.16562500001
940,940,SAINT-MICHEL,13H-14H,4.875,18866.54891304348,91974.42595108696
941,941,SAINT-MICHEL,14H-15H,4.869999999999999,18866.54891304348,91880.09320652172
942,942,SAINT-MICHEL,15H-16H,6.3450000000000015,18866.54891304348,119708.25285326088
943,943,SAINT-MICHEL,16H-17H,10.03,18866.54891304348,189231.48559782613
944,944,SAINT-MICHEL,17H-18H,14.6,18866.54891304348,275451.6141304348
945,945,SAINT-MICHEL,18H-19H,13.265,18866.54891304348,250264.77133152177
946,946,SAINT-MICHEL,19H-20H,9.63,18866.54891304348,181684.8660326087
947,947,SAINT-MICHEL,1H-2H,0.065,18866.54891304348,1226.3256793478265
948,948,SAINT-MICHEL,20H-21H,5.44,18866.54891304348,102634.02608695652
949,949,SAINT-MICHEL,21H-22H,3.585,18866.54891304348,67636.57785326088
950,950,SAINT-MICHEL,22H-23H,3.125,18866.54891304348,58957.96535326088
951,951,SAINT-MICHEL,23H-0H,2.09,18866.54891304348,39431.08722826087
952,952,SAINT-MICHEL,2H-3H,0.005,18866.54891304348,94.3327445652174
953,953,SAINT-MICHEL,3H-4H,0.0,18866.54891304348,0.0
954,954,SAINT-MICHEL,4H-5H,0.04,18866.54891304348,754.6619565217392
955,955,SAINT-MICHEL,5H-6H,0.345,18866.54891304348,6508.959375
956,956,SAINT-MICHEL,6H-7H,0.92,18866.54891304348,17357.225000000002
957,957,SAINT-MICHEL,7H-8H,2.43,18866.54891304348,45845.713858695664
958,958,SAINT-MICHEL,8H-9H,4.645,18866.54891304348,87635.11970108695
959,959,SAINT-MICHEL,9H-10H,3.22,18866.54891304348,60750.2875
960,960,SAINT-REMY-LES-CHEVREUSE,0H-1H,0.0,1296.5819209039548,0.0
961,961,SAINT-REMY-LES-CHEVREUSE,10H-11H,3.06,1296.5819209039548,3967.5406779661016
962,962,SAINT-REMY-LES-CHEVREUSE,11H-12H,2.42,1296.5819209039548,3137.7282485875708
963,963,SAINT-REMY-LES-CHEVREUSE,12H-13H,3.17,1296.5819209039548,4110.164689265536
964,964,SAINT-REMY-LES-CHEVREUSE,13H-14H,2.69,1296.5819209039548,3487.8053672316387
965,965,SAINT-REMY-LES-CHEVREUSE,14H-15H,2.23,1296.5819209039548,2891.377683615819
966,966,SAINT-REMY-LES-CHEVREUSE,15H-16H,2.36,1296.5819209039548,3059.933333333333
967,967,SAINT-REMY-LES-CHEVREUSE,16H-17H,4.02,1296.5819209039548,5212.259322033898
968,968,SAINT-REMY-LES-CHEVREUSE,17H-18H,6.83,1296.5819209039548,8855.654519774012
969,969,SAINT-REMY-LES-CHEVREUSE,18H-19H,4.68,1296.5819209039548,6068.003389830508
970,970,SAINT-REMY-LES-CHEVREUSE,19H-20H,2.05,1296.5819209039548,2657.9929378531074
971,971,SAINT-REMY-LES-CHEVREUSE,20H-21H,1.05,1296.5819209039548,1361.4110169491526
972,972,SAINT-REMY-LES-CHEVREUSE,21H-22H,0.38,1296.5819209039548,492.7011299435029
973,973,SAINT-REMY-LES-CHEVREUSE,22H-23H,0.36,1296.5819209039548,466.76949152542375
974,974,SAINT-REMY-LES-CHEVREUSE,23H-0H,0.13,1296.5819209039548,168.55564971751414
975,975,SAINT-REMY-LES-CHEVREUSE,3H-4H,0.0,1296.5819209039548,0.0
976,976,SAINT-REMY-LES-CHEVREUSE,4H-5H,0.42,1296.5819209039548,544.564406779661
977,977,SAINT-REMY-LES-CHEVREUSE,5H-6H,1.1,1296.5819209039548,1426.2401129943505
978,978,SAINT-REMY-LES-CHEVREUSE,6H-7H,7.65,1296.5819209039548,9918.851694915254
979,979,SAINT-REMY-LES-CHEVREUSE,7H-8H,30.3,1296.5819209039548,39286.43220338984
980,980,SAINT-REMY-LES-CHEVREUSE,8H-9H,18.6,1296.5819209039548,24116.423728813563
981,981,SAINT-REMY-LES-CHEVREUSE,9H-10H,6.5,1296.5819209039548,8427.782485875707
982,982,SCEAUX,0H-1H,0.24,1589.1902173913047,381.405652173913
983,983,SCEAUX,10H-11H,3.3,1589.1902173913047,5244.327717391304
984,984,SCEAUX,11H-12H,3.46,1589.1902173913047,5498.598152173912
985,985,SCEAUX,12H-13H,5.01,1589.1902173913047,7961.842989130435
986,986,SCEAUX,13H-14H,4.09,1589.1902173913047,6499.787989130435
987,987,SCEAUX,14H-15H,3.51,1589.1902173913047,5578.057663043478
988,988,SCEAUX,15H-16H,4.6,1589.1902173913047,7310.274999999999
989,989,SCEAUX,16H-17H,6.2,1589.1902173913047,9852.979347826087
990,990,SCEAUX,17H-18H,7.63,1589.1902173913047,12125.521358695649
991,991,SCEAUX,18H-19H,6.11,1589.1902173913047,9709.952228260869
992,992,SCEAUX,19H-20H,3.94,1589.1902173913047,6261.409456521738
993,993,SCEAUX,1H-2H,0.04,1589.1902173913047,63.56760869565217
994,994,SCEAUX,20H-21H,2.74,1589.1902173913047,4354.381195652174
995,995,SCEAUX,21H-22H,1.02,1589.1902173913047,1620.9740217391306
996,996,SCEAUX,22H-23H,0.85,1589.1902173913047,1350.8116847826084
997,997,SCEAUX,23H-0H,0.69,1589.1902173913047,1096.5412499999998
998,998,SCEAUX,2H-3H,0.0,1589.1902173913047,0.0
999,999,SCEAUX,3H-4H,0.0,1589.1902173913047,0.0
1000,1000,SCEAUX,4H-5H,0.19,1589.1902173913047,301.9461413043478
1001,1001,SCEAUX,5H-6H,0.87,1589.1902173913047,1382.5954891304348
1002,1002,SCEAUX,6H-7H,2.9,1589.1902173913047,4608.651630434782
1003,1003,SCEAUX,7H-8H,14.1,1589.1902173913047,22407.582065217393
1004,1004,SCEAUX,8H-9H,21.19,1589.1902173913047,33674.94070652174
1005,1005,SCEAUX,9H-10H,7.32,1589.1902173913047,11632.872391304349
1006,1006,SEVRAN-BEAUDOTTES,0H-1H,0.04,8467.601123595505,338.7040449438202
1007,1007,SEVRAN-BEAUDOTTES,10H-11H,4.46,8467.601123595505,37765.50101123595
1008,1008,SEVRAN-BEAUDOTTES,11H-12H,4.08,8467.601123595505,34547.81258426966
1009,1009,SEVRAN-BEAUDOTTES,12H-13H,4.61,8467.601123595505,39035.64117977528
1010,1010,SEVRAN-BEAUDOTTES,13H-14H,4.58,8467.601123595505,38781.613146067415
1011,1011,SEVRAN-BEAUDOTTES,14H-15H,4.37,8467.601123595505,37003.416910112355
1012,1012,SEVRAN-BEAUDOTTES,15H-16H,4.73,8467.601123595505,40051.753314606736
1013,1013,SEVRAN-BEAUDOTTES,16H-17H,6.02,8467.601123595505,50974.95876404493
1014,1014,SEVRAN-BEAUDOTTES,17H-18H,6.51,8467.601123595505,55124.08331460673
1015,1015,SEVRAN-BEAUDOTTES,18H-19H,4.57,8467.601123595505,38696.93713483147
1016,1016,SEVRAN-BEAUDOTTES,19H-20H,3.05,8467.601123595505,25826.18342696629
1017,1017,SEVRAN-BEAUDOTTES,1H-2H,0.0,8467.601123595505,0.0
1018,1018,SEVRAN-BEAUDOTTES,20H-21H,2.32,8467.601123595505,19644.83460674157
1019,1019,SEVRAN-BEAUDOTTES,21H-22H,1.43,8467.601123595505,12108.66960674157
1020,1020,SEVRAN-BEAUDOTTES,22H-23H,0.8,8467.601123595505,6774.080898876404
1021,1021,SEVRAN-BEAUDOTTES,23H-0H,0.34,8467.601123595505,2878.984382022472
1022,1022,SEVRAN-BEAUDOTTES,2H-3H,0.0,8467.601123595505,0.0
1023,1023,SEVRAN-BEAUDOTTES,3H-4H,0.0,8467.601123595505,0.0
1024,1024,SEVRAN-BEAUDOTTES,4H-5H,0.58,8467.601123595505,4911.2086516853915
1025,1025,SEVRAN-BEAUDOTTES,5H-6H,4.21,8467.601123595505,35648.60073033707
1026,1026,SEVRAN-BEAUDOTTES,6H-7H,10.97,8467.601123595505,92889.58432584268
1027,1027,SEVRAN-BEAUDOTTES,7H-8H,14.13,8467.601123595505,119647.20387640447
1028,1028,SEVRAN-BEAUDOTTES,8H-9H,12.4,8467.601123595505,104998.25393258428
1029,1029,SEVRAN-BEAUDOTTES,9H-10H,5.8,8467.601123595505,49112.08651685392
1030,1030,SEVRAN-LIVRY,0H-1H,0.14,4117.109289617486,576.3953005464481
1031,1031,SEVRAN-LIVRY,10H-11H,3.98,4117.109289617486,16386.094972677594
1032,1032,SEVRAN-LIVRY,11H-12H,3.55,4117.109289617486,14615.737978142075
1033,1033,SEVRAN-LIVRY,12H-13H,3.57,4117.109289617486,14698.080163934424
1034,1034,SEVRAN-LIVRY,13H-14H,3.45,4117.109289617486,14204.027049180328
1035,1035,SEVRAN-LIVRY,14H-15H,3.75,4117.109289617486,15439.159836065572
1036,1036,SEVRAN-LIVRY,15H-16H,4.2,4117.109289617486,17291.859016393442
1037,1037,SEVRAN-LIVRY,16H-17H,3.74,4117.109289617486,15397.988743169399
1038,1038,SEVRAN-LIVRY,17H-18H,3.55,4117.109289617486,14615.737978142075
1039,1039,SEVRAN-LIVRY,18H-19H,2.51,4117.109289617486,10333.944316939891
1040,1040,SEVRAN-LIVRY,19H-20H,1.67,4117.109289617486,6875.572513661201
1041,1041,SEVRAN-LIVRY,1H-2H,0.07,4117.109289617486,288.19765027322404
1042,1042,SEVRAN-LIVRY,20H-21H,1.11,4117.109289617486,4569.99131147541
1043,1043,SEVRAN-LIVRY,21H-22H,0.64,4117.109289617486,2634.949945355191
1044,1044,SEVRAN-LIVRY,22H-23H,0.41,4117.109289617486,1688.0148087431692
1045,1045,SEVRAN-LIVRY,23H-0H,0.22,4117.109289617486,905.7640437158467
1046,1046,SEVRAN-LIVRY,2H-3H,0.42,4117.109289617486,1729.185901639344
1047,1047,SEVRAN-LIVRY,3H-4H,2.06,4117.109289617486,8481.245136612022
1048,1048,SEVRAN-LIVRY,4H-5H,6.11,4117.109289617486,25155.53775956284
1049,1049,SEVRAN-LIVRY,5H-6H,12.01,4117.109289617486,49446.482568306
1050,1050,SEVRAN-LIVRY,6H-7H,14.34,4117.109289617486,59039.34721311474
1051,1051,SEVRAN-LIVRY,7H-8H,12.5,4117.109289617486,51463.866120218576
1052,1052,SEVRAN-LIVRY,8H-9H,10.83,4117.109289617486,44588.293606557374
1053,1053,SEVRAN-LIVRY,9H-10H,5.16,4117.109289617486,21244.283934426232
1054,1054,VERT-GALANT,0H-1H,0.04,5518.695652173914,220.7478260869565
1055,1055,VERT-GALANT,10H-11H,4.19,5518.695652173914,23123.334782608697
1056,1056,VERT-GALANT,11H-12H,3.52,5518.695652173914,19425.808695652173
1057,1057,VERT-GALANT,12H-13H,3.74,5518.695652173914,20639.92173913044
1058,1058,VERT-GALANT,13H-14H,3.4,5518.695652173914,18763.565217391304
1059,1059,VERT-GALANT,14H-15H,4.02,5518.695652173914,22185.156521739133
1060,1060,VERT-GALANT,15H-16H,4.8,5518.695652173914,26489.73913043478
1061,1061,VERT-GALANT,16H-17H,4.44,5518.695652173914,24503.008695652177
1062,1062,VERT-GALANT,17H-18H,4.28,5518.695652173914,23620.017391304347
1063,1063,VERT-GALANT,18H-19H,2.9,5518.695652173914,16004.217391304348
1064,1064,VERT-GALANT,19H-20H,1.72,5518.695652173914,9492.156521739129
1065,1065,VERT-GALANT,1H-2H,0.0,5518.695652173914,0.0
1066,1066,VERT-GALANT,20H-21H,1.03,5518.695652173914,5684.256521739129
1067,1067,VERT-GALANT,21H-22H,0.56,5518.695652173914,3090.4695652173914
1068,1068,VERT-GALANT,22H-23H,0.35,5518.695652173914,1931.543478260869
1069,1069,VERT-GALANT,23H-0H,0.18,5518.695652173914,993.3652173913043
1070,1070,VERT-GALANT,2H-3H,0.05,5518.695652173914,275.9347826086957
1071,1071,VERT-GALANT,3H-4H,0.34,5518.695652173914,1876.3565217391306
1072,1072,VERT-GALANT,4H-5H,4.4,5518.695652173914,24282.26086956522
1073,1073,VERT-GALANT,5H-6H,12.38,5518.695652173914,68321.45217391304
1074,1074,VERT-GALANT,6H-7H,14.56,5518.695652173914,80352.20869565218
1075,1075,VERT-GALANT,7H-8H,13.59,5518.695652173914,74999.07391304348
1076,1076,VERT-GALANT,8H-9H,10.53,5518.695652173914,58111.8652173913
1077,1077,VERT-GALANT,9H-10H,5.0,5518.695652173914,27593.478260869564
1078,1078,VILLEPARISIS-MITRY-LE-NEUF,0H-1H,0.02,2825.5792349726776,56.51158469945354
1079,1079,VILLEPARISIS-MITRY-LE-NEUF,10H-11H,3.62,2825.5792349726776,10228.596830601093
1080,1080,VILLEPARISIS-MITRY-LE-NEUF,11H-12H,3.19,2825.5792349726776,9013.597759562841
1081,1081,VILLEPARISIS-MITRY-LE-NEUF,12H-13H,3.18,2825.5792349726776,8985.341967213115
1082,1082,VILLEPARISIS-MITRY-LE-NEUF,13H-14H,2.87,2825.5792349726776,8109.412404371585
1083,1083,VILLEPARISIS-MITRY-LE-NEUF,14H-15H,3.31,2825.5792349726776,9352.667267759563
1084,1084,VILLEPARISIS-MITRY-LE-NEUF,15H-16H,3.87,2825.5792349726776,10934.991639344262
1085,1085,VILLEPARISIS-MITRY-LE-NEUF,16H-17H,3.35,2825.5792349726776,9465.69043715847
1086,1086,VILLEPARISIS-MITRY-LE-NEUF,17H-18H,3.22,2825.5792349726776,9098.365136612025
1087,1087,VILLEPARISIS-MITRY-LE-NEUF,18H-19H,2.14,2825.5792349726776,6046.739562841531
1088,1088,VILLEPARISIS-MITRY-LE-NEUF,19H-20H,1.37,2825.5792349726776,3871.043551912569
1089,1089,VILLEPARISIS-MITRY-LE-NEUF,1H-2H,0.0,2825.5792349726776,0.0
1090,1090,VILLEPARISIS-MITRY-LE-NEUF,20H-21H,0.95,2825.5792349726776,2684.3002732240434
1091,1091,VILLEPARISIS-MITRY-LE-NEUF,21H-22H,0.46,2825.5792349726776,1299.7664480874314
1092,1092,VILLEPARISIS-MITRY-LE-NEUF,22H-23H,0.24,2825.5792349726776,678.1390163934426
1093,1093,VILLEPARISIS-MITRY-LE-NEUF,23H-0H,0.11,2825.5792349726776,310.8137158469945
1094,1094,VILLEPARISIS-MITRY-LE-NEUF,2H-3H,0.22,2825.5792349726776,621.627431693989
1095,1095,VILLEPARISIS-MITRY-LE-NEUF,3H-4H,1.23,2825.5792349726776,3475.462459016393
1096,1096,VILLEPARISIS-MITRY-LE-NEUF,4H-5H,6.79,2825.5792349726776,19185.68300546448
1097,1097,VILLEPARISIS-MITRY-LE-NEUF,5H-6H,14.96,2825.5792349726776,42270.66535519127
1098,1098,VILLEPARISIS-MITRY-LE-NEUF,6H-7H,15.39,2825.5792349726776,43485.66442622951
1099,1099,VILLEPARISIS-MITRY-LE-NEUF,7H-8H,14.4,2825.5792349726776,40688.340983606555
1100,1100,VILLEPARISIS-MITRY-LE-NEUF,8H-9H,9.87,2825.5792349726776,27888.467049180326
1101,1101,VILLEPARISIS-MITRY-LE-NEUF,9H-10H,5.23,2825.5792349726776,14777.779398907105
1102,1102,VILLEPINTE,0H-1H,0.02,2540.7845303867402,50.815690607734815
1103,1103,VILLEPINTE,10H-11H,3.63,2540.7845303867402,9223.047845303869
1104,1104,VILLEPINTE,11H-12H,2.97,2540.7845303867402,7546.130055248619
1105,1105,VILLEPINTE,12H-13H,3.43,2540.7845303867402,8714.89093922652
1106,1106,VILLEPINTE,13H-14H,3.21,2540.7845303867402,8155.918342541436
1107,1107,VILLEPINTE,14H-15H,3.94,2540.7845303867402,10010.691049723757
1108,1108,VILLEPINTE,15H-16H,4.21,2540.7845303867402,10696.702872928176
1109,1109,VILLEPINTE,16H-17H,3.73,2540.7845303867402,9477.12629834254
1110,1110,VILLEPINTE,17H-18H,3.51,2540.7845303867402,8918.153701657458
1111,1111,VILLEPINTE,18H-19H,2.39,2540.7845303867402,6072.475027624309
1112,1112,VILLEPINTE,19H-20H,1.58,2540.7845303867402,4014.43955801105
1113,1113,VILLEPINTE,1H-2H,0.0,2540.7845303867402,0.0
1114,1114,VILLEPINTE,20H-21H,1.03,2540.7845303867402,2617.008066298343
1115,1115,VILLEPINTE,21H-22H,0.63,2540.7845303867402,1600.6942541436465
1116,1116,VILLEPINTE,22H-23H,0.35,2540.7845303867402,889.274585635359
1117,1117,VILLEPINTE,23H-0H,0.16,2540.7845303867402,406.5255248618785
1118,1118,VILLEPINTE,2H-3H,0.9,2540.7845303867402,2286.706077348066
1119,1119,VILLEPINTE,3H-4H,2.5,2540.7845303867402,6351.96132596685
1120,1120,VILLEPINTE,4H-5H,6.48,2540.7845303867402,16464.283756906083
1121,1121,VILLEPINTE,5H-6H,13.08,2540.7845303867402,33233.46165745857
1122,1122,VILLEPINTE,6H-7H,13.34,2540.7845303867402,33894.06563535911
1123,1123,VILLEPINTE,7H-8H,13.68,2540.7845303867402,34757.93237569061
1124,1124,VILLEPINTE,8H-9H,10.55,2540.7845303867402,26805.276795580106
1125,1125,VILLEPINTE,9H-10H,4.7,2540.7845303867402,11941.68729281768
