Unnamed: 0.1,Unnamed: 0.1.1,insee,TauxProprietaires,TauxChomage,NiveauVieMedian,densitehabkm2,dipl_su_tx,no2,o3,pm10,Tour1Candidat1,tp,medianendv,nb_redevables,patrimoineeuro,impotmoyeneuro,prixm2,candidat_last_name,candidat_couleur,nom,year,population,pct_ch,steps
0,0,78561,77.11,3.91,36311.0,66.26,0.57,16.34,32.08,24.54,François FILLON,,36311.47,,,,2113.0,FILLON,#2166ac,Saint-Lambert,1962,224.0,1.1666666666666667,2
1,9,91338,70.49,6.92,28123.0,459.76,0.41,15.59,33.15,24.57,Emmanuel MACRON,5.0,28122.78,,,,2881.0,MACRON,#f0a399,Limours,1962,1965.0,1.1613475177304964,2
2,18,91122,71.18,8.05,31769.0,2145.45,0.64,19.35,32.72,25.99,Emmanuel MACRON,5.0,31768.89,,,,3848.0,MACRON,#f0a399,Bures-sur-Yvette,1962,3682.0,1.9207094418362023,2
3,27,78343,78.39,6.29,37659.0,620.88,0.63,21.62,30.88,26.07,François FILLON,,37659.33,,,,4044.0,FILLON,#2166ac,Les Loges-en-Josas,1962,596.0,1.2521008403361344,2
4,36,91679,74.4,7.32,31538.0,201.8,0.54,19.32,31.87,25.61,Emmanuel MACRON,,31538.4,,,,3673.0,MACRON,#f0a399,Villiers-le-Bâcle,1962,238.0,1.0967741935483872,2
5,45,78620,70.92,6.7,32816.0,249.63,0.62,20.01,31.45,25.85,Emmanuel MACRON,,32816.4,,,,3914.0,MACRON,#f0a399,Toussus-le-Noble,1962,208.0,1.3164556962025316,2
6,54,78143,84.56,6.79,34954.0,287.02,0.67,19.17,31.89,25.58,Emmanuel MACRON,,34953.67,,,,3631.0,MACRON,#f0a399,Châteaufort,1962,717.0,1.24263431542461,2
7,63,91275,71.14,6.85,29234.0,523.35,0.51,17.61,32.84,25.3,Emmanuel MACRON,,29234.0,,,,3365.0,MACRON,#f0a399,Gometz-le-Châtel,1962,762.0,1.6387096774193548,2
8,72,78322,61.43,9.02,33588.0,801.07,0.62,22.8,31.16,26.71,Emmanuel MACRON,7.0,33588.33,,,,4420.0,MACRON,#f0a399,Jouy-en-Josas,1962,4143.0,1.6323877068557922,2
9,81,78117,66.54,7.03,33116.0,651.55,0.63,22.85,30.94,26.6,Emmanuel MACRON,,33115.71,,,,4426.0,MACRON,#f0a399,Buc,1962,1965.0,1.789617486338798,2
10,90,78297,39.1,10.18,23318.0,2130.09,0.46,21.25,31.16,26.45,Emmanuel MACRON,10.0,23318.1,,,,3529.0,MACRON,#f0a399,Guyancourt,1962,1243.0,1.4521028037383177,2
11,99,91471,59.55,8.28,30417.0,2126.07,0.61,20.58,32.2,26.47,Emmanuel MACRON,6.0,30417.2,,,,3805.0,MACRON,#f0a399,Orsay,1962,9344.0,1.8017740069417665,2
12,108,78356,60.66,9.44,26286.0,545.89,0.44,18.91,32.13,25.59,Emmanuel MACRON,6.0,26285.71,,,,3197.0,MACRON,#f0a399,Magny-les-Hameaux,1962,1021.0,1.4775687409551377,2
13,117,91274,75.76,6.9,31081.0,143.29,0.53,16.91,33.02,25.02,Emmanuel MACRON,,31081.43,,,,3326.0,MACRON,#f0a399,Gometz-la-Ville,1962,376.0,1.5284552845528456,2
14,126,91272,67.46,7.86,33295.0,1732.94,0.64,19.4,32.89,25.86,Emmanuel MACRON,5.0,33294.5,95.0,2030688.71,7282.48,3484.0,MACRON,#f0a399,Gif-sur-Yvette,1962,4058.0,2.4608853850818684,2
15,135,78575,72.87,8.58,32875.0,794.52,0.58,17.6,32.64,25.01,Emmanuel MACRON,5.0,32875.0,,,,3764.0,MACRON,#f0a399,Saint-Rémy-lès-Chevreuse,1962,3082.0,1.6952695269526952,2
16,144,91319,81.3,6.52,28821.0,70.06,0.38,17.84,32.8,25.49,François FILLON,,28820.95,,,,2332.0,FILLON,#2166ac,Janvry,1962,327.0,1.1554770318021201,2
17,153,91560,70.44,4.61,27206.0,69.58,0.41,19.18,32.66,26.01,Emmanuel MACRON,,27206.19,,,,2146.0,MACRON,#f0a399,Saint-Jean-de-Beauregard,1962,206.0,1.08994708994709,2
18,162,91111,76.6,6.59,28084.0,312.25,0.43,16.81,33.05,25.05,Emmanuel MACRON,,28084.29,,,,2714.0,MACRON,#f0a399,Briis-sous-Forges,1962,1007.0,1.0622362869198312,2
19,171,91249,79.26,6.97,27584.0,255.49,0.44,15.32,33.12,24.52,Emmanuel MACRON,,27583.91,,,,2659.0,MACRON,#f0a399,Forges-les-Bains,1962,920.0,0.9108910891089108,2
20,180,78545,40.15,9.64,23878.0,3454.99,0.46,21.96,30.27,26.77,Emmanuel MACRON,10.0,23877.5,,,,3723.0,MACRON,#f0a399,Saint-Cyr-l'École,1962,9309.0,2.0928507194244603,2
21,189,91534,71.52,5.05,32046.0,250.84,0.53,21.67,31.9,26.49,Emmanuel MACRON,,32045.71,,,,4130.0,MACRON,#f0a399,Saclay,1962,1666.0,2.700162074554295,2
22,198,78160,64.45,6.53,30295.0,426.75,0.54,16.57,32.6,24.69,François FILLON,6.0,30294.62,,,,3240.0,FILLON,#2166ac,Chevreuse,1962,2744.0,1.2980132450331126,2
23,207,91538,73.94,7.45,36170.0,195.77,0.7,18.93,32.02,25.52,Emmanuel MACRON,,36169.5,,,,3710.0,MACRON,#f0a399,Saint-Aubin,1962,117.0,1.054054054054054,2
24,216,78688,70.98,6.54,33333.0,3204.13,0.63,18.61,31.3,25.4,Emmanuel MACRON,5.0,33332.67,,,,4103.0,MACRON,#f0a399,Voisins-le-Bretonneux,1962,594.0,1.2829373650107991,2
25,225,91411,83.5,5.35,32523.0,279.57,0.52,15.39,32.87,24.37,Emmanuel MACRON,,32522.5,,,,3312.0,MACRON,#f0a399,Les Molières,1962,542.0,1.3091787439613527,2
26,234,91482,82.14,3.56,28278.0,83.58,0.39,13.93,32.98,24.01,Emmanuel MACRON,,28277.62,,,,2923.0,MACRON,#f0a399,Pecqueuse,1962,216.0,1.2272727272727273,2
27,243,78162,81.46,12.15,32643.0,59.71,0.53,14.27,32.84,23.97,François FILLON,,32642.67,,,,1767.0,FILLON,#2166ac,Choisel,1962,393.0,1.3789473684210527,2
28,252,78406,87.25,9.82,39244.0,95.47,0.58,16.9,31.99,24.69,François FILLON,,39244.0,,,,2263.0,FILLON,#2166ac,Milon-la-Chapelle,1962,282.0,1.558011049723757,2
29,261,91093,92.64,4.76,34924.0,131.15,0.61,14.98,32.77,24.23,François FILLON,,34924.35,,,,2149.0,FILLON,#2166ac,Boullay-les-Troux,1962,206.0,1.2189349112426036,2
30,270,91634,75.98,5.38,26944.0,209.09,0.42,15.05,32.84,24.29,Emmanuel MACRON,,26943.94,,,,1689.0,MACRON,#f0a399,Vaugrigneuse,1962,281.0,1.0035714285714286,2
31,279,78548,79.08,4.72,35335.0,76.91,0.57,15.09,32.33,24.1,François FILLON,,35334.8,,,,2648.0,FILLON,#2166ac,Saint-Forget,1962,273.0,1.2297297297297298,2
32,288,91312,69.81,6.97,29272.0,2711.86,0.49,22.38,31.28,26.96,Emmanuel MACRON,6.0,29272.0,,,,4236.0,MACRON,#f0a399,Igny,1962,5514.0,1.4862533692722373,2
33,297,91666,73.37,7.49,26378.0,419.37,0.35,21.08,32.24,26.72,Emmanuel MACRON,,26378.0,,,,2719.0,MACRON,#f0a399,Villejust,1962,716.0,1.3795761078998072,2
34,306,91635,82.55,7.8,34940.0,593.07,0.54,21.59,31.54,26.58,Emmanuel MACRON,,34940.0,,,,4511.0,MACRON,#f0a399,Vauhallan,1962,1085.0,1.9908256880733943,2
35,315,91186,82.46,7.4,29354.0,158.99,0.48,15.69,32.82,24.46,Emmanuel MACRON,,29354.4,,,,2718.0,MACRON,#f0a399,Courson-Monteloup,1962,145.0,1.1328125,2
36,324,91243,80.16,7.25,27441.0,191.94,0.41,17.95,32.89,25.38,Emmanuel MACRON,,27440.5,,,,2796.0,MACRON,#f0a399,Fontenay-lès-Briis,1962,847.0,0.75625,2
37,333,91477,51.72,8.48,26366.0,2591.11,0.52,22.66,31.85,27.51,Emmanuel MACRON,8.0,26365.56,,,,3489.0,MACRON,#f0a399,Palaiseau,1962,16326.0,2.0351533283470458,2
38,342,91363,71.5,8.51,27095.0,476.84,0.39,20.09,32.64,26.29,Emmanuel MACRON,6.0,27095.38,,,,2924.0,MACRON,#f0a399,Marcoussis,1962,2187.0,1.2715116279069767,2
39,351,78640,39.54,7.52,26540.0,2308.92,0.42,23.95,30.41,27.47,Emmanuel MACRON,6.0,26539.52,,,,4281.0,MACRON,#f0a399,Vélizy-Villacoublay,1962,6402.0,1.6967930029154519,2
40,360,91064,66.79,8.35,32078.0,460.47,0.56,23.49,31.22,27.33,François FILLON,5.0,32078.33,,,,3951.0,FILLON,#2166ac,Bièvres,1962,2712.0,1.751937984496124,2
41,369,91661,60.98,7.5,27629.0,1300.67,0.49,22.46,31.93,27.43,Emmanuel MACRON,6.0,27629.0,,,,3348.0,MACRON,#f0a399,Villebon-sur-Yvette,1962,3033.0,1.6306451612903226,2
42,378,91458,75.71,6.61,27933.0,641.73,0.43,21.18,32.31,26.73,Emmanuel MACRON,5.0,27933.2,,,,3254.0,MACRON,#f0a399,Nozay,1962,467.0,1.6385964912280702,2
43,387,91216,68.23,10.37,26763.0,2357.4,0.39,23.95,31.69,28.28,Emmanuel MACRON,7.0,26763.0,,,,3371.0,MACRON,#f0a399,Épinay-sur-Orge,1962,6103.0,1.6725130172650042,2
44,396,91667,77.62,8.87,28717.0,2994.42,0.45,23.35,31.63,27.76,Emmanuel MACRON,5.0,28717.14,,,,3297.0,MACRON,#f0a399,Villemoisson-sur-Orge,1962,2767.0,1.4647961884595024,2
45,405,91432,68.18,10.28,24277.0,2617.88,0.31,25.72,30.92,29.86,Emmanuel MACRON,9.0,24277.0,,,,3257.0,MACRON,#f0a399,Morangis,1962,5220.0,2.116788321167883,2
46,414,91161,60.27,10.9,21713.0,3340.96,0.32,25.32,31.0,29.52,Emmanuel MACRON,14.0,21712.67,,,,2586.0,MACRON,#f0a399,Chilly-Mazarin,1962,3411.0,2.0100176782557453,2
47,423,91345,52.19,12.29,21876.0,4425.93,0.33,24.3,31.28,28.56,Emmanuel MACRON,14.0,21876.0,,,,2812.0,MACRON,#f0a399,Longjumeau,1962,5522.0,1.8345514950166115,2
48,432,92022,53.35,7.85,29561.0,5280.67,0.57,24.05,29.78,27.52,Emmanuel MACRON,8.0,29560.8,100.0,1874160.01,6049.44,5064.0,MACRON,#f0a399,Chaville,1962,16787.0,1.2692424013307122,2
49,441,92048,52.86,9.88,28076.0,4523.62,0.52,25.09,30.07,28.79,Emmanuel MACRON,9.0,28076.0,368.0,2047998.73,6815.59,4989.0,MACRON,#f0a399,Meudon,1962,34878.0,1.677068808001154,2
50,450,91689,66.28,7.95,27131.0,668.09,0.41,26.84,30.76,30.49,Emmanuel MACRON,5.0,27131.11,,,,4002.0,MACRON,#f0a399,Wissous,1962,3477.0,2.310299003322259,2
51,459,94034,52.94,10.04,22226.0,7407.58,0.36,27.38,30.4,30.89,Emmanuel MACRON,13.0,22226.09,,,,3135.0,MACRON,#f0a399,Fresnes,1962,21527.0,2.464735516372796,2
52,468,91377,40.69,11.15,22511.0,4570.24,0.47,25.02,31.38,29.21,Emmanuel MACRON,15.0,22511.0,,,,3379.0,MACRON,#f0a399,Massy,1962,19137.0,4.569484240687679,2
53,477,92002,58.9,9.39,29100.0,6486.61,0.56,26.39,30.9,29.96,Emmanuel MACRON,8.0,29099.52,229.0,1983851.72,7066.11,4812.0,MACRON,#f0a399,Antony,1962,46483.0,2.189186643432393,2
54,486,91136,69.99,9.08,23459.0,699.73,0.26,23.64,31.22,28.21,Jean-Luc MELENCHON,10.0,23459.18,,,,3383.0,MÃ‰LENCHON,#b2182b,Champlan,1962,1607.0,1.6431492842535786,2
55,495,91645,69.69,7.29,33933.0,1554.95,0.58,24.12,31.16,28.16,Emmanuel MACRON,5.0,33933.4,,,,4371.0,MACRON,#f0a399,Verrières-le-Buisson,1962,7063.0,2.0099601593625502,2
56,504,92014,50.31,9.75,31039.0,10743.01,0.64,26.94,30.13,30.52,Emmanuel MACRON,9.0,31038.67,149.0,2184139.88,8601.64,5057.0,MACRON,#f0a399,Bourg-la-Reine,1962,17694.0,1.727254978524014,2
57,513,92060,43.95,7.89,27545.0,8244.28,0.49,24.74,30.43,28.56,Emmanuel MACRON,6.0,27545.28,69.0,2007167.29,6522.45,4976.0,MACRON,#f0a399,Le Plessis-Robinson,1962,18449.0,1.823384067997628,2
58,522,92071,48.93,8.93,33503.0,5536.11,0.66,26.27,30.55,29.91,Emmanuel MACRON,6.0,33503.0,,,,5717.0,MACRON,#f0a399,Sceaux,1962,19024.0,2.2518939393939394,2
59,531,92019,41.54,11.77,24150.0,5028.68,0.47,25.01,30.82,28.75,Emmanuel MACRON,12.0,24150.0,95.0,2098436.32,8312.55,4319.0,MACRON,#f0a399,Châtenay-Malabry,1962,24756.0,2.6970258198060795,2
60,540,91425,60.7,7.84,24892.0,2114.16,0.37,20.82,32.22,26.38,François FILLON,8.0,24892.0,,,,2845.0,FILLON,#2166ac,Montlhéry,1962,3003.0,1.1213592233009708,2
61,549,91347,82.15,7.66,26904.0,1277.32,0.39,21.47,32.17,26.71,Emmanuel MACRON,10.0,26903.5,,,,2992.0,MACRON,#f0a399,Longpont-sur-Orge,1962,1294.0,1.3217568947906029,2
62,558,91685,69.19,9.28,26228.0,2170.95,0.41,22.03,31.95,27.02,Emmanuel MACRON,5.0,26228.1,,,,3173.0,MACRON,#f0a399,Villiers-sur-Orge,1962,754.0,1.4093457943925234,2
63,567,92023,50.45,10.85,26163.0,6019.52,0.47,25.56,30.41,29.38,Emmanuel MACRON,12.0,26162.67,238.0,2025761.19,6803.98,5229.0,MACRON,#f0a399,Clamart,1962,47991.0,1.4191383032202738,2
64,576,92020,46.37,9.32,27542.0,11401.02,0.53,26.42,29.87,30.17,Emmanuel MACRON,9.0,27542.4,75.0,2089412.92,7767.56,5311.0,MACRON,#f0a399,Châtillon,1962,20934.0,1.7933693138010791,2
65,585,92032,42.56,10.92,24923.0,9204.74,0.5,25.65,30.32,29.32,Emmanuel MACRON,11.0,24922.81,67.0,1964281.04,6220.57,4564.0,MACRON,#f0a399,Fontenay-aux-Roses,1962,20237.0,2.7145539906103284,2
66,594,91339,73.79,8.78,24779.0,857.76,0.29,20.37,32.43,26.14,Marine LE PEN,10.0,24779.05,,,,2858.0,LE,#053061,Linas,1962,1833.0,1.5481418918918919,2
67,603,91665,72.86,9.37,25432.0,2005.07,0.33,21.16,32.11,26.65,Emmanuel MACRON,7.0,25431.54,,,,3167.0,MACRON,#f0a399,La Ville-du-Bois,1962,2052.0,1.7243697478991598,2
68,612,91333,81.4,9.34,25615.0,1637.6,0.35,19.68,32.23,25.82,Emmanuel MACRON,8.0,25615.33,,,,2903.0,MACRON,#f0a399,Leuville-sur-Orge,1962,1198.0,1.4574209245742094,2
69,621,91044,73.41,7.9,26944.0,944.75,0.41,22.87,31.85,27.6,Emmanuel MACRON,7.0,26943.89,,,,3576.0,MACRON,#f0a399,Ballainvilliers,1962,890.0,1.3088235294117647,2
70,630,91587,71.32,8.67,25192.0,656.09,0.36,23.21,31.82,27.9,Emmanuel MACRON,6.0,25192.4,,,,3011.0,MACRON,#f0a399,Saulx-les-Chartreux,1962,1693.0,1.4445392491467577,2
71,639,78686,63.38,6.7,33254.0,4492.29,0.65,23.78,29.87,27.13,Emmanuel MACRON,5.0,33253.75,,,,5085.0,MACRON,#f0a399,Viroflay,1962,16004.0,1.305170445278095,2
72,648,91589,64.54,11.61,24013.0,5297.0,0.36,25.13,31.21,29.35,Emmanuel MACRON,12.0,24012.67,,,,3236.0,MACRON,#f0a399,Savigny-sur-Orge,1962,24219.0,1.6755915317559154,2
73,657,91479,62.34,10.38,23994.0,1183.33,0.25,27.16,30.78,30.81,Marine LE PEN,9.0,23994.0,,,,3826.0,LE,#053061,Paray-Vieille-Poste,1962,6202.0,1.4728093089527428,2
74,666,94016,39.16,13.51,23126.0,10217.27,0.48,28.31,30.09,31.63,Emmanuel MACRON,15.0,23125.64,,,,4543.0,MACRON,#f0a399,Cachan,1962,23282.0,1.5364614267801755,2
75,675,92040,39.6,8.48,30422.0,15370.82,0.61,26.03,29.28,29.91,Emmanuel MACRON,8.0,30422.0,307.0,1989043.77,6380.88,6729.0,MACRON,#f0a399,Issy-les-Moulineaux,1962,51776.0,1.2197224905180335,2
76,684,94065,65.44,7.38,28743.0,1352.62,0.43,27.68,30.35,31.13,Emmanuel MACRON,5.0,28742.67,,,,4112.0,MACRON,#f0a399,Rungis,1962,1851.0,3.3654545454545453,2
77,693,92007,24.1,16.41,18738.0,9091.39,0.34,27.85,30.21,31.3,Jean-Luc MELENCHON,21.0,18738.33,,,,4425.0,MÃ‰LENCHON,#b2182b,Bagneux,1962,38044.0,3.0618913480885315,2
78,702,92049,40.81,9.82,27477.0,23531.4,0.57,28.27,29.03,31.68,Emmanuel MACRON,11.0,27477.33,158.0,2220990.13,9363.35,6117.0,MACRON,#f0a399,Montrouge,1962,45260.0,1.3030084928746222,2
79,711,92075,43.69,9.91,27857.0,17321.79,0.56,27.38,28.74,30.96,Emmanuel MACRON,9.0,27857.0,140.0,2042435.27,7333.36,5837.0,MACRON,#f0a399,Vanves,1962,25585.0,1.2373053486797565,2
80,720,92046,27.72,12.24,23087.0,14863.77,0.44,26.8,29.15,30.57,Jean-Luc MELENCHON,13.0,23087.22,61.0,2216358.56,7814.26,5652.0,MÃ‰LENCHON,#b2182b,Malakoff,1962,33603.0,1.2237517753741942,2
81,729,91326,45.03,11.87,22478.0,6692.38,0.42,25.02,30.87,29.32,Emmanuel MACRON,14.0,22477.78,,,,3184.0,MACRON,#f0a399,Juvisy-sur-Orge,1962,11902.0,1.5253107779059336,2
82,738,94021,41.52,10.38,20925.0,4391.47,0.33,28.66,30.42,31.64,Jean-Luc MELENCHON,16.0,20925.2,,,,3344.0,MÃ‰LENCHON,#b2182b,Chevilly-Larue,1962,11458.0,3.693745970341715,2
83,747,94076,38.88,14.89,19468.0,10571.46,0.36,29.95,29.96,32.73,Jean-Luc MELENCHON,21.0,19468.46,,,,4323.0,MÃ‰LENCHON,#b2182b,Villejuif,1962,46116.0,1.8185259671122682,2
84,756,94073,52.08,12.25,22431.0,4538.66,0.35,29.06,30.45,31.95,Emmanuel MACRON,15.0,22431.25,,,,3427.0,MACRON,#f0a399,Thiais,1962,15116.0,1.8102994011976048,2
85,765,91027,44.38,9.38,20835.0,3460.67,0.3,25.75,30.82,30.13,Jean-Luc MELENCHON,16.0,20835.33,,,,3139.0,MÃ‰LENCHON,#b2182b,Athis-Mons,1962,24004.0,2.852864273829332,2
86,774,92012,43.74,9.83,31777.0,18897.56,0.64,26.94,29.0,30.49,François FILLON,9.0,31777.33,1661.0,2188566.26,8092.76,7360.0,FILLON,#2166ac,Boulogne-Billancourt,1962,106641.0,1.3429165092557611,2
87,783,94037,22.72,15.23,19914.0,14437.61,0.38,29.39,28.74,32.6,Jean-Luc MELENCHON,20.0,19913.81,,,,5040.0,MÃ‰LENCHON,#b2182b,Gentilly,1962,19211.0,1.1538831161030692,2
88,792,94003,30.19,14.17,21500.0,8626.61,0.41,28.51,29.08,31.91,Jean-Luc MELENCHON,17.0,21500.43,,,,4611.0,MÃ‰LENCHON,#b2182b,Arcueil,1962,20224.0,1.2376988984088126,2
89,801,94043,27.08,14.15,21805.0,16750.64,0.45,29.93,29.0,32.9,Emmanuel MACRON,17.0,21805.0,,,,4983.0,MACRON,#f0a399,Le Kremlin-Bicêtre,1962,18834.0,1.3384025014212622,2
90,810,94038,47.44,12.35,22273.0,7839.49,0.39,28.91,30.45,31.84,Emmanuel MACRON,16.0,22273.41,52.0,2036460.38,7612.44,3888.0,MACRON,#f0a399,L'Haÿ-les-Roses,1962,17968.0,2.241516966067864,2
91,819,94081,36.93,17.54,17943.0,7407.8,0.29,31.28,30.2,33.2,Jean-Luc MELENCHON,24.0,17943.33,,,,3704.0,MÃ‰LENCHON,#b2182b,Vitry-sur-Seine,1962,64409.0,1.4619138408461574,2
92,828,94041,28.65,16.41,17663.0,9491.84,0.37,31.81,28.97,33.67,Jean-Luc MELENCHON,28.0,17662.86,,,,4310.0,MÃ‰LENCHON,#b2182b,Ivry-sur-Seine,1962,54731.0,1.2894569442808341,2
93,837,75103,33.71,10.7,31333.0,,0.7,31.66,27.51,33.52,Emmanuel MACRON,13.0,31333.0,681.0,2524440.65,11379.88,,MACRON,#f0a399,3e Ardt,1962,62680.0,0.9733977295668784,2
94,846,75101,33.51,10.89,32697.0,,0.65,31.37,27.52,33.06,Emmanuel MACRON,11.0,32697.33,482.0,2692822.67,12570.36,,MACRON,#f0a399,1er Ardt,1962,36543.0,1.0017818959372773,2
95,855,75114,31.36,11.8,27288.0,,0.62,30.46,28.75,32.78,Emmanuel MACRON,13.0,27287.6,1655.0,2294996.97,9172.51,,MACRON,#f0a399,14e Ardt,1962,178149.0,1.0146257282963418,2
96,864,75107,38.16,9.56,42466.0,,0.72,32.52,27.81,33.1,François FILLON,8.0,42465.56,3913.0,3086755.64,15497.69,,FILLON,#2166ac,7e Ardt,1962,99584.0,0.9709923068672668,2
97,873,75113,26.97,12.86,23751.0,,0.54,31.79,28.48,33.84,Emmanuel MACRON,17.0,23750.68,887.0,2136714.69,8131.57,,MACRON,#f0a399,13e Ardt,1962,166709.0,1.0437447565144438,2
98,882,75102,34.34,10.78,30567.0,,0.69,32.41,27.51,33.54,Emmanuel MACRON,14.0,30566.5,270.0,2225963.43,8608.2,,MACRON,#f0a399,2e Ardt,1962,40864.0,0.9866003524952316,2
99,891,75105,34.25,9.74,33169.0,,0.73,31.12,27.98,33.18,Emmanuel MACRON,10.0,33169.33,1550.0,2315261.59,9055.89,,MACRON,#f0a399,5e Ardt,1962,96031.0,0.9359016840792141,2
100,900,75106,39.67,10.14,39063.0,,0.73,30.86,27.93,32.9,François FILLON,9.0,39062.67,2588.0,2763411.19,12679.54,,FILLON,#2166ac,6e Ardt,1962,80262.0,0.9559210604671106,2
101,909,75115,31.39,9.91,30448.0,,0.66,30.95,28.59,32.48,Emmanuel MACRON,12.0,30448.0,2948.0,2189492.23,8301.93,,MACRON,#f0a399,15e Ardt,1962,250551.0,1.0227364571130009,2
102,918,75109,38.42,9.92,33258.0,,0.71,32.3,27.51,33.19,Emmanuel MACRON,12.0,33258.0,1045.0,2203110.76,8352.6,,MACRON,#f0a399,9e Ardt,1962,94094.0,0.973392919951172,2
103,927,75104,33.98,10.56,31007.0,,0.7,31.92,27.82,33.65,Emmanuel MACRON,12.0,31007.22,811.0,2696138.07,12966.64,,MACRON,#f0a399,4e Ardt,1962,61670.0,1.02643054492194,2
104,936,75108,36.4,9.08,40540.0,,0.69,32.87,27.62,33.42,François FILLON,9.0,40540.0,1969.0,2800935.38,13268.62,,FILLON,#2166ac,8e Ardt,1962,74577.0,1.0295287004058644,2
105,945,94018,38.73,10.62,27571.0,16066.3,0.52,31.46,28.38,33.2,Emmanuel MACRON,10.0,27570.95,189.0,2152216.3,8019.75,6347.0,MACRON,#f0a399,Charenton-le-Pont,1962,22530.0,1.0500069907256373,2
106,954,75111,34.57,11.96,26810.0,,0.63,32.9,27.86,33.95,Emmanuel MACRON,15.0,26810.33,985.0,2121354.34,7816.46,,MACRON,#f0a399,11e Ardt,1962,193349.0,1.0254684508371918,2
107,963,75110,35.95,12.14,25618.0,,0.62,32.99,27.89,33.82,Emmanuel MACRON,18.0,25618.0,482.0,2171289.52,8380.5,,MACRON,#f0a399,10e Ardt,1962,124497.0,1.0045022147992158,2
108,972,91434,65.27,12.91,23062.0,4804.34,0.31,23.72,31.4,27.93,Jean-Luc MELENCHON,12.0,23062.0,,,,3059.0,MÃ‰LENCHON,#b2182b,Morsang-sur-Orge,1962,8604.0,2.382719468291332,2
109,981,75116,44.82,10.23,38387.0,,0.67,32.96,28.8,33.1,François FILLON,11.0,38387.0,8502.0,2730206.16,12280.63,,FILLON,#2166ac,16e Ardt,1962,227418.0,1.1501325025792486,2
110,990,92072,53.27,10.61,30755.0,5923.16,0.58,25.05,29.61,28.73,Emmanuel MACRON,8.0,30755.0,247.0,2030028.0,6888.88,5408.0,MACRON,#f0a399,Sèvres,1962,20129.0,1.3206272142763418,2
111,999,92044,36.66,10.04,30931.0,26706.2,0.59,31.84,27.79,32.87,François FILLON,9.0,30930.67,546.0,2236646.47,8473.02,7818.0,FILLON,#2166ac,Levallois-Perret,1962,61804.0,1.0019941310938538,2
112,1008,92051,49.76,9.44,43849.0,16612.1,0.67,31.69,28.04,32.79,François FILLON,8.0,43848.67,3387.0,2835535.11,13717.34,8590.0,FILLON,#2166ac,Neuilly-sur-Seine,1962,72773.0,1.2094163398258326,2
113,1017,92064,51.31,8.72,36616.0,3882.18,0.65,25.92,29.64,29.55,François FILLON,6.0,36616.0,585.0,2349573.25,8917.9,6153.0,FILLON,#2166ac,Saint-Cloud,1962,26472.0,1.5028954240944703,2
114,1026,75117,35.12,11.52,30282.0,,0.63,33.29,28.12,33.56,François FILLON,14.0,30281.5,3419.0,2395147.95,9581.78,,FILLON,#2166ac,17e Ardt,1962,227687.0,1.0428046038078052,2
115,1035,93061,25.6,17.8,19257.0,25821.43,0.35,32.25,28.41,32.48,Jean-Luc MELENCHON,22.0,19256.5,,,,5059.0,MÃ‰LENCHON,#b2182b,Le Pré-Saint-Gervais,1962,15258.0,1.0385950581988972,2
116,1044,93070,22.63,17.61,17329.0,11190.4,0.35,32.97,28.77,33.17,Jean-Luc MELENCHON,28.0,17328.67,,,,4717.0,MÃ‰LENCHON,#b2182b,Saint-Ouen-sur-Seine,1962,51956.0,1.1427691630924888,2
117,1053,94067,46.75,9.58,32075.0,24768.89,0.59,31.4,28.12,32.8,François FILLON,9.0,32074.67,409.0,2414991.85,10187.04,7228.0,FILLON,#2166ac,Saint-Mandé,1962,24325.0,1.0548111530289233,2
118,1062,92024,29.23,14.41,18789.0,19304.55,0.44,31.77,28.26,32.56,Emmanuel MACRON,24.0,18788.67,52.0,2064632.42,7864.81,5426.0,MACRON,#f0a399,Clichy,1962,56316.0,1.06198495163024,2
119,1071,94002,30.09,15.5,19695.0,12073.17,0.37,30.85,29.55,32.93,Jean-Luc MELENCHON,22.0,19694.5,,,,4362.0,MÃ‰LENCHON,#b2182b,Alfortville,1962,32332.0,1.157193987115247,2
120,1080,94022,41.41,15.45,19105.0,7644.18,0.34,28.87,30.18,32.01,Jean-Luc MELENCHON,22.0,19105.29,,,,3362.0,MÃ‰LENCHON,#b2182b,Choisy-le-Roi,1962,41522.0,1.519116086781546,2
121,1089,75120,27.55,15.0,21017.0,,0.5,32.82,28.19,33.75,Jean-Luc MELENCHON,22.0,21017.33,447.0,2050430.74,7419.09,,MÃ‰LENCHON,#b2182b,20e Ardt,1962,199310.0,1.030526457297085,2
122,1098,75119,28.32,16.69,19611.0,,0.46,33.83,28.62,33.73,Jean-Luc MELENCHON,24.0,19610.67,445.0,2162784.69,7989.63,,MÃ‰LENCHON,#b2182b,19e Ardt,1962,159568.0,1.0687957561103036,2
123,1107,75118,33.53,13.35,21542.0,,0.55,33.68,28.25,33.89,Emmanuel MACRON,22.0,21541.74,720.0,2396046.87,9882.3,,MACRON,#f0a399,18e Ardt,1962,254974.0,0.9822218969216724,2
124,1116,92073,37.97,10.12,28371.0,12335.79,0.56,26.73,29.02,30.57,Emmanuel MACRON,10.0,28370.74,229.0,2024496.64,6801.53,6020.0,MACRON,#f0a399,Suresnes,1962,39100.0,1.214964887204027,2
125,1125,93013,40.61,18.9,16325.0,7342.16,0.23,30.06,30.1,30.9,Jean-Luc MELENCHON,31.0,16324.67,,,,3177.0,MÃ‰LENCHON,#b2182b,Le Bourget,1962,10106.0,1.3792821072744643,2
126,1134,93008,26.98,24.19,14452.0,7006.53,0.18,31.8,30.02,31.85,Jean-Luc MELENCHON,36.0,14451.63,,,,3066.0,MÃ‰LENCHON,#b2182b,Bobigny,1962,37010.0,2.23665921315042,2
127,1143,93029,45.39,20.04,16846.0,8553.92,0.18,31.1,30.15,31.51,Jean-Luc MELENCHON,29.0,16846.0,,,,3204.0,MÃ‰LENCHON,#b2182b,Drancy,1962,65890.0,1.5626334013185978,2
128,1152,93074,59.59,13.08,22389.0,1800.27,0.26,27.53,31.06,31.51,Marine LE PEN,12.0,22388.89,,,,3132.0,LE,#053061,Vaujours,1962,4536.0,1.4717715768981183,2
129,1161,77514,56.68,12.26,20835.0,2954.82,0.26,26.96,31.23,31.82,Jean-Luc MELENCHON,15.0,20835.33,,,,2968.0,MÃ‰LENCHON,#b2182b,Villeparisis,1962,10926.0,1.9475935828877005,2
130,1170,93053,35.94,19.28,16395.0,7982.54,0.26,30.91,29.77,31.8,Jean-Luc MELENCHON,30.0,16394.5,,,,3313.0,MÃ‰LENCHON,#b2182b,Noisy-le-Sec,1962,31187.0,1.9086291309669523,2
131,1179,93015,84.31,8.91,25472.0,1121.9,0.31,27.26,31.16,31.16,Marine LE PEN,5.0,25472.26,,,,2942.0,LE,#053061,Coubron,1962,1236.0,1.6702702702702703,2
132,1188,93047,62.15,14.65,18621.0,4790.22,0.22,27.62,31.19,31.2,Jean-Luc MELENCHON,25.0,18621.48,,,,3009.0,MÃ‰LENCHON,#b2182b,Montfermeil,1962,12019.0,2.1234982332155483,2
133,1197,77139,81.48,10.65,25339.0,1516.91,0.3,26.7,31.21,31.21,Emmanuel MACRON,7.0,25338.57,,,,2990.0,MACRON,#f0a399,Courtry,1962,1808.0,3.27536231884058,2
134,1206,93046,57.39,12.7,20447.0,5711.41,0.28,28.85,30.99,31.73,Emmanuel MACRON,17.0,20446.67,,,,2968.0,MACRON,#f0a399,Livry-Gargan,1962,29679.0,1.4339066576480817,2
135,1215,93073,57.98,15.65,20010.0,1525.1,0.23,28.89,31.34,32.34,Jean-Luc MELENCHON,17.0,20009.57,,,,2884.0,MÃ‰LENCHON,#b2182b,Tremblay-en-France,1962,13788.0,2.3731497418244407,2
136,1224,95277,42.58,17.35,17626.0,1306.21,0.21,28.9,31.65,31.58,Jean-Luc MELENCHON,24.0,17626.25,,,,2712.0,MÃ‰LENCHON,#b2182b,Gonesse,1962,8517.0,2.126060908637045,2
137,1233,93007,41.21,21.85,15804.0,6385.73,0.17,30.02,30.37,31.63,Jean-Luc MELENCHON,32.0,15803.75,,,,3138.0,MÃ‰LENCHON,#b2182b,Le Blanc-Mesnil,1962,35708.0,1.953712316025606,2
138,1242,95088,68.48,17.46,21597.0,149.58,0.24,28.45,30.94,30.8,Marine LE PEN,,21597.35,,,,3130.0,LE,#053061,Bonneuil-en-France,1962,654.0,2.0061349693251533,2
139,1251,95527,31.57,9.85,24477.0,201.9,0.28,27.22,31.15,31.22,Marine LE PEN,,24476.67,,,,3318.0,LE,#053061,Roissy-en-France,1962,1243.0,1.2696629213483146,2
140,1260,93030,14.25,21.12,15584.0,2779.12,0.18,29.59,30.5,30.82,Jean-Luc MELENCHON,33.0,15584.23,,,,2509.0,MÃ‰LENCHON,#b2182b,Dugny,1962,6185.0,4.446441409058232,2
141,1269,93078,57.65,20.61,17933.0,3440.5,0.21,28.9,30.98,31.87,Jean-Luc MELENCHON,22.0,17933.0,,,,2590.0,MÃ‰LENCHON,#b2182b,Villepinte,1962,7660.0,2.023778071334214,2
142,1278,95212,48.94,8.2,,28.57,0.27,24.32,31.43,30.34,Marine LE PEN,,,,,,,LE,#053061,Épiais-lès-Louvres,1962,101.0,0.9439252336448598,2
143,1287,94058,61.42,9.64,28317.0,8387.37,0.5,30.23,29.5,31.86,Emmanuel MACRON,9.0,28317.0,172.0,2015398.15,6368.53,4879.0,MACRON,#f0a399,Le Perreux-sur-Marne,1962,27900.0,1.2085246469721909,2
144,1296,93049,60.12,11.44,24036.0,6053.51,0.39,29.2,30.05,31.52,Emmanuel MACRON,13.0,24035.83,,,,3730.0,MACRON,#f0a399,Neuilly-Plaisance,1962,15526.0,1.311096098631988,2
145,1305,93033,75.61,7.26,27681.0,3883.23,0.44,27.88,30.64,31.19,François FILLON,7.0,27681.2,,,,3861.0,FILLON,#2166ac,Gournay-sur-Marne,1962,3218.0,2.2614195361911453,2
146,1314,93032,58.58,13.75,21113.0,5633.48,0.3,28.42,31.07,31.52,Emmanuel MACRON,17.0,21113.33,,,,3106.0,MACRON,#f0a399,Gagny,1962,29004.0,2.1058592899150512,2
147,1323,93064,46.47,13.96,19947.0,6968.58,0.31,30.05,30.08,31.78,Jean-Luc MELENCHON,20.0,19946.67,,,,3329.0,MÃ‰LENCHON,#b2182b,Rosny-sous-Bois,1962,21001.0,1.471688857743518,2
148,1332,93062,55.86,12.04,26564.0,6135.68,0.45,28.2,30.48,31.28,François FILLON,12.0,26563.74,,,,3821.0,FILLON,#2166ac,Le Raincy,1962,14908.0,1.20254900379124,2
149,1341,93077,51.71,12.13,21782.0,7021.78,0.34,29.05,30.51,31.69,Emmanuel MACRON,19.0,21782.22,52.0,2197709.6,8727.31,3388.0,MACRON,#f0a399,Villemomble,1962,24540.0,1.316452979990344,2
150,1350,93050,43.97,13.45,19199.0,4878.77,0.3,28.76,30.67,31.38,Jean-Luc MELENCHON,21.0,19199.21,,,,2975.0,MÃ‰LENCHON,#b2182b,Neuilly-sur-Marne,1962,15082.0,1.4307940423109762,2
151,1359,93010,42.74,22.51,15978.0,9680.84,0.21,29.76,30.09,31.49,Jean-Luc MELENCHON,31.0,15978.33,,,,2968.0,MÃ‰LENCHON,#b2182b,Bondy,1962,38039.0,1.9520192949145585,2
152,1368,93057,56.09,13.24,20357.0,7548.46,0.3,28.71,30.23,31.23,Emmanuel MACRON,20.0,20357.39,,,,3141.0,MACRON,#f0a399,Les Pavillons-sous-Bois,1962,19022.0,1.2603193533426091,2
153,1377,93063,34.86,19.42,17681.0,7394.78,0.27,31.34,29.29,31.97,Jean-Luc MELENCHON,26.0,17681.25,,,,4178.0,MÃ‰LENCHON,#b2182b,Romainville,1962,23494.0,1.3802138409117612,2
154,1386,93071,48.92,20.57,15784.0,6856.58,0.19,28.72,30.84,31.66,Jean-Luc MELENCHON,31.0,15783.6,,,,2597.0,MÃ‰LENCHON,#b2182b,Sevran,1962,17969.0,1.8170694711295377,2
155,1395,93005,48.15,19.56,17211.0,5069.97,0.23,29.96,30.86,32.02,Jean-Luc MELENCHON,27.0,17210.61,,,,3176.0,MÃ‰LENCHON,#b2182b,Aulnay-sous-Bois,1962,47507.0,1.4682593645691682,2
156,1404,95612,69.91,13.56,20863.0,1041.41,0.22,25.88,31.38,30.41,Marine LE PEN,15.0,20862.67,,,,2720.0,LE,#053061,Le Thillay,1962,2186.0,2.046816479400749,2
157,1413,95280,53.63,18.21,16800.0,2716.32,0.16,25.13,31.93,30.26,Jean-Luc MELENCHON,27.0,16800.0,,,,2873.0,MÃ‰LENCHON,#b2182b,Goussainville,1962,13109.0,1.9354791082238296,2
158,1422,95019,71.54,16.19,18983.0,4769.79,0.21,26.13,31.36,29.76,Jean-Luc MELENCHON,21.0,18983.33,,,,2925.0,MÃ‰LENCHON,#b2182b,Arnouville,1962,10227.0,1.560897435897436,2
159,1431,95351,61.7,11.77,21284.0,841.67,0.27,24.17,32.16,30.18,Jean-Luc MELENCHON,12.0,21283.85,,,,2833.0,MÃ‰LENCHON,#b2182b,Louvres,1962,2311.0,1.2011434511434511,2
160,1440,95154,65.14,7.23,23307.0,73.04,0.24,23.39,31.65,30.06,Marine LE PEN,,23306.67,,,,1818.0,LE,#053061,Chennevières-lès-Louvres,1962,172.0,1.1390728476821192,2
161,1449,95633,70.59,12.0,,790.0,0.1,25.88,31.38,30.41,Marine LE PEN,,,,,,,LE,#053061,Vaudherland,1962,102.0,1.7586206896551724,2
162,1458,95675,74.15,7.13,27120.0,147.81,0.28,23.22,32.24,29.96,Marine LE PEN,,27119.5,,,,3136.0,LE,#053061,Villeron,1962,263.0,1.0076628352490422,2
163,1467,95094,62.5,11.04,22422.0,119.43,0.18,23.66,31.85,29.33,Marine LE PEN,,22421.6,,,,2634.0,LE,#053061,Bouqueval,1962,148.0,0.9487179487179488,2
164,1476,93014,35.63,22.26,13204.0,7553.16,0.13,28.11,30.92,31.36,Jean-Luc MELENCHON,45.0,13204.0,,,,1636.0,MÃ‰LENCHON,#b2182b,Clichy-sous-Bois,1962,11606.0,3.2391850404688807,2
165,1485,77282,69.64,14.12,23069.0,36.31,0.19,25.25,31.49,30.71,Marine LE PEN,,23068.94,,,,2353.0,LE,#053061,Mauregard,1962,171.0,1.1712328767123288,2
166,1494,95509,86.07,9.25,24496.0,632.63,0.27,21.59,32.73,29.03,Emmanuel MACRON,8.0,24496.0,,,,2750.0,MACRON,#f0a399,Puiseux-en-France,1962,921.0,1.6272084805653708,2
167,1503,77294,60.8,13.51,21333.0,628.86,0.22,27.49,31.42,32.2,Jean-Luc MELENCHON,12.0,21333.33,,,,3015.0,MÃ‰LENCHON,#b2182b,Mitry-Mory,1962,11352.0,1.6200941915227631,2
168,1512,77291,44.69,12.98,21310.0,86.57,0.17,25.48,31.31,31.02,Marine LE PEN,,21310.0,,,,2753.0,LE,#053061,Le Mesnil-Amelot,1962,572.0,1.0232558139534884,2
169,1521,95250,74.61,10.64,21960.0,2637.47,0.25,19.29,32.93,28.23,Jean-Luc MELENCHON,11.0,21960.0,,,,2591.0,MÃ‰LENCHON,#b2182b,Fosses,1962,1773.0,1.4689312344656171,2
170,1530,95604,57.18,11.44,21811.0,720.84,0.28,20.08,32.51,28.97,Marine LE PEN,9.0,21810.95,,,,2473.0,LE,#053061,Survilliers,1962,1300.0,1.241642788920726,2
171,1539,95580,89.55,7.08,34466.0,341.15,0.5,21.02,32.52,29.36,François FILLON,,34466.0,,,,2645.0,FILLON,#2166ac,Saint-Witz,1962,161.0,0.5420875420875421,2
172,1548,95641,62.45,9.92,24984.0,266.14,0.32,22.48,32.22,29.9,Marine LE PEN,,24984.29,,,,2871.0,LE,#053061,Vémars,1962,551.0,1.1199186991869918,2
173,1557,77322,79.66,7.84,25258.0,197.64,0.27,21.97,32.5,29.73,Marine LE PEN,,25257.62,,,,2507.0,LE,#053061,Moussy-le-Neuf,1962,519.0,1.2689486552567235,2
174,1566,95371,79.84,9.71,25027.0,631.69,0.3,21.2,32.77,29.09,Marine LE PEN,6.0,25026.54,,,,2884.0,LE,#053061,Marly-la-Ville,1962,1466.0,1.4587064676616917,2
175,1575,95144,43.48,4.88,,22.83,0.62,21.46,32.6,28.85,François FILLON,,,,,,,FILLON,#2166ac,Châtenay-en-France,1962,69.0,1.1311475409836065,2
176,1584,77323,68.36,8.57,24581.0,136.89,0.29,22.26,32.09,29.87,Marine LE PEN,,24581.43,,,,3059.0,LE,#053061,Moussy-le-Vieux,1962,324.0,1.2908366533864541,2
177,1593,77259,56.52,14.14,23653.0,529.89,0.26,20.64,32.07,29.67,Marine LE PEN,,23652.8,,,,2696.0,LE,#053061,Longperrier,1962,341.0,0.9827089337175792,2
178,1602,77511,49.61,10.84,21332.0,84.02,0.22,23.15,31.59,30.4,Marine LE PEN,,21331.72,,,,2984.0,LE,#053061,Villeneuve-sous-Dammartin,1962,310.0,1.0726643598615917,2
179,1611,77123,71.73,7.85,24092.0,135.9,0.19,23.87,31.21,31.23,Marine LE PEN,,24092.22,,,,2599.0,LE,#053061,Compans,1962,311.0,1.2540322580645162,2
180,1620,93027,25.74,25.97,13399.0,5164.98,0.17,31.57,30.31,31.48,Jean-Luc MELENCHON,43.0,13399.33,,,,2818.0,MÃ‰LENCHON,#b2182b,La Courneuve,1962,25792.0,1.5528930098139564,2
181,1629,93001,22.12,23.42,13241.0,13079.24,0.2,33.59,29.51,32.72,Jean-Luc MELENCHON,45.0,13240.67,,,,3312.0,MÃ‰LENCHON,#b2182b,Aubervilliers,1962,70632.0,1.332427843803056,2
182,1638,95210,54.08,10.99,28985.0,6531.07,0.52,27.11,30.61,29.79,François FILLON,9.0,28984.78,,,,4514.0,FILLON,#2166ac,Enghien-les-Bains,1962,12504.0,1.1073326248671629,2
183,1647,93066,22.95,23.32,14622.0,8704.52,0.25,33.41,30.28,33.03,Jean-Luc MELENCHON,38.0,14621.5,,,,3335.0,MÃ‰LENCHON,#b2182b,Saint-Denis,1962,94264.0,1.3478030855459755,2
184,1656,92078,24.09,18.83,16843.0,8013.75,0.21,30.27,29.73,31.47,Jean-Luc MELENCHON,25.0,16843.33,,,,3234.0,MÃ‰LENCHON,#b2182b,Villeneuve-la-Garenne,1962,13780.0,3.844866071428572,2
185,1665,95197,60.39,9.76,22731.0,5785.56,0.4,27.35,31.21,29.79,Emmanuel MACRON,14.0,22731.0,,,,3231.0,MACRON,#f0a399,Deuil-la-Barre,1962,13681.0,1.4572858968896465,2
186,1674,95555,48.57,15.04,21729.0,7464.6,0.35,27.1,30.76,29.99,Emmanuel MACRON,15.0,21728.57,,,,3360.0,MACRON,#f0a399,Saint-Gratien,1962,9248.0,1.5160655737704918,2
187,1683,93072,30.37,21.43,14598.0,6461.97,0.15,29.29,30.95,30.51,Jean-Luc MELENCHON,38.0,14598.33,,,,2778.0,MÃ‰LENCHON,#b2182b,Stains,1962,27503.0,1.496191926884996,2
188,1692,93031,35.0,17.8,15844.0,11856.52,0.21,29.3,30.49,30.83,Jean-Luc MELENCHON,31.0,15843.89,,,,2619.0,MÃ‰LENCHON,#b2182b,Épinay-sur-Seine,1962,34167.0,2.100129079845104,2
189,1701,93059,36.15,21.77,14527.0,8123.48,0.17,29.01,30.89,30.36,Jean-Luc MELENCHON,37.0,14526.67,,,,2792.0,MÃ‰LENCHON,#b2182b,Pierrefitte-sur-Seine,1962,14770.0,1.2206611570247934,2
190,1710,93039,24.09,22.85,15772.0,4021.14,0.27,30.6,30.05,31.59,Jean-Luc MELENCHON,31.0,15772.0,,,,2967.0,MÃ‰LENCHON,#b2182b,L'Île-Saint-Denis,1962,3946.0,1.290385873119686,2
191,1719,92036,20.36,20.4,16716.0,3602.23,0.23,31.54,30.0,32.18,Jean-Luc MELENCHON,27.0,16716.0,,,,3788.0,MÃ‰LENCHON,#b2182b,Gennevilliers,1962,42595.0,1.6923596487742858,2
192,1728,95427,57.02,14.59,19056.0,4828.62,0.28,27.59,31.27,29.87,Jean-Luc MELENCHON,22.0,19055.59,,,,2750.0,MÃ‰LENCHON,#b2182b,Montmagny,1962,5493.0,1.5049315068493148,2
193,1737,95268,35.34,20.12,14182.0,7303.31,0.17,28.36,31.17,30.32,Jean-Luc MELENCHON,39.0,14182.0,,,,2437.0,MÃ‰LENCHON,#b2182b,Garges-lès-Gonesse,1962,10483.0,2.9646493212669682,2
194,1746,93045,38.92,14.68,22546.0,17861.11,0.43,31.8,28.79,32.29,Jean-Luc MELENCHON,16.0,22545.83,,,,5612.0,MÃ‰LENCHON,#b2182b,Les Lilas,1962,17721.0,1.0020356234096692,2
195,1755,93079,24.86,24.84,14801.0,5425.75,0.17,28.38,30.55,30.25,Jean-Luc MELENCHON,33.0,14801.0,,,,2753.0,MÃ‰LENCHON,#b2182b,Villetaneuse,1962,4892.0,1.5955642530984997,2
196,1764,95585,32.54,22.31,15074.0,6960.43,0.19,26.79,32.03,29.72,Jean-Luc MELENCHON,34.0,15073.5,,,,2263.0,MÃ‰LENCHON,#b2182b,Sarcelles,1962,35800.0,5.3737616331432,2
197,1773,95598,57.15,11.85,23743.0,4438.23,0.35,26.27,31.58,29.42,Emmanuel MACRON,12.0,23742.67,,,,3465.0,MACRON,#f0a399,Soisy-sous-Montmorency,1962,11803.0,2.0868104667609617,2
198,1782,95428,57.7,10.98,26411.0,4020.15,0.44,26.38,31.91,29.37,François FILLON,11.0,26411.11,117.0,2241278.24,10005.92,3417.0,FILLON,#2166ac,Montmorency,1962,16369.0,1.4516672578928698,2
199,1791,93006,35.04,18.1,16583.0,13429.18,0.31,31.93,28.88,32.78,Jean-Luc MELENCHON,31.0,16583.0,,,,4470.0,MÃ‰LENCHON,#b2182b,Bagnolet,1962,31591.0,1.2606648309988426,2
200,1800,94080,48.44,9.41,31451.0,25470.68,0.64,31.31,28.63,32.44,Emmanuel MACRON,8.0,31450.67,413.0,2031931.29,7426.09,7226.0,MACRON,#f0a399,Vincennes,1962,50436.0,1.0245805062365416,2
201,1809,92004,42.19,11.45,24371.0,17297.93,0.5,31.76,29.33,32.84,Emmanuel MACRON,16.0,24370.5,280.0,2242350.47,8032.56,5379.0,MACRON,#f0a399,Asnières-sur-Seine,1962,81768.0,1.13137686272882,2
202,1818,92009,52.22,10.01,28760.0,14988.08,0.52,29.59,29.07,31.84,Emmanuel MACRON,11.0,28760.0,115.0,1905505.54,5348.77,5568.0,MACRON,#f0a399,Bois-Colombes,1962,29938.0,1.1624602003572255,2
203,1827,93048,36.3,17.67,18428.0,11580.67,0.4,32.12,29.52,33.03,Jean-Luc MELENCHON,26.0,18428.0,79.0,1995166.46,6756.95,4774.0,MÃ‰LENCHON,#b2182b,Montreuil,1962,92207.0,1.320298404879865,2
204,1836,93055,32.29,17.62,16851.0,10652.87,0.35,32.53,29.1,32.32,Jean-Luc MELENCHON,29.0,16851.43,,,,4646.0,MÃ‰LENCHON,#b2182b,Pantin,1962,46292.0,1.277302577120468,2
205,1845,95369,76.46,8.4,29717.0,3934.25,0.49,23.97,32.03,28.3,Emmanuel MACRON,,29716.94,,,,3379.0,MACRON,#f0a399,Margency,1962,612.0,1.0425894378194207,2
206,1854,95680,35.77,21.85,14903.0,3757.26,0.19,25.36,31.97,29.55,Jean-Luc MELENCHON,35.0,14903.08,,,,2431.0,MÃ‰LENCHON,#b2182b,Villiers-le-Bel,1962,12797.0,3.0403896412449507,2
207,1863,95205,63.38,10.64,23629.0,958.45,0.33,23.91,32.47,28.98,Emmanuel MACRON,9.0,23628.5,,,,2822.0,MACRON,#f0a399,Écouen,1962,3024.0,1.2322738386308068,2
208,1872,95489,84.67,12.35,26431.0,175.54,0.34,23.66,32.26,28.33,François FILLON,,26431.33,,,,2844.0,FILLON,#2166ac,Piscop,1962,474.0,1.1074766355140186,2
209,1881,95539,62.26,12.82,22681.0,2397.5,0.33,25.33,31.99,29.04,François FILLON,12.0,22681.0,,,,3080.0,FILLON,#2166ac,Saint-Brice-sous-Forêt,1962,3364.0,1.2993433758207802,2
210,1890,95288,67.51,10.99,23951.0,2780.65,0.35,26.11,31.51,29.29,Emmanuel MACRON,11.0,23950.87,,,,3005.0,MACRON,#f0a399,Groslay,1962,4744.0,1.3115841857893282,2
211,1899,94052,55.37,9.88,30242.0,11355.36,0.58,30.55,28.99,32.12,Emmanuel MACRON,9.0,30241.67,294.0,2167697.41,8197.05,5568.0,MACRON,#f0a399,Nogent-sur-Marne,1962,24501.0,1.1370956513667796,2
212,1908,94033,45.64,14.03,23149.0,9448.57,0.42,30.96,29.42,32.2,Emmanuel MACRON,15.0,23149.17,246.0,2325899.38,8819.6,5193.0,MACRON,#f0a399,Fontenay-sous-Bois,1962,37484.0,1.2146467919637072,2
213,1917,95492,41.67,2.44,,16.71,0.23,22.83,32.25,28.94,François FILLON,,,,,,2347.0,FILLON,#2166ac,Le Plessis-Gassot,1962,132.0,1.168141592920354,2
214,1926,75112,30.19,10.67,27110.0,,0.59,33.62,29.18,34.48,Emmanuel MACRON,14.0,27110.0,1051.0,2173503.94,8502.38,,MACRON,#f0a399,12e Ardt,1962,161574.0,1.0516881138817833,2
215,1935,94015,69.6,8.16,29024.0,4800.9,0.5,29.73,29.4,31.64,Emmanuel MACRON,8.0,29023.67,,,,4375.0,MACRON,#f0a399,Bry-sur-Marne,1962,9046.0,1.7737254901960784,2
216,1944,77108,56.19,12.02,21726.0,3299.0,0.31,27.86,31.55,31.6,Emmanuel MACRON,15.0,21725.52,,,,3019.0,MACRON,#f0a399,Chelles,1962,28382.0,1.9878134192463928,2
217,1953,77363,80.22,6.61,25463.0,188.56,0.25,26.34,31.28,31.44,Marine LE PEN,,25462.67,,,,2921.0,LE,#053061,Le Pin,1962,613.0,1.4987775061124695,2
218,1962,92026,42.05,8.92,29389.0,21230.22,0.6,30.07,28.41,32.52,Emmanuel MACRON,10.0,29389.13,327.0,1957862.87,6981.87,6021.0,MACRON,#f0a399,Courbevoie,1962,59491.0,1.0800835148874364,2
219,1971,94054,34.59,17.81,17754.0,3195.2,0.24,27.68,30.47,31.26,Jean-Luc MELENCHON,22.0,17754.0,,,,3141.0,MÃ‰LENCHON,#b2182b,Orly,1962,17637.0,2.9311949476483297,2
220,1980,77479,58.53,11.28,24047.0,2107.24,0.33,26.97,31.35,31.23,Emmanuel MACRON,13.0,24047.39,,,,3164.0,MACRON,#f0a399,Vaires-sur-Marne,1962,6908.0,1.3048734416320362,2
221,1989,77055,50.48,11.5,21300.0,987.21,0.25,26.02,31.24,31.02,Jean-Luc MELENCHON,11.0,21300.0,,,,2601.0,MÃ‰LENCHON,#b2182b,Brou-sur-Chantereine,1962,3015.0,2.5464527027027017,2
222,1998,77517,85.91,7.99,25751.0,202.7,0.28,25.42,31.45,31.18,Marine LE PEN,,25750.67,,,,2145.0,LE,#053061,Villevaudé,1962,668.0,1.250936329588015,2
223,2007,77214,89.64,6.31,33300.0,268.45,0.44,23.87,31.22,31.15,François FILLON,,33300.0,,,,4188.0,FILLON,#2166ac,Gressy,1962,57.0,0.5480769230769231,2
224,2016,77462,57.1,7.86,22428.0,66.64,0.22,23.86,31.63,31.13,Marine LE PEN,,22428.33,,,,2834.0,LE,#053061,Thieux,1962,464.0,0.9768421052631578,2
225,2025,77153,66.88,8.85,24386.0,917.56,0.31,20.93,32.31,29.99,Marine LE PEN,7.0,24386.0,,,,2584.0,LE,#053061,Dammartin-en-Goële,1962,1678.0,1.319182389937107,2
226,2034,77118,62.7,9.86,25529.0,736.56,0.3,25.07,31.74,31.49,Marine LE PEN,7.0,25528.67,,,,3222.0,LE,#053061,Claye-Souilly,1962,3220.0,1.576113558492413,2
227,2043,77420,80.04,9.19,24674.0,610.56,0.23,21.0,31.9,30.09,Marine LE PEN,6.0,24673.5,,,,2618.0,LE,#053061,Saint-Mard,1962,1073.0,1.2361751152073732,2
228,2052,77427,86.12,6.36,25467.0,74.45,0.3,22.04,31.59,30.78,Marine LE PEN,,25466.96,,,,3040.0,LE,#053061,Saint-Mesmes,1962,234.0,0.8897338403041825,2
229,2061,77372,57.82,10.32,25351.0,485.89,0.32,25.52,31.42,30.93,Emmanuel MACRON,9.0,25351.0,,,,2992.0,MACRON,#f0a399,Pomponne,1962,1181.0,1.263101604278075,2
230,2070,77005,78.76,7.57,26606.0,246.68,0.35,24.02,31.73,30.99,Marine LE PEN,,26606.0,,,,2707.0,LE,#053061,Annet-sur-Marne,1962,1176.0,1.3023255813953492,2
231,2079,77062,78.53,6.47,26661.0,305.0,0.35,23.16,31.39,30.26,François FILLON,,26661.33,,,,3482.0,FILLON,#2166ac,Carnetin,1962,217.0,1.0187793427230047,2
232,2088,77332,79.59,5.13,25138.0,51.74,0.21,21.9,31.4,30.61,Marine LE PEN,,25138.4,,,,2514.0,LE,#053061,Nantouillet,1962,284.0,1.2085106382978723,2
233,2097,77292,68.69,5.57,26842.0,106.61,0.34,23.32,31.72,31.2,Marine LE PEN,,26842.22,,,,3053.0,LE,#053061,Messy,1962,513.0,1.0219123505976095,2
234,2106,77241,77.58,7.92,24217.0,282.82,0.23,21.29,31.67,30.31,Marine LE PEN,,24217.22,,,,2351.0,LE,#053061,Juilly,1962,823.0,0.6696501220504475,2
235,2115,77525,80.74,11.57,25123.0,67.11,0.18,20.2,31.64,30.12,Marine LE PEN,,25123.33,,,,1149.0,LE,#053061,Vinantes,1962,181.0,0.8153153153153153,2
